{"id":1702201697002,"appId":"sina.mobile.tianqitong","activityId":"com.sina.tianqitong.ui.main.Splash","appName":"天气通","appVersionCode":475,"appVersionName":"8.09","screenHeight":2310,"screenWidth":1080,"isLandscape":false,"gkdVersionCode":14,"gkdVersionName":"1.5.4","device":{"device":"HWPCT","model":"PCT-AL10","manufacturer":"HUAWEI","brand":"HONOR","sdkInt":29,"release":"10"},"nodes":[{"id":0,"pid":-1,"index":0,"idQf":null,"textQf":null,"attr":{"id":null,"name":"android.widget.FrameLayout","text":null,"desc":null,"clickable":false,"focusable":false,"checkable":false,"checked":false,"longClickable":false,"visibleToUser":true,"left":0,"top":0,"right":1080,"bottom":2310,"width":1080,"height":2310,"childCount":1,"index":0,"depth":0}},{"id":1,"pid":0,"index":0,"idQf":null,"textQf":null,"attr":{"id":null,"name":"android.widget.LinearLayout","text":null,"desc":null,"clickable":false,"focusable":false,"checkable":false,"checked":false,"longClickable":false,"visibleToUser":true,"left":0,"top":0,"right":1080,"bottom":2310,"width":1080,"height":2310,"childCount":1,"index":0,"depth":1}},{"id":2,"pid":1,"index":0,"idQf":true,"textQf":null,"attr":{"id":"android:id/content","name":"android.widget.FrameLayout","text":null,"desc":null,"clickable":false,"focusable":false,"checkable":false,"checked":false,"longClickable":false,"visibleToUser":true,"left":0,"top":0,"right":1080,"bottom":2310,"width":1080,"height":2310,"childCount":1,"index":0,"depth":2}},{"id":3,"pid":2,"index":0,"idQf":true,"textQf":null,"attr":{"id":"sina.mobile.tianqitong:id/splash_root","name":"android.widget.RelativeLayout","text":null,"desc":null,"clickable":false,"focusable":false,"checkable":false,"checked":false,"longClickable":false,"visibleToUser":true,"left":0,"top":0,"right":1080,"bottom":2310,"width":1080,"height":2310,"childCount":4,"index":0,"depth":3}},{"id":4,"pid":3,"index":0,"idQf":null,"textQf":null,"attr":{"id":null,"name":"android.widget.RelativeLayout","text":null,"desc":null,"clickable":false,"focusable":false,"checkable":false,"checked":false,"longClickable":false,"visibleToUser":true,"left":0,"top":0,"right":1080,"bottom":2310,"width":1080,"height":2310,"childCount":1,"index":0,"depth":4}},{"id":5,"pid":3,"index":1,"idQf":true,"textQf":null,"attr":{"id":"sina.mobile.tianqitong:id/splash_ad_contianer_baidu","name":"android.widget.RelativeLayout","text":null,"desc":null,"clickable":false,"focusable":false,"checkable":false,"checked":false,"longClickable":false,"visibleToUser":true,"left":0,"top":0,"right":1080,"bottom":1845,"width":1080,"height":1845,"childCount":0,"index":1,"depth":4}},{"id":6,"pid":3,"index":2,"idQf":true,"textQf":null,"attr":{"id":"sina.mobile.tianqitong:id/splash_ad_contianer_tqt_gdt","name":"android.widget.FrameLayout","text":null,"desc":null,"clickable":false,"focusable":false,"checkable":false,"checked":false,"longClickable":false,"visibleToUser":true,"left":0,"top":0,"right":1080,"bottom":1845,"width":1080,"height":1845,"childCount":1,"index":2,"depth":4}},{"id":7,"pid":3,"index":3,"idQf":true,"textQf":null,"attr":{"id":"sina.mobile.tianqitong:id/bottom_logo_container","name":"android.widget.RelativeLayout","text":null,"desc":null,"clickable":false,"focusable":false,"checkable":false,"checked":false,"longClickable":false,"visibleToUser":true,"left":0,"top":1819,"right":1080,"bottom":2182,"width":1080,"height":363,"childCount":1,"index":3,"depth":4}},{"id":8,"pid":7,"index":0,"idQf":null,"textQf":null,"attr":{"id":null,"name":"android.widget.ImageView","text":null,"desc":null,"clickable":false,"focusable":false,"checkable":false,"checked":false,"longClickable":false,"visibleToUser":true,"left":384,"top":2074,"right":696,"bottom":2182,"width":312,"height":108,"childCount":0,"index":0,"depth":5}},{"id":9,"pid":6,"index":0,"idQf":null,"textQf":null,"attr":{"id":null,"name":"android.widget.FrameLayout","text":null,"desc":null,"clickable":false,"focusable":false,"checkable":false,"checked":false,"longClickable":false,"visibleToUser":true,"left":0,"top":0,"right":1080,"bottom":1845,"width":1080,"height":1845,"childCount":1,"index":0,"depth":5}},{"id":10,"pid":9,"index":0,"idQf":null,"textQf":null,"attr":{"id":null,"name":"android.widget.FrameLayout","text":null,"desc":null,"clickable":false,"focusable":false,"checkable":false,"checked":false,"longClickable":false,"visibleToUser":true,"left":0,"top":0,"right":1080,"bottom":1845,"width":1080,"height":1845,"childCount":3,"index":0,"depth":6}},{"id":11,"pid":10,"index":0,"idQf":null,"textQf":null,"attr":{"id":null,"name":"android.widget.ImageView","text":null,"desc":null,"clickable":false,"focusable":false,"checkable":false,"checked":false,"longClickable":false,"visibleToUser":true,"left":0,"top":0,"right":1080,"bottom":1845,"width":1080,"height":1845,"childCount":0,"index":0,"depth":7}},{"id":12,"pid":10,"index":1,"idQf":null,"textQf":null,"attr":{"id":null,"name":"android.widget.FrameLayout","text":null,"desc":null,"clickable":false,"focusable":false,"checkable":false,"checked":false,"longClickable":false,"visibleToUser":true,"left":0,"top":102,"right":1080,"bottom":1845,"width":1080,"height":1743,"childCount":6,"index":1,"depth":7}},{"id":13,"pid":10,"index":2,"idQf":null,"textQf":null,"attr":{"id":null,"name":"android.widget.FrameLayout","text":null,"desc":null,"clickable":false,"focusable":false,"checkable":false,"checked":false,"longClickable":false,"visibleToUser":true,"left":0,"top":712,"right":1080,"bottom":1845,"width":1080,"height":1133,"childCount":0,"index":2,"depth":7}},{"id":14,"pid":12,"index":0,"idQf":null,"textQf":null,"attr":{"id":null,"name":"android.widget.ImageView","text":null,"desc":null,"clickable":false,"focusable":false,"checkable":false,"checked":false,"longClickable":false,"visibleToUser":true,"left":36,"top":138,"right":276,"bottom":273,"width":240,"height":135,"childCount":0,"index":0,"depth":8}},{"id":15,"pid":12,"index":1,"idQf":null,"textQf":null,"attr":{"id":null,"name":"android.widget.LinearLayout","text":null,"desc":null,"clickable":false,"focusable":false,"checkable":false,"checked":false,"longClickable":false,"visibleToUser":true,"left":884,"top":165,"right":1044,"bottom":246,"width":160,"height":81,"childCount":2,"index":1,"depth":8}},{"id":16,"pid":12,"index":2,"idQf":null,"textQf":null,"attr":{"id":null,"name":"android.widget.FrameLayout","text":null,"desc":null,"clickable":false,"focusable":false,"checkable":false,"checked":false,"longClickable":false,"visibleToUser":true,"left":360,"top":1075,"right":720,"bottom":1435,"width":360,"height":360,"childCount":2,"index":2,"depth":8}},{"id":17,"pid":12,"index":3,"idQf":null,"textQf":true,"attr":{"id":null,"name":"android.widget.TextView","text":"转动手机或点击图标","desc":null,"clickable":false,"focusable":false,"checkable":false,"checked":false,"longClickable":false,"visibleToUser":true,"left":297,"top":1528,"right":783,"bottom":1591,"width":486,"height":63,"childCount":0,"index":3,"depth":8}},{"id":18,"pid":12,"index":4,"idQf":null,"textQf":true,"attr":{"id":null,"name":"android.widget.TextView","text":"跳转详情或第三方应用","desc":null,"clickable":false,"focusable":false,"checkable":false,"checked":false,"longClickable":false,"visibleToUser":true,"left":330,"top":1613,"right":750,"bottom":1662,"width":420,"height":49,"childCount":0,"index":4,"depth":8}},{"id":19,"pid":12,"index":5,"idQf":null,"textQf":null,"attr":{"id":null,"name":"android.widget.ImageView","text":null,"desc":null,"clickable":false,"focusable":false,"checkable":false,"checked":false,"longClickable":false,"visibleToUser":true,"left":918,"top":1773,"right":1044,"bottom":1821,"width":126,"height":48,"childCount":0,"index":5,"depth":8}},{"id":20,"pid":16,"index":0,"idQf":null,"textQf":null,"attr":{"id":null,"name":"android.widget.FrameLayout","text":null,"desc":null,"clickable":false,"focusable":false,"checkable":false,"checked":false,"longClickable":false,"visibleToUser":true,"left":360,"top":1075,"right":720,"bottom":1435,"width":360,"height":360,"childCount":2,"index":0,"depth":9}},{"id":21,"pid":16,"index":1,"idQf":null,"textQf":null,"attr":{"id":null,"name":"android.widget.ImageView","text":null,"desc":null,"clickable":false,"focusable":false,"checkable":false,"checked":false,"longClickable":false,"visibleToUser":true,"left":444,"top":1177,"right":636,"bottom":1369,"width":192,"height":192,"childCount":0,"index":1,"depth":9}},{"id":22,"pid":20,"index":0,"idQf":null,"textQf":null,"attr":{"id":null,"name":"android.view.View","text":null,"desc":null,"clickable":false,"focusable":false,"checkable":false,"checked":false,"longClickable":false,"visibleToUser":true,"left":360,"top":1075,"right":720,"bottom":1435,"width":360,"height":360,"childCount":0,"index":0,"depth":10}},{"id":23,"pid":20,"index":1,"idQf":null,"textQf":null,"attr":{"id":null,"name":"android.view.View","text":null,"desc":null,"clickable":false,"focusable":false,"checkable":false,"checked":false,"longClickable":false,"visibleToUser":true,"left":360,"top":1075,"right":720,"bottom":1435,"width":360,"height":360,"childCount":0,"index":1,"depth":10}},{"id":24,"pid":15,"index":0,"idQf":null,"textQf":true,"attr":{"id":null,"name":"android.widget.TextView","text":"跳过 ","desc":null,"clickable":false,"focusable":false,"checkable":false,"checked":false,"longClickable":false,"visibleToUser":true,"left":908,"top":165,"right":998,"bottom":246,"width":90,"height":81,"childCount":0,"index":0,"depth":9}},{"id":25,"pid":15,"index":1,"idQf":null,"textQf":false,"attr":{"id":null,"name":"android.widget.TextView","text":"5","desc":null,"clickable":false,"focusable":false,"checkable":false,"checked":false,"longClickable":false,"visibleToUser":true,"left":998,"top":165,"right":1020,"bottom":246,"width":22,"height":81,"childCount":0,"index":1,"depth":9}},{"id":26,"pid":4,"index":0,"idQf":null,"textQf":null,"attr":{"id":null,"name":"android.widget.ImageView","text":null,"desc":null,"clickable":false,"focusable":false,"checkable":false,"checked":false,"longClickable":false,"visibleToUser":true,"left":150,"top":391,"right":930,"bottom":1711,"width":780,"height":1320,"childCount":0,"index":0,"depth":5}}]}