{"id":1701933199803,"appId":"com.huawei.android.thememanager","activityId":"com.huawei.android.thememanager.mvp.view.activity.onlinetheme.OnlineThemePreviewActivity","appName":"主题","appVersionCode":120024320,"appVersionName":"12.0.24.320","screenHeight":2720,"screenWidth":1260,"isLandscape":false,"gkdVersionCode":14,"gkdVersionName":"1.5.4","device":{"device":"HWALN","model":"ALN-AL00","manufacturer":"HUAWEI","brand":"HUAWEI","sdkInt":31,"release":"12"},"nodes":[{"id":0,"pid":-1,"index":0,"idQf":null,"textQf":null,"attr":{"id":null,"name":"android.widget.FrameLayout","text":null,"desc":null,"clickable":false,"focusable":false,"checkable":false,"checked":false,"longClickable":false,"visibleToUser":true,"left":0,"top":0,"right":1260,"bottom":2720,"width":1260,"height":2720,"childCount":4,"index":0,"depth":0}},{"id":1,"pid":0,"index":0,"idQf":null,"textQf":null,"attr":{"id":null,"name":"android.widget.RelativeLayout","text":null,"desc":null,"clickable":false,"focusable":false,"checkable":false,"checked":false,"longClickable":false,"visibleToUser":true,"left":0,"top":0,"right":1260,"bottom":2720,"width":1260,"height":2720,"childCount":0,"index":0,"depth":1}},{"id":2,"pid":0,"index":1,"idQf":null,"textQf":null,"attr":{"id":null,"name":"android.widget.RelativeLayout","text":null,"desc":null,"clickable":false,"focusable":false,"checkable":false,"checked":false,"longClickable":false,"visibleToUser":true,"left":0,"top":0,"right":1260,"bottom":2720,"width":1260,"height":2720,"childCount":0,"index":1,"depth":1}},{"id":3,"pid":0,"index":2,"idQf":null,"textQf":null,"attr":{"id":null,"name":"android.widget.LinearLayout","text":null,"desc":null,"clickable":false,"focusable":false,"checkable":false,"checked":false,"longClickable":false,"visibleToUser":true,"left":0,"top":0,"right":1260,"bottom":2720,"width":1260,"height":2720,"childCount":1,"index":2,"depth":1}},{"id":4,"pid":0,"index":3,"idQf":true,"textQf":null,"attr":{"id":"android:id/statusBarBackground","name":"android.view.View","text":null,"desc":null,"clickable":false,"focusable":false,"checkable":false,"checked":false,"longClickable":false,"visibleToUser":false,"left":0,"top":0,"right":1260,"bottom":130,"width":1260,"height":130,"childCount":0,"index":3,"depth":1}},{"id":5,"pid":3,"index":0,"idQf":true,"textQf":null,"attr":{"id":"android:id/content","name":"android.widget.FrameLayout","text":null,"desc":null,"clickable":false,"focusable":false,"checkable":false,"checked":false,"longClickable":false,"visibleToUser":true,"left":0,"top":0,"right":1260,"bottom":2720,"width":1260,"height":2720,"childCount":1,"index":0,"depth":2}},{"id":6,"pid":5,"index":0,"idQf":true,"textQf":null,"attr":{"id":"com.huawei.android.thememanager:id/rl_bg","name":"android.widget.RelativeLayout","text":null,"desc":null,"clickable":false,"focusable":false,"checkable":false,"checked":false,"longClickable":false,"visibleToUser":true,"left":0,"top":0,"right":1260,"bottom":2720,"width":1260,"height":2720,"childCount":4,"index":0,"depth":3}},{"id":7,"pid":6,"index":0,"idQf":true,"textQf":null,"attr":{"id":"com.huawei.android.thememanager:id/ll_top_place_view","name":"android.widget.LinearLayout","text":null,"desc":null,"clickable":false,"focusable":false,"checkable":false,"checked":false,"longClickable":false,"visibleToUser":false,"left":0,"top":0,"right":1260,"bottom":0,"width":1260,"height":0,"childCount":1,"index":0,"depth":4}},{"id":8,"pid":6,"index":1,"idQf":true,"textQf":null,"attr":{"id":"com.huawei.android.thememanager:id/container_fragment","name":"android.widget.FrameLayout","text":null,"desc":null,"clickable":false,"focusable":false,"checkable":false,"checked":false,"longClickable":false,"visibleToUser":true,"left":0,"top":0,"right":1260,"bottom":2720,"width":1260,"height":2720,"childCount":0,"index":1,"depth":4}},{"id":9,"pid":6,"index":2,"idQf":true,"textQf":null,"attr":{"id":"com.huawei.android.thememanager:id/fl_container","name":"android.widget.FrameLayout","text":null,"desc":null,"clickable":false,"focusable":false,"checkable":false,"checked":false,"longClickable":false,"visibleToUser":true,"left":0,"top":0,"right":1260,"bottom":2720,"width":1260,"height":2720,"childCount":1,"index":2,"depth":4}},{"id":10,"pid":6,"index":3,"idQf":true,"textQf":null,"attr":{"id":"com.huawei.android.thememanager:id/base_ll_toolbar","name":"android.widget.LinearLayout","text":null,"desc":null,"clickable":false,"focusable":false,"checkable":false,"checked":false,"longClickable":false,"visibleToUser":true,"left":0,"top":0,"right":1260,"bottom":290,"width":1260,"height":290,"childCount":2,"index":3,"depth":4}},{"id":11,"pid":10,"index":0,"idQf":true,"textQf":null,"attr":{"id":"com.huawei.android.thememanager:id/status_empty_view","name":"android.view.View","text":null,"desc":null,"clickable":false,"focusable":false,"checkable":false,"checked":false,"longClickable":false,"visibleToUser":false,"left":0,"top":0,"right":1260,"bottom":130,"width":1260,"height":130,"childCount":0,"index":0,"depth":5}},{"id":12,"pid":10,"index":1,"idQf":null,"textQf":null,"attr":{"id":null,"name":"android.widget.RelativeLayout","text":null,"desc":null,"clickable":false,"focusable":false,"checkable":false,"checked":false,"longClickable":false,"visibleToUser":true,"left":0,"top":130,"right":1260,"bottom":290,"width":1260,"height":160,"childCount":1,"index":1,"depth":5}},{"id":13,"pid":12,"index":0,"idQf":true,"textQf":null,"attr":{"id":"com.huawei.android.thememanager:id/hw_toolbar_adapter","name":"android.widget.RelativeLayout","text":null,"desc":null,"clickable":false,"focusable":false,"checkable":false,"checked":false,"longClickable":false,"visibleToUser":true,"left":0,"top":130,"right":1260,"bottom":290,"width":1260,"height":160,"childCount":1,"index":0,"depth":6}},{"id":14,"pid":13,"index":0,"idQf":true,"textQf":null,"attr":{"id":"com.huawei.android.thememanager:id/hw_toolbar","name":"android.view.ViewGroup","text":null,"desc":null,"clickable":false,"focusable":false,"checkable":false,"checked":false,"longClickable":false,"visibleToUser":true,"left":0,"top":130,"right":1260,"bottom":290,"width":1260,"height":160,"childCount":3,"index":0,"depth":7}},{"id":15,"pid":14,"index":0,"idQf":null,"textQf":null,"attr":{"id":null,"name":"android.widget.ImageButton","text":null,"desc":"向上导航","clickable":true,"focusable":true,"checkable":false,"checked":false,"longClickable":false,"visibleToUser":true,"left":34,"top":141,"right":171,"bottom":278,"width":137,"height":137,"childCount":0,"index":0,"depth":8}},{"id":16,"pid":14,"index":1,"idQf":true,"textQf":null,"attr":{"id":"com.huawei.android.thememanager:id/count_base_rl","name":"android.widget.RelativeLayout","text":null,"desc":null,"clickable":false,"focusable":false,"checkable":false,"checked":false,"longClickable":false,"visibleToUser":true,"left":171,"top":152,"right":939,"bottom":267,"width":768,"height":115,"childCount":2,"index":1,"depth":8}},{"id":17,"pid":14,"index":2,"idQf":null,"textQf":null,"attr":{"id":null,"name":"android.widget.LinearLayout","text":null,"desc":null,"clickable":false,"focusable":false,"checkable":false,"checked":false,"longClickable":false,"visibleToUser":true,"left":939,"top":141,"right":1220,"bottom":278,"width":281,"height":137,"childCount":2,"index":2,"depth":8}},{"id":18,"pid":17,"index":0,"idQf":true,"textQf":null,"attr":{"id":"com.huawei.android.thememanager:id/action_giving","name":"android.widget.ImageView","text":null,"desc":"赠送礼物","clickable":true,"focusable":true,"checkable":false,"checked":false,"longClickable":false,"visibleToUser":true,"left":939,"top":155,"right":1065,"bottom":264,"width":126,"height":109,"childCount":0,"index":0,"depth":9}},{"id":19,"pid":17,"index":1,"idQf":true,"textQf":null,"attr":{"id":"com.huawei.android.thememanager:id/action_more","name":"android.widget.TextView","text":null,"desc":"更多","clickable":true,"focusable":true,"checkable":false,"checked":false,"longClickable":true,"visibleToUser":true,"left":1065,"top":164,"right":1220,"bottom":255,"width":155,"height":91,"childCount":0,"index":1,"depth":9}},{"id":20,"pid":16,"index":0,"idQf":true,"textQf":null,"attr":{"id":"com.huawei.android.thememanager:id/search_plate_details","name":"android.widget.LinearLayout","text":null,"desc":null,"clickable":true,"focusable":true,"checkable":false,"checked":false,"longClickable":false,"visibleToUser":true,"left":182,"top":152,"right":916,"bottom":267,"width":734,"height":115,"childCount":2,"index":0,"depth":9}},{"id":21,"pid":16,"index":1,"idQf":true,"textQf":null,"attr":{"id":"com.huawei.android.thememanager:id/ll_right_title","name":"android.widget.LinearLayout","text":null,"desc":null,"clickable":false,"focusable":false,"checkable":false,"checked":false,"longClickable":false,"visibleToUser":false,"left":939,"top":209,"right":939,"bottom":209,"width":0,"height":0,"childCount":0,"index":1,"depth":9}},{"id":22,"pid":20,"index":0,"idQf":true,"textQf":null,"attr":{"id":"com.huawei.android.thememanager:id/search_src_icon","name":"android.widget.ImageView","text":null,"desc":null,"clickable":false,"focusable":false,"checkable":false,"checked":false,"longClickable":false,"visibleToUser":true,"left":216,"top":186,"right":262,"bottom":232,"width":46,"height":46,"childCount":0,"index":0,"depth":10}},{"id":23,"pid":20,"index":1,"idQf":true,"textQf":null,"attr":{"id":"com.huawei.android.thememanager:id/promo_view_flipper","name":"android.widget.ViewFlipper","text":null,"desc":null,"clickable":false,"focusable":false,"checkable":false,"checked":false,"longClickable":false,"visibleToUser":true,"left":285,"top":158,"right":893,"bottom":261,"width":608,"height":103,"childCount":1,"index":1,"depth":10}},{"id":24,"pid":23,"index":0,"idQf":true,"textQf":true,"attr":{"id":"com.huawei.android.thememanager:id/searchText","name":"android.widget.TextView","text":"VIP专享","desc":null,"clickable":false,"focusable":false,"checkable":false,"checked":false,"longClickable":false,"visibleToUser":true,"left":285,"top":158,"right":893,"bottom":261,"width":608,"height":103,"childCount":0,"index":0,"depth":11}},{"id":25,"pid":9,"index":0,"idQf":null,"textQf":null,"attr":{"id":null,"name":"android.widget.FrameLayout","text":null,"desc":null,"clickable":false,"focusable":false,"checkable":false,"checked":false,"longClickable":false,"visibleToUser":true,"left":0,"top":0,"right":1260,"bottom":2720,"width":1260,"height":2720,"childCount":1,"index":0,"depth":5}},{"id":26,"pid":25,"index":0,"idQf":true,"textQf":null,"attr":{"id":"com.huawei.android.thememanager:id/rl_font_bg","name":"android.widget.RelativeLayout","text":null,"desc":null,"clickable":false,"focusable":false,"checkable":false,"checked":false,"longClickable":false,"visibleToUser":true,"left":0,"top":0,"right":1260,"bottom":2720,"width":1260,"height":2720,"childCount":5,"index":0,"depth":6}},{"id":27,"pid":26,"index":0,"idQf":true,"textQf":null,"attr":{"id":"com.huawei.android.thememanager:id/detail_recycle_view","name":"androidx.recyclerview.widget.RecyclerView","text":null,"desc":null,"clickable":false,"focusable":true,"checkable":false,"checked":false,"longClickable":false,"visibleToUser":true,"left":0,"top":0,"right":1260,"bottom":2720,"width":1260,"height":2720,"childCount":1,"index":0,"depth":7}},{"id":28,"pid":26,"index":1,"idQf":true,"textQf":null,"attr":{"id":"com.huawei.android.thememanager:id/adv_loacl_preview_live_ad","name":"android.widget.FrameLayout","text":null,"desc":null,"clickable":false,"focusable":false,"checkable":false,"checked":false,"longClickable":false,"visibleToUser":true,"left":1025,"top":0,"right":1260,"bottom":152,"width":235,"height":152,"childCount":0,"index":1,"depth":7}},{"id":29,"pid":26,"index":2,"idQf":true,"textQf":null,"attr":{"id":"com.huawei.android.thememanager:id/res_state_area","name":"android.widget.RelativeLayout","text":null,"desc":null,"clickable":false,"focusable":false,"checkable":false,"checked":false,"longClickable":false,"visibleToUser":false,"left":0,"top":2531,"right":1260,"bottom":2531,"width":1260,"height":0,"childCount":0,"index":2,"depth":7}},{"id":30,"pid":26,"index":3,"idQf":true,"textQf":null,"attr":{"id":"com.huawei.android.thememanager:id/free_download_ad","name":"android.widget.RelativeLayout","text":null,"desc":null,"clickable":false,"focusable":false,"checkable":false,"checked":false,"longClickable":false,"visibleToUser":false,"left":0,"top":2531,"right":1260,"bottom":2531,"width":1260,"height":0,"childCount":1,"index":3,"depth":7}},{"id":31,"pid":26,"index":4,"idQf":true,"textQf":null,"attr":{"id":"com.huawei.android.thememanager:id/toolbar_layout","name":"android.widget.RelativeLayout","text":null,"desc":null,"clickable":true,"focusable":true,"checkable":false,"checked":false,"longClickable":false,"visibleToUser":true,"left":0,"top":2531,"right":1260,"bottom":2720,"width":1260,"height":189,"childCount":3,"index":4,"depth":7}},{"id":32,"pid":31,"index":0,"idQf":true,"textQf":null,"attr":{"id":"com.huawei.android.thememanager:id/update_download_apply_area","name":"android.widget.LinearLayout","text":null,"desc":null,"clickable":false,"focusable":false,"checkable":false,"checked":false,"longClickable":false,"visibleToUser":true,"left":69,"top":2531,"right":1088,"bottom":2720,"width":1019,"height":189,"childCount":2,"index":0,"depth":8}},{"id":33,"pid":31,"index":1,"idQf":true,"textQf":null,"attr":{"id":"com.huawei.android.thememanager:id/engine_install_area","name":"android.widget.LinearLayout","text":null,"desc":null,"clickable":false,"focusable":false,"checkable":false,"checked":false,"longClickable":false,"visibleToUser":false,"left":298,"top":2625,"right":962,"bottom":2625,"width":664,"height":0,"childCount":0,"index":1,"depth":8}},{"id":34,"pid":31,"index":2,"idQf":true,"textQf":null,"attr":{"id":"com.huawei.android.thememanager:id/toolbar_dot_right","name":"android.widget.Button","text":null,"desc":"收藏 1.1w","clickable":true,"focusable":true,"checkable":false,"checked":false,"longClickable":false,"visibleToUser":true,"left":1122,"top":2557,"right":1191,"bottom":2693,"width":69,"height":136,"childCount":2,"index":2,"depth":8}},{"id":35,"pid":34,"index":0,"idQf":true,"textQf":null,"attr":{"id":"com.huawei.android.thememanager:id/layout_img_thumbs_up","name":"android.view.ViewGroup","text":null,"desc":null,"clickable":false,"focusable":false,"checkable":false,"checked":false,"longClickable":false,"visibleToUser":true,"left":1122,"top":2574,"right":1191,"bottom":2643,"width":69,"height":69,"childCount":1,"index":0,"depth":9}},{"id":36,"pid":34,"index":1,"idQf":true,"textQf":true,"attr":{"id":"com.huawei.android.thememanager:id/toolbar_textview","name":"android.widget.TextView","text":"1.1w","desc":null,"clickable":false,"focusable":false,"checkable":false,"checked":false,"longClickable":false,"visibleToUser":true,"left":1131,"top":2643,"right":1181,"bottom":2682,"width":50,"height":39,"childCount":0,"index":1,"depth":9}},{"id":37,"pid":35,"index":0,"idQf":true,"textQf":null,"attr":{"id":"com.huawei.android.thememanager:id/toolbar_imageview","name":"android.widget.ImageView","text":null,"desc":null,"clickable":false,"focusable":false,"checkable":false,"checked":false,"longClickable":false,"visibleToUser":true,"left":1122,"top":2574,"right":1191,"bottom":2643,"width":69,"height":69,"childCount":0,"index":0,"depth":10}},{"id":38,"pid":32,"index":0,"idQf":true,"textQf":null,"attr":{"id":"com.huawei.android.thememanager:id/creative_diy","name":"android.widget.Button","text":null,"desc":"创意混搭","clickable":true,"focusable":true,"checkable":false,"checked":false,"longClickable":false,"visibleToUser":true,"left":69,"top":2577,"right":561,"bottom":2674,"width":492,"height":97,"childCount":0,"index":0,"depth":9}},{"id":39,"pid":32,"index":1,"idQf":true,"textQf":null,"attr":{"id":"com.huawei.android.thememanager:id/apply_button","name":"android.widget.Button","text":null,"desc":"应用","clickable":true,"focusable":true,"checkable":false,"checked":false,"longClickable":false,"visibleToUser":true,"left":595,"top":2577,"right":1088,"bottom":2674,"width":493,"height":97,"childCount":0,"index":1,"depth":9}},{"id":40,"pid":30,"index":0,"idQf":true,"textQf":null,"attr":{"id":"com.huawei.android.thememanager:id/free_download_ad_iv","name":"android.widget.ImageView","text":null,"desc":null,"clickable":false,"focusable":false,"checkable":false,"checked":false,"longClickable":false,"visibleToUser":false,"left":0,"top":2531,"right":1260,"bottom":2531,"width":1260,"height":0,"childCount":0,"index":0,"depth":8}},{"id":41,"pid":27,"index":0,"idQf":null,"textQf":null,"attr":{"id":null,"name":"android.widget.LinearLayout","text":null,"desc":null,"clickable":false,"focusable":false,"checkable":false,"checked":false,"longClickable":false,"visibleToUser":true,"left":0,"top":290,"right":1260,"bottom":2720,"width":1260,"height":2430,"childCount":12,"index":0,"depth":8}},{"id":42,"pid":41,"index":0,"idQf":null,"textQf":null,"attr":{"id":null,"name":"android.widget.HorizontalScrollView","text":null,"desc":null,"clickable":false,"focusable":true,"checkable":false,"checked":false,"longClickable":false,"visibleToUser":true,"left":0,"top":313,"right":1260,"bottom":1373,"width":1260,"height":1060,"childCount":1,"index":0,"depth":9}},{"id":43,"pid":41,"index":1,"idQf":true,"textQf":null,"attr":{"id":"com.huawei.android.thememanager:id/item_info_root","name":"android.widget.FrameLayout","text":null,"desc":null,"clickable":false,"focusable":false,"checkable":false,"checked":false,"longClickable":false,"visibleToUser":true,"left":0,"top":1407,"right":1260,"bottom":1565,"width":1260,"height":158,"childCount":1,"index":1,"depth":9}},{"id":44,"pid":41,"index":2,"idQf":true,"textQf":null,"attr":{"id":"com.huawei.android.thememanager:id/blank_view","name":"android.widget.ImageView","text":null,"desc":null,"clickable":false,"focusable":false,"checkable":false,"checked":false,"longClickable":false,"visibleToUser":false,"left":0,"top":1588,"right":1260,"bottom":1588,"width":1260,"height":0,"childCount":0,"index":2,"depth":9}},{"id":45,"pid":41,"index":3,"idQf":true,"textQf":null,"attr":{"id":"com.huawei.android.thememanager:id/theme_label","name":"android.widget.LinearLayout","text":null,"desc":null,"clickable":false,"focusable":false,"checkable":false,"checked":false,"longClickable":false,"visibleToUser":true,"left":0,"top":1588,"right":1260,"bottom":1668,"width":1260,"height":80,"childCount":1,"index":3,"depth":9}},{"id":46,"pid":41,"index":4,"idQf":true,"textQf":null,"attr":{"id":"com.huawei.android.thememanager:id/layout_pps_sdk_ad","name":"android.widget.FrameLayout","text":null,"desc":null,"clickable":false,"focusable":false,"checkable":false,"checked":false,"longClickable":false,"visibleToUser":true,"left":0,"top":1668,"right":1260,"bottom":2344,"width":1260,"height":676,"childCount":1,"index":4,"depth":9}},{"id":47,"pid":41,"index":5,"idQf":true,"textQf":null,"attr":{"id":"com.huawei.android.thememanager:id/item_info_abstract_introduce","name":"android.widget.FrameLayout","text":null,"desc":null,"clickable":false,"focusable":false,"checkable":false,"checked":false,"longClickable":false,"visibleToUser":true,"left":0,"top":2344,"right":1260,"bottom":2516,"width":1260,"height":172,"childCount":1,"index":5,"depth":9}},{"id":48,"pid":41,"index":6,"idQf":true,"textQf":null,"attr":{"id":"com.huawei.android.thememanager:id/space_down_pps","name":"android.view.View","text":null,"desc":null,"clickable":false,"focusable":false,"checkable":false,"checked":false,"longClickable":false,"visibleToUser":true,"left":0,"top":2516,"right":1260,"bottom":2539,"width":1260,"height":23,"childCount":0,"index":6,"depth":9}},{"id":49,"pid":41,"index":7,"idQf":true,"textQf":null,"attr":{"id":"com.huawei.android.thememanager:id/designer_root_view","name":"android.widget.LinearLayout","text":null,"desc":null,"clickable":true,"focusable":true,"checkable":false,"checked":false,"longClickable":false,"visibleToUser":true,"left":0,"top":2539,"right":1260,"bottom":2705,"width":1260,"height":166,"childCount":2,"index":7,"depth":9}},{"id":50,"pid":41,"index":8,"idQf":true,"textQf":null,"attr":{"id":"com.huawei.android.thememanager:id/same_similar_listview","name":"android.widget.LinearLayout","text":null,"desc":null,"clickable":false,"focusable":false,"checkable":false,"checked":false,"longClickable":false,"visibleToUser":true,"left":0,"top":2705,"right":1260,"bottom":2720,"width":1260,"height":15,"childCount":1,"index":8,"depth":9}},{"id":51,"pid":41,"index":9,"idQf":true,"textQf":null,"attr":{"id":"com.huawei.android.thememanager:id/similiar_wallpaper_layout","name":"android.widget.LinearLayout","text":null,"desc":null,"clickable":false,"focusable":false,"checkable":false,"checked":false,"longClickable":false,"visibleToUser":false,"left":0,"top":3582,"right":1260,"bottom":2720,"width":1260,"height":-862,"childCount":0,"index":9,"depth":9}},{"id":52,"pid":41,"index":10,"idQf":true,"textQf":null,"attr":{"id":"com.huawei.android.thememanager:id/font_similiar_listview","name":"android.widget.LinearLayout","text":null,"desc":null,"clickable":false,"focusable":true,"checkable":false,"checked":false,"longClickable":false,"visibleToUser":false,"left":0,"top":3582,"right":1260,"bottom":2720,"width":1260,"height":-862,"childCount":0,"index":10,"depth":9}},{"id":53,"pid":41,"index":11,"idQf":true,"textQf":null,"attr":{"id":"com.huawei.android.thememanager:id/similiar_theme_listview","name":"android.widget.LinearLayout","text":null,"desc":null,"clickable":false,"focusable":false,"checkable":false,"checked":false,"longClickable":false,"visibleToUser":false,"left":0,"top":3582,"right":1260,"bottom":2720,"width":1260,"height":-862,"childCount":0,"index":11,"depth":9}},{"id":54,"pid":50,"index":0,"idQf":null,"textQf":null,"attr":{"id":null,"name":"android.widget.LinearLayout","text":null,"desc":null,"clickable":false,"focusable":false,"checkable":false,"checked":false,"longClickable":false,"visibleToUser":true,"left":0,"top":2705,"right":1260,"bottom":2720,"width":1260,"height":15,"childCount":1,"index":0,"depth":10}},{"id":55,"pid":54,"index":0,"idQf":true,"textQf":null,"attr":{"id":"com.huawei.android.thememanager:id/horizontal_recyclerview","name":"androidx.recyclerview.widget.RecyclerView","text":null,"desc":null,"clickable":true,"focusable":false,"checkable":false,"checked":false,"longClickable":false,"visibleToUser":false,"left":0,"top":2728,"right":1260,"bottom":2720,"width":1260,"height":-8,"childCount":4,"index":0,"depth":11}},{"id":56,"pid":55,"index":0,"idQf":true,"textQf":null,"attr":{"id":"com.huawei.android.thememanager:id/grid_item_root","name":"android.widget.RelativeLayout","text":null,"desc":null,"clickable":true,"focusable":true,"checkable":false,"checked":false,"longClickable":false,"visibleToUser":false,"left":69,"top":2751,"right":427,"bottom":2720,"width":358,"height":-31,"childCount":5,"index":0,"depth":12}},{"id":57,"pid":55,"index":1,"idQf":true,"textQf":null,"attr":{"id":"com.huawei.android.thememanager:id/grid_item_root","name":"android.widget.RelativeLayout","text":null,"desc":null,"clickable":true,"focusable":true,"checkable":false,"checked":false,"longClickable":false,"visibleToUser":false,"left":450,"top":2751,"right":808,"bottom":2720,"width":358,"height":-31,"childCount":5,"index":1,"depth":12}},{"id":58,"pid":55,"index":2,"idQf":true,"textQf":null,"attr":{"id":"com.huawei.android.thememanager:id/grid_item_root","name":"android.widget.RelativeLayout","text":null,"desc":null,"clickable":true,"focusable":true,"checkable":false,"checked":false,"longClickable":false,"visibleToUser":false,"left":831,"top":2751,"right":1189,"bottom":2720,"width":358,"height":-31,"childCount":5,"index":2,"depth":12}},{"id":59,"pid":55,"index":3,"idQf":true,"textQf":null,"attr":{"id":"com.huawei.android.thememanager:id/grid_item_root","name":"android.widget.RelativeLayout","text":null,"desc":null,"clickable":true,"focusable":true,"checkable":false,"checked":false,"longClickable":false,"visibleToUser":false,"left":1212,"top":2751,"right":1260,"bottom":2720,"width":48,"height":-31,"childCount":5,"index":3,"depth":12}},{"id":60,"pid":59,"index":0,"idQf":true,"textQf":null,"attr":{"id":"com.huawei.android.thememanager:id/image_item","name":"android.widget.ImageView","text":null,"desc":null,"clickable":false,"focusable":false,"checkable":false,"checked":false,"longClickable":false,"visibleToUser":false,"left":1212,"top":2751,"right":1260,"bottom":2720,"width":48,"height":-31,"childCount":0,"index":0,"depth":13}},{"id":61,"pid":59,"index":1,"idQf":true,"textQf":null,"attr":{"id":"com.huawei.android.thememanager:id/image_mask_item","name":"android.widget.ImageView","text":null,"desc":null,"clickable":false,"focusable":false,"checkable":false,"checked":false,"longClickable":false,"visibleToUser":false,"left":1212,"top":2751,"right":1260,"bottom":2720,"width":48,"height":-31,"childCount":0,"index":1,"depth":13}},{"id":62,"pid":59,"index":2,"idQf":true,"textQf":null,"attr":{"id":"com.huawei.android.thememanager:id/image_type","name":"android.widget.ImageView","text":null,"desc":null,"clickable":false,"focusable":false,"checkable":false,"checked":false,"longClickable":false,"visibleToUser":false,"left":1223,"top":3319,"right":1260,"bottom":2720,"width":37,"height":-599,"childCount":0,"index":2,"depth":13}},{"id":63,"pid":59,"index":3,"idQf":true,"textQf":null,"attr":{"id":"com.huawei.android.thememanager:id/name_layout","name":"android.widget.RelativeLayout","text":null,"desc":null,"clickable":false,"focusable":false,"checkable":false,"checked":false,"longClickable":false,"visibleToUser":false,"left":1212,"top":3410,"right":1260,"bottom":2720,"width":48,"height":-690,"childCount":1,"index":3,"depth":13}},{"id":64,"pid":59,"index":4,"idQf":true,"textQf":null,"attr":{"id":"com.huawei.android.thememanager:id/price_layout","name":"android.widget.LinearLayout","text":null,"desc":null,"clickable":false,"focusable":false,"checkable":false,"checked":false,"longClickable":false,"visibleToUser":false,"left":1212,"top":3464,"right":1260,"bottom":2720,"width":48,"height":-744,"childCount":2,"index":4,"depth":13}},{"id":65,"pid":64,"index":0,"idQf":true,"textQf":true,"attr":{"id":"com.huawei.android.thememanager:id/item_price","name":"android.widget.TextView","text":"VIP免费","desc":null,"clickable":false,"focusable":false,"checkable":false,"checked":false,"longClickable":false,"visibleToUser":false,"left":1212,"top":3464,"right":1260,"bottom":2720,"width":48,"height":-744,"childCount":0,"index":0,"depth":14}},{"id":66,"pid":64,"index":1,"idQf":true,"textQf":true,"attr":{"id":"com.huawei.android.thememanager:id/item_original_price","name":"android.widget.TextView","text":"¥9.00","desc":null,"clickable":false,"focusable":false,"checkable":false,"checked":false,"longClickable":false,"visibleToUser":false,"left":1353,"top":3464,"right":1260,"bottom":2720,"width":-93,"height":-744,"childCount":0,"index":1,"depth":14}},{"id":67,"pid":63,"index":0,"idQf":true,"textQf":true,"attr":{"id":"com.huawei.android.thememanager:id/item_name","name":"android.widget.TextView","text":"时间感知 静谧书房","desc":null,"clickable":false,"focusable":false,"checkable":false,"checked":false,"longClickable":false,"visibleToUser":false,"left":1212,"top":3410,"right":1260,"bottom":2720,"width":48,"height":-690,"childCount":0,"index":0,"depth":14}},{"id":68,"pid":58,"index":0,"idQf":true,"textQf":null,"attr":{"id":"com.huawei.android.thememanager:id/image_item","name":"android.widget.ImageView","text":null,"desc":null,"clickable":false,"focusable":false,"checkable":false,"checked":false,"longClickable":false,"visibleToUser":false,"left":831,"top":2751,"right":1189,"bottom":2720,"width":358,"height":-31,"childCount":0,"index":0,"depth":13}},{"id":69,"pid":58,"index":1,"idQf":true,"textQf":null,"attr":{"id":"com.huawei.android.thememanager:id/image_mask_item","name":"android.widget.ImageView","text":null,"desc":null,"clickable":false,"focusable":false,"checkable":false,"checked":false,"longClickable":false,"visibleToUser":false,"left":831,"top":2751,"right":1189,"bottom":2720,"width":358,"height":-31,"childCount":0,"index":1,"depth":13}},{"id":70,"pid":58,"index":2,"idQf":true,"textQf":null,"attr":{"id":"com.huawei.android.thememanager:id/image_type","name":"android.widget.ImageView","text":null,"desc":null,"clickable":false,"focusable":false,"checkable":false,"checked":false,"longClickable":false,"visibleToUser":false,"left":842,"top":3319,"right":915,"bottom":2720,"width":73,"height":-599,"childCount":0,"index":2,"depth":13}},{"id":71,"pid":58,"index":3,"idQf":true,"textQf":null,"attr":{"id":"com.huawei.android.thememanager:id/name_layout","name":"android.widget.RelativeLayout","text":null,"desc":null,"clickable":false,"focusable":false,"checkable":false,"checked":false,"longClickable":false,"visibleToUser":false,"left":831,"top":3410,"right":1189,"bottom":2720,"width":358,"height":-690,"childCount":1,"index":3,"depth":13}},{"id":72,"pid":58,"index":4,"idQf":true,"textQf":null,"attr":{"id":"com.huawei.android.thememanager:id/price_layout","name":"android.widget.LinearLayout","text":null,"desc":null,"clickable":false,"focusable":false,"checkable":false,"checked":false,"longClickable":false,"visibleToUser":false,"left":831,"top":3464,"right":1189,"bottom":2720,"width":358,"height":-744,"childCount":2,"index":4,"depth":13}},{"id":73,"pid":72,"index":0,"idQf":true,"textQf":true,"attr":{"id":"com.huawei.android.thememanager:id/item_price","name":"android.widget.TextView","text":"VIP免费","desc":null,"clickable":false,"focusable":false,"checkable":false,"checked":false,"longClickable":false,"visibleToUser":false,"left":831,"top":3464,"right":949,"bottom":2720,"width":118,"height":-744,"childCount":0,"index":0,"depth":14}},{"id":74,"pid":72,"index":1,"idQf":true,"textQf":true,"attr":{"id":"com.huawei.android.thememanager:id/item_original_price","name":"android.widget.TextView","text":"¥9.00","desc":null,"clickable":false,"focusable":false,"checkable":false,"checked":false,"longClickable":false,"visibleToUser":false,"left":972,"top":3464,"right":1059,"bottom":2720,"width":87,"height":-744,"childCount":0,"index":1,"depth":14}},{"id":75,"pid":71,"index":0,"idQf":true,"textQf":true,"attr":{"id":"com.huawei.android.thememanager:id/item_name","name":"android.widget.TextView","text":"月下行者 多模式","desc":null,"clickable":false,"focusable":false,"checkable":false,"checked":false,"longClickable":false,"visibleToUser":false,"left":831,"top":3410,"right":1189,"bottom":2720,"width":358,"height":-690,"childCount":0,"index":0,"depth":14}},{"id":76,"pid":57,"index":0,"idQf":true,"textQf":null,"attr":{"id":"com.huawei.android.thememanager:id/image_item","name":"android.widget.ImageView","text":null,"desc":null,"clickable":false,"focusable":false,"checkable":false,"checked":false,"longClickable":false,"visibleToUser":false,"left":450,"top":2751,"right":808,"bottom":2720,"width":358,"height":-31,"childCount":0,"index":0,"depth":13}},{"id":77,"pid":57,"index":1,"idQf":true,"textQf":null,"attr":{"id":"com.huawei.android.thememanager:id/image_mask_item","name":"android.widget.ImageView","text":null,"desc":null,"clickable":false,"focusable":false,"checkable":false,"checked":false,"longClickable":false,"visibleToUser":false,"left":450,"top":2751,"right":808,"bottom":2720,"width":358,"height":-31,"childCount":0,"index":1,"depth":13}},{"id":78,"pid":57,"index":2,"idQf":true,"textQf":null,"attr":{"id":"com.huawei.android.thememanager:id/image_type","name":"android.widget.ImageView","text":null,"desc":null,"clickable":false,"focusable":false,"checkable":false,"checked":false,"longClickable":false,"visibleToUser":false,"left":461,"top":3319,"right":534,"bottom":2720,"width":73,"height":-599,"childCount":0,"index":2,"depth":13}},{"id":79,"pid":57,"index":3,"idQf":true,"textQf":null,"attr":{"id":"com.huawei.android.thememanager:id/name_layout","name":"android.widget.RelativeLayout","text":null,"desc":null,"clickable":false,"focusable":false,"checkable":false,"checked":false,"longClickable":false,"visibleToUser":false,"left":450,"top":3410,"right":808,"bottom":2720,"width":358,"height":-690,"childCount":1,"index":3,"depth":13}},{"id":80,"pid":57,"index":4,"idQf":true,"textQf":null,"attr":{"id":"com.huawei.android.thememanager:id/price_layout","name":"android.widget.LinearLayout","text":null,"desc":null,"clickable":false,"focusable":false,"checkable":false,"checked":false,"longClickable":false,"visibleToUser":false,"left":450,"top":3464,"right":808,"bottom":2720,"width":358,"height":-744,"childCount":2,"index":4,"depth":13}},{"id":81,"pid":80,"index":0,"idQf":true,"textQf":true,"attr":{"id":"com.huawei.android.thememanager:id/item_price","name":"android.widget.TextView","text":"VIP免费","desc":null,"clickable":false,"focusable":false,"checkable":false,"checked":false,"longClickable":false,"visibleToUser":false,"left":450,"top":3464,"right":568,"bottom":2720,"width":118,"height":-744,"childCount":0,"index":0,"depth":14}},{"id":82,"pid":80,"index":1,"idQf":true,"textQf":true,"attr":{"id":"com.huawei.android.thememanager:id/item_original_price","name":"android.widget.TextView","text":"¥6.00","desc":null,"clickable":false,"focusable":false,"checkable":false,"checked":false,"longClickable":false,"visibleToUser":false,"left":591,"top":3464,"right":678,"bottom":2720,"width":87,"height":-744,"childCount":0,"index":1,"depth":14}},{"id":83,"pid":79,"index":0,"idQf":true,"textQf":true,"attr":{"id":"com.huawei.android.thememanager:id/item_name","name":"android.widget.TextView","text":"佛系熊猫 3D组件","desc":null,"clickable":false,"focusable":false,"checkable":false,"checked":false,"longClickable":false,"visibleToUser":false,"left":450,"top":3410,"right":808,"bottom":2720,"width":358,"height":-690,"childCount":0,"index":0,"depth":14}},{"id":84,"pid":56,"index":0,"idQf":true,"textQf":null,"attr":{"id":"com.huawei.android.thememanager:id/image_item","name":"android.widget.ImageView","text":null,"desc":null,"clickable":false,"focusable":false,"checkable":false,"checked":false,"longClickable":false,"visibleToUser":false,"left":69,"top":2751,"right":427,"bottom":2720,"width":358,"height":-31,"childCount":0,"index":0,"depth":13}},{"id":85,"pid":56,"index":1,"idQf":true,"textQf":null,"attr":{"id":"com.huawei.android.thememanager:id/image_mask_item","name":"android.widget.ImageView","text":null,"desc":null,"clickable":false,"focusable":false,"checkable":false,"checked":false,"longClickable":false,"visibleToUser":false,"left":69,"top":2751,"right":427,"bottom":2720,"width":358,"height":-31,"childCount":0,"index":1,"depth":13}},{"id":86,"pid":56,"index":2,"idQf":true,"textQf":null,"attr":{"id":"com.huawei.android.thememanager:id/image_type","name":"android.widget.ImageView","text":null,"desc":null,"clickable":false,"focusable":false,"checkable":false,"checked":false,"longClickable":false,"visibleToUser":false,"left":80,"top":3319,"right":153,"bottom":2720,"width":73,"height":-599,"childCount":0,"index":2,"depth":13}},{"id":87,"pid":56,"index":3,"idQf":true,"textQf":null,"attr":{"id":"com.huawei.android.thememanager:id/name_layout","name":"android.widget.RelativeLayout","text":null,"desc":null,"clickable":false,"focusable":false,"checkable":false,"checked":false,"longClickable":false,"visibleToUser":false,"left":69,"top":3410,"right":427,"bottom":2720,"width":358,"height":-690,"childCount":1,"index":3,"depth":13}},{"id":88,"pid":56,"index":4,"idQf":true,"textQf":null,"attr":{"id":"com.huawei.android.thememanager:id/price_layout","name":"android.widget.LinearLayout","text":null,"desc":null,"clickable":false,"focusable":false,"checkable":false,"checked":false,"longClickable":false,"visibleToUser":false,"left":69,"top":3464,"right":427,"bottom":2720,"width":358,"height":-744,"childCount":2,"index":4,"depth":13}},{"id":89,"pid":88,"index":0,"idQf":true,"textQf":true,"attr":{"id":"com.huawei.android.thememanager:id/item_price","name":"android.widget.TextView","text":"VIP免费","desc":null,"clickable":false,"focusable":false,"checkable":false,"checked":false,"longClickable":false,"visibleToUser":false,"left":69,"top":3464,"right":187,"bottom":2720,"width":118,"height":-744,"childCount":0,"index":0,"depth":14}},{"id":90,"pid":88,"index":1,"idQf":true,"textQf":true,"attr":{"id":"com.huawei.android.thememanager:id/item_original_price","name":"android.widget.TextView","text":"¥9.00","desc":null,"clickable":false,"focusable":false,"checkable":false,"checked":false,"longClickable":false,"visibleToUser":false,"left":210,"top":3464,"right":297,"bottom":2720,"width":87,"height":-744,"childCount":0,"index":1,"depth":14}},{"id":91,"pid":87,"index":0,"idQf":true,"textQf":true,"attr":{"id":"com.huawei.android.thememanager:id/item_name","name":"android.widget.TextView","text":"朴华 拟态","desc":null,"clickable":false,"focusable":false,"checkable":false,"checked":false,"longClickable":false,"visibleToUser":false,"left":69,"top":3410,"right":427,"bottom":2720,"width":358,"height":-690,"childCount":0,"index":0,"depth":14}},{"id":92,"pid":49,"index":0,"idQf":true,"textQf":null,"attr":{"id":"com.huawei.android.thememanager:id/designer_head_layout","name":"android.widget.RelativeLayout","text":null,"desc":null,"clickable":false,"focusable":false,"checkable":false,"checked":false,"longClickable":false,"visibleToUser":true,"left":69,"top":2568,"right":221,"bottom":2705,"width":152,"height":137,"childCount":2,"index":0,"depth":10}},{"id":93,"pid":49,"index":1,"idQf":null,"textQf":null,"attr":{"id":null,"name":"android.widget.RelativeLayout","text":null,"desc":null,"clickable":false,"focusable":false,"checkable":false,"checked":false,"longClickable":false,"visibleToUser":true,"left":244,"top":2578,"right":1191,"bottom":2695,"width":947,"height":117,"childCount":2,"index":1,"depth":10}},{"id":94,"pid":93,"index":0,"idQf":true,"textQf":null,"attr":{"id":"com.huawei.android.thememanager:id/designer_layout","name":"android.widget.LinearLayout","text":null,"desc":null,"clickable":false,"focusable":false,"checkable":false,"checked":false,"longClickable":false,"visibleToUser":true,"left":244,"top":2578,"right":1008,"bottom":2695,"width":764,"height":117,"childCount":2,"index":0,"depth":11}},{"id":95,"pid":93,"index":1,"idQf":true,"textQf":true,"attr":{"id":"com.huawei.android.thememanager:id/attention_button","name":"android.widget.TextView","text":"关注","desc":null,"clickable":true,"focusable":true,"checkable":false,"checked":false,"longClickable":false,"visibleToUser":true,"left":1008,"top":2596,"right":1191,"bottom":2676,"width":183,"height":80,"childCount":0,"index":1,"depth":11}},{"id":96,"pid":94,"index":0,"idQf":null,"textQf":null,"attr":{"id":null,"name":"android.widget.LinearLayout","text":null,"desc":null,"clickable":false,"focusable":false,"checkable":false,"checked":false,"longClickable":false,"visibleToUser":true,"left":244,"top":2578,"right":1008,"bottom":2632,"width":764,"height":54,"childCount":1,"index":0,"depth":12}},{"id":97,"pid":94,"index":1,"idQf":true,"textQf":true,"attr":{"id":"com.huawei.android.thememanager:id/tv_designer_desc","name":"android.widget.TextView","text":"一家专注做内容的公司，爱你所爱哦~","desc":null,"clickable":false,"focusable":false,"checkable":false,"checked":false,"longClickable":false,"visibleToUser":true,"left":244,"top":2649,"right":808,"bottom":2695,"width":564,"height":46,"childCount":0,"index":1,"depth":12}},{"id":98,"pid":96,"index":0,"idQf":true,"textQf":true,"attr":{"id":"com.huawei.android.thememanager:id/tv_designer_name","name":"android.widget.TextView","text":"麦果","desc":"作者 麦果","clickable":false,"focusable":false,"checkable":false,"checked":false,"longClickable":false,"visibleToUser":true,"left":244,"top":2578,"right":1008,"bottom":2632,"width":764,"height":54,"childCount":0,"index":0,"depth":13}},{"id":99,"pid":92,"index":0,"idQf":true,"textQf":null,"attr":{"id":"com.huawei.android.thememanager:id/iv_designer_head","name":"android.widget.ImageView","text":null,"desc":null,"clickable":false,"focusable":false,"checkable":false,"checked":false,"longClickable":false,"visibleToUser":true,"left":69,"top":2568,"right":206,"bottom":2705,"width":137,"height":137,"childCount":0,"index":0,"depth":11}},{"id":100,"pid":92,"index":1,"idQf":true,"textQf":null,"attr":{"id":"com.huawei.android.thememanager:id/iv_master","name":"android.widget.ImageView","text":null,"desc":null,"clickable":false,"focusable":false,"checkable":false,"checked":false,"longClickable":false,"visibleToUser":true,"left":166,"top":2651,"right":220,"bottom":2705,"width":54,"height":54,"childCount":0,"index":1,"depth":11}},{"id":101,"pid":47,"index":0,"idQf":true,"textQf":null,"attr":{"id":"com.huawei.android.thememanager:id/theme_desc_area","name":"android.widget.LinearLayout","text":null,"desc":"资源简介【资源介绍】晨曦的阳光越过山,跨过海,穿过林荫透过窗照在了我的书桌上,微暖而治愈。一起来体验一下晨曦的书桌和它昼夜时间里每个片刻的风景吧!\n1.自动时间感知壁纸 和 自选高清壁纸  两种模式可在组件屏点击-换图-功能进行设置\n1.点击平板上的切换按钮,切换两种时间排版\n2.下滑出组件屏,上滑关闭组件屏\n3.组件屏左右滑动可切换两屏内容\n4.点击组件屏的模式按键,切换深浅组件效果\n5.点击计划表编辑功能可切换每日计划,并可自定义输入编辑计划\n6.点击 首屏生日倒计时时钟和 组件屏生日倒计时数字,星座名字,均可以弹出生日设置面板\n【解锁方式】\n上滑解锁\n1,天气数据来源于华为天气app,使用前请确保华为天气app已使用,并有当前定位城市的天气信息。\n2,当前天气信息的更新频率为应用时立即更新一次,应用后1小时左右更新一次。\n3,将主题app版本更新至12.0.12.300之后,下载天气类主题无需授权位置信息。\n【新增桌面万象小组件】主题APP需升级到12.0.12.300及以上版本,才能使用主题包内的桌面万象小组件功能。\n【运动健康数据】用户需打开运动健康App(11.0.0.512版本及以上),同意用户协议并登录帐号,\n才能获取到步数、距离和卡路里数据。在此基础上,还需绑定支持心率功能的华为智能穿戴设备,才能获取到实时心率和静息心率数据。","clickable":false,"focusable":true,"checkable":false,"checked":false,"longClickable":false,"visibleToUser":true,"left":69,"top":2344,"right":1191,"bottom":2516,"width":1122,"height":172,"childCount":2,"index":0,"depth":10}},{"id":102,"pid":101,"index":0,"idQf":true,"textQf":null,"attr":{"id":"com.huawei.android.thememanager:id/title_layout","name":"android.widget.LinearLayout","text":null,"desc":null,"clickable":false,"focusable":false,"checkable":false,"checked":false,"longClickable":false,"visibleToUser":true,"left":69,"top":2344,"right":1191,"bottom":2470,"width":1122,"height":126,"childCount":1,"index":0,"depth":11}},{"id":103,"pid":101,"index":1,"idQf":null,"textQf":null,"attr":{"id":null,"name":"android.widget.RelativeLayout","text":null,"desc":null,"clickable":false,"focusable":false,"checkable":false,"checked":false,"longClickable":false,"visibleToUser":true,"left":69,"top":2470,"right":1191,"bottom":2516,"width":1122,"height":46,"childCount":1,"index":1,"depth":11}},{"id":104,"pid":103,"index":0,"idQf":true,"textQf":true,"attr":{"id":"com.huawei.android.thememanager:id/font__desc_expandable","name":"android.widget.TextView","text":"【资源介绍】晨曦的阳光越过山,跨过海,穿过林荫透过窗照在了我的... 展开 ","desc":null,"clickable":false,"focusable":true,"checkable":false,"checked":false,"longClickable":false,"visibleToUser":true,"left":69,"top":2470,"right":1191,"bottom":2516,"width":1122,"height":46,"childCount":0,"index":0,"depth":12}},{"id":105,"pid":102,"index":0,"idQf":true,"textQf":true,"attr":{"id":"com.huawei.android.thememanager:id/theme_desc_title","name":"android.widget.TextView","text":"资源简介","desc":null,"clickable":false,"focusable":false,"checkable":false,"checked":false,"longClickable":false,"visibleToUser":true,"left":69,"top":2387,"right":241,"bottom":2467,"width":172,"height":80,"childCount":0,"index":0,"depth":12}},{"id":106,"pid":46,"index":0,"idQf":true,"textQf":null,"attr":{"id":"com.huawei.android.thememanager:id/res_detail_pps_layout","name":"android.widget.RelativeLayout","text":null,"desc":null,"clickable":false,"focusable":false,"checkable":false,"checked":false,"longClickable":false,"visibleToUser":true,"left":46,"top":1714,"right":1214,"bottom":2344,"width":1168,"height":630,"childCount":1,"index":0,"depth":10}},{"id":107,"pid":106,"index":0,"idQf":true,"textQf":null,"attr":{"id":"com.huawei.android.thememanager:id/pps_no_download_layout","name":"android.widget.RelativeLayout","text":null,"desc":null,"clickable":false,"focusable":false,"checkable":false,"checked":false,"longClickable":false,"visibleToUser":true,"left":69,"top":1714,"right":1191,"bottom":2344,"width":1122,"height":630,"childCount":2,"index":0,"depth":11}},{"id":108,"pid":107,"index":0,"idQf":true,"textQf":null,"attr":{"id":"com.huawei.android.thememanager:id/pps_image_card_view","name":"android.widget.FrameLayout","text":null,"desc":null,"clickable":false,"focusable":false,"checkable":false,"checked":false,"longClickable":false,"visibleToUser":true,"left":69,"top":1714,"right":1191,"bottom":2344,"width":1122,"height":630,"childCount":1,"index":0,"depth":12}},{"id":109,"pid":107,"index":1,"idQf":true,"textQf":null,"attr":{"id":"com.huawei.android.thememanager:id/pps_close","name":"android.widget.ImageButton","text":null,"desc":"关闭","clickable":true,"focusable":true,"checkable":false,"checked":false,"longClickable":false,"visibleToUser":true,"left":1122,"top":1737,"right":1168,"bottom":1783,"width":46,"height":46,"childCount":0,"index":1,"depth":12}},{"id":110,"pid":108,"index":0,"idQf":true,"textQf":null,"attr":{"id":"com.huawei.android.thememanager:id/pps_image","name":"ImageView","text":null,"desc":"双12主题会员活动-详情页banner12.7图片","clickable":true,"focusable":true,"checkable":false,"checked":false,"longClickable":false,"visibleToUser":true,"left":69,"top":1714,"right":1191,"bottom":2344,"width":1122,"height":630,"childCount":0,"index":0,"depth":13}},{"id":111,"pid":45,"index":0,"idQf":true,"textQf":null,"attr":{"id":"com.huawei.android.thememanager:id/label_flow_layout","name":"android.widget.HorizontalScrollView","text":null,"desc":null,"clickable":false,"focusable":true,"checkable":false,"checked":false,"longClickable":false,"visibleToUser":true,"left":69,"top":1588,"right":1260,"bottom":1668,"width":1191,"height":80,"childCount":1,"index":0,"depth":10}},{"id":112,"pid":111,"index":0,"idQf":true,"textQf":null,"attr":{"id":"com.huawei.android.thememanager:id/label_linear_layout","name":"android.widget.LinearLayout","text":null,"desc":null,"clickable":false,"focusable":false,"checkable":false,"checked":false,"longClickable":false,"visibleToUser":true,"left":69,"top":1588,"right":1260,"bottom":1668,"width":1191,"height":80,"childCount":7,"index":0,"depth":11}},{"id":113,"pid":112,"index":0,"idQf":null,"textQf":false,"attr":{"id":null,"name":"android.widget.ImageView","text":"标签 棕色","desc":null,"clickable":true,"focusable":true,"checkable":false,"checked":false,"longClickable":false,"visibleToUser":true,"left":69,"top":1588,"right":205,"bottom":1668,"width":136,"height":80,"childCount":0,"index":0,"depth":12}},{"id":114,"pid":112,"index":1,"idQf":null,"textQf":false,"attr":{"id":null,"name":"android.widget.ImageView","text":"标签 个性","desc":null,"clickable":true,"focusable":true,"checkable":false,"checked":false,"longClickable":false,"visibleToUser":true,"left":239,"top":1588,"right":375,"bottom":1668,"width":136,"height":80,"childCount":0,"index":1,"depth":12}},{"id":115,"pid":112,"index":2,"idQf":null,"textQf":false,"attr":{"id":null,"name":"android.widget.ImageView","text":"标签 3D","desc":null,"clickable":true,"focusable":true,"checkable":false,"checked":false,"longClickable":false,"visibleToUser":true,"left":409,"top":1588,"right":518,"bottom":1668,"width":109,"height":80,"childCount":0,"index":2,"depth":12}},{"id":116,"pid":112,"index":3,"idQf":null,"textQf":false,"attr":{"id":null,"name":"android.widget.ImageView","text":"标签 小组件","desc":null,"clickable":true,"focusable":true,"checkable":false,"checked":false,"longClickable":false,"visibleToUser":true,"left":552,"top":1588,"right":722,"bottom":1668,"width":170,"height":80,"childCount":0,"index":3,"depth":12}},{"id":117,"pid":112,"index":4,"idQf":null,"textQf":false,"attr":{"id":null,"name":"android.widget.ImageView","text":"标签 万象小组件","desc":null,"clickable":true,"focusable":true,"checkable":false,"checked":false,"longClickable":false,"visibleToUser":true,"left":756,"top":1588,"right":994,"bottom":1668,"width":238,"height":80,"childCount":0,"index":4,"depth":12}},{"id":118,"pid":112,"index":5,"idQf":null,"textQf":false,"attr":{"id":null,"name":"android.widget.ImageView","text":"标签 动态锁屏","desc":null,"clickable":true,"focusable":true,"checkable":false,"checked":false,"longClickable":false,"visibleToUser":true,"left":1028,"top":1588,"right":1232,"bottom":1668,"width":204,"height":80,"childCount":0,"index":5,"depth":12}},{"id":119,"pid":112,"index":6,"idQf":null,"textQf":false,"attr":{"id":null,"name":"android.widget.ImageView","text":"标签 动态桌面","desc":null,"clickable":true,"focusable":true,"checkable":false,"checked":false,"longClickable":false,"visibleToUser":false,"left":1266,"top":1588,"right":1260,"bottom":1668,"width":-6,"height":80,"childCount":0,"index":6,"depth":12}},{"id":120,"pid":43,"index":0,"idQf":null,"textQf":null,"attr":{"id":null,"name":"android.widget.LinearLayout","text":null,"desc":null,"clickable":false,"focusable":false,"checkable":false,"checked":false,"longClickable":false,"visibleToUser":true,"left":69,"top":1407,"right":1191,"bottom":1565,"width":1122,"height":158,"childCount":2,"index":0,"depth":10}},{"id":121,"pid":120,"index":0,"idQf":true,"textQf":null,"attr":{"id":"com.huawei.android.thememanager:id/rl_preview_info_title","name":"android.widget.LinearLayout","text":null,"desc":null,"clickable":false,"focusable":false,"checkable":false,"checked":false,"longClickable":false,"visibleToUser":true,"left":69,"top":1407,"right":1191,"bottom":1477,"width":1122,"height":70,"childCount":1,"index":0,"depth":11}},{"id":122,"pid":120,"index":1,"idQf":true,"textQf":null,"attr":{"id":"com.huawei.android.thememanager:id/rl_preview_info_resouce","name":"android.widget.LinearLayout","text":null,"desc":null,"clickable":false,"focusable":false,"checkable":false,"checked":false,"longClickable":false,"visibleToUser":true,"left":69,"top":1511,"right":1191,"bottom":1565,"width":1122,"height":54,"childCount":2,"index":1,"depth":11}},{"id":123,"pid":122,"index":0,"idQf":true,"textQf":null,"attr":{"id":"com.huawei.android.thememanager:id/theme_flow_layout","name":"android.widget.LinearLayout","text":null,"desc":null,"clickable":false,"focusable":false,"checkable":false,"checked":false,"longClickable":false,"visibleToUser":true,"left":69,"top":1511,"right":995,"bottom":1562,"width":926,"height":51,"childCount":4,"index":0,"depth":12}},{"id":124,"pid":122,"index":1,"idQf":true,"textQf":true,"attr":{"id":"com.huawei.android.thememanager:id/tv_write_comment","name":"android.widget.TextView","text":"评论 (158)","desc":null,"clickable":true,"focusable":true,"checkable":false,"checked":false,"longClickable":false,"visibleToUser":true,"left":1018,"top":1511,"right":1191,"bottom":1565,"width":173,"height":54,"childCount":0,"index":1,"depth":12}},{"id":125,"pid":123,"index":0,"idQf":true,"textQf":null,"attr":{"id":"com.huawei.android.thememanager:id/theme_discount_top","name":"android.widget.LinearLayout","text":null,"desc":null,"clickable":false,"focusable":false,"checkable":false,"checked":false,"longClickable":false,"visibleToUser":true,"left":69,"top":1511,"right":333,"bottom":1562,"width":264,"height":51,"childCount":2,"index":0,"depth":13}},{"id":126,"pid":123,"index":1,"idQf":true,"textQf":null,"attr":{"id":"com.huawei.android.thememanager:id/lyRating","name":"android.widget.LinearLayout","text":null,"desc":null,"clickable":false,"focusable":false,"checkable":false,"checked":false,"longClickable":false,"visibleToUser":true,"left":333,"top":1511,"right":557,"bottom":1562,"width":224,"height":51,"childCount":3,"index":1,"depth":13}},{"id":127,"pid":123,"index":2,"idQf":true,"textQf":true,"attr":{"id":"com.huawei.android.thememanager:id/theme_size","name":"android.widget.TextView","text":"71.41 MB","desc":null,"clickable":false,"focusable":true,"checkable":false,"checked":false,"longClickable":false,"visibleToUser":true,"left":557,"top":1511,"right":694,"bottom":1562,"width":137,"height":51,"childCount":0,"index":2,"depth":13}},{"id":128,"pid":123,"index":3,"idQf":true,"textQf":null,"attr":{"id":"com.huawei.android.thememanager:id/price_rating_weight_placeholder","name":"android.view.View","text":null,"desc":null,"clickable":false,"focusable":false,"checkable":false,"checked":false,"longClickable":false,"visibleToUser":false,"left":694,"top":1536,"right":995,"bottom":1536,"width":301,"height":0,"childCount":0,"index":3,"depth":13}},{"id":129,"pid":126,"index":0,"idQf":true,"textQf":null,"attr":{"id":"com.huawei.android.thememanager:id/rate_modules","name":null,"text":null,"desc":"评分： 4.2 颗星 共 5 颗星","clickable":false,"focusable":false,"checkable":false,"checked":false,"longClickable":false,"visibleToUser":true,"left":333,"top":1523,"right":463,"bottom":1549,"width":130,"height":26,"childCount":0,"index":0,"depth":14}},{"id":130,"pid":126,"index":1,"idQf":true,"textQf":true,"attr":{"id":"com.huawei.android.thememanager:id/tvRating","name":"android.widget.TextView","text":"4.2","desc":"评分 4.2","clickable":false,"focusable":false,"checkable":false,"checked":false,"longClickable":false,"visibleToUser":true,"left":474,"top":1511,"right":526,"bottom":1562,"width":52,"height":51,"childCount":0,"index":1,"depth":14}},{"id":131,"pid":126,"index":2,"idQf":true,"textQf":null,"attr":{"id":"com.huawei.android.thememanager:id/divider_preview_info_rating","name":"android.widget.LinearLayout","text":null,"desc":null,"clickable":false,"focusable":false,"checkable":false,"checked":false,"longClickable":false,"visibleToUser":true,"left":526,"top":1522,"right":557,"bottom":1551,"width":31,"height":29,"childCount":1,"index":2,"depth":14}},{"id":132,"pid":131,"index":0,"idQf":null,"textQf":null,"attr":{"id":null,"name":"android.view.View","text":null,"desc":null,"clickable":false,"focusable":false,"checkable":false,"checked":false,"longClickable":false,"visibleToUser":true,"left":540,"top":1522,"right":543,"bottom":1551,"width":3,"height":29,"childCount":0,"index":0,"depth":15}},{"id":133,"pid":125,"index":0,"idQf":true,"textQf":null,"attr":{"id":"com.huawei.android.thememanager:id/theme_discount_price_layout","name":"android.widget.LinearLayout","text":null,"desc":null,"clickable":false,"focusable":false,"checkable":false,"checked":false,"longClickable":false,"visibleToUser":true,"left":69,"top":1511,"right":302,"bottom":1562,"width":233,"height":51,"childCount":2,"index":0,"depth":14}},{"id":134,"pid":125,"index":1,"idQf":true,"textQf":null,"attr":{"id":"com.huawei.android.thememanager:id/v_preview_info_discount_divider","name":"android.widget.LinearLayout","text":null,"desc":null,"clickable":false,"focusable":false,"checkable":false,"checked":false,"longClickable":false,"visibleToUser":true,"left":302,"top":1522,"right":333,"bottom":1551,"width":31,"height":29,"childCount":1,"index":1,"depth":14}},{"id":135,"pid":134,"index":0,"idQf":null,"textQf":null,"attr":{"id":null,"name":"android.view.View","text":null,"desc":null,"clickable":false,"focusable":false,"checkable":false,"checked":false,"longClickable":false,"visibleToUser":true,"left":316,"top":1522,"right":319,"bottom":1551,"width":3,"height":29,"childCount":0,"index":0,"depth":15}},{"id":136,"pid":133,"index":0,"idQf":true,"textQf":true,"attr":{"id":"com.huawei.android.thememanager:id/theme_discount_price","name":"android.widget.TextView","text":"¥9.00","desc":null,"clickable":false,"focusable":true,"checkable":false,"checked":false,"longClickable":false,"visibleToUser":true,"left":69,"top":1511,"right":164,"bottom":1562,"width":95,"height":51,"childCount":0,"index":0,"depth":15}},{"id":137,"pid":133,"index":1,"idQf":true,"textQf":true,"attr":{"id":"com.huawei.android.thememanager:id/theme_original_price","name":"android.widget.TextView","text":"VIP免费","desc":null,"clickable":false,"focusable":true,"checkable":false,"checked":false,"longClickable":false,"visibleToUser":true,"left":175,"top":1511,"right":302,"bottom":1562,"width":127,"height":51,"childCount":0,"index":1,"depth":15}},{"id":138,"pid":121,"index":0,"idQf":true,"textQf":true,"attr":{"id":"com.huawei.android.thememanager:id/theme_title","name":"android.widget.TextView","text":"时间感知 晨曦书桌","desc":null,"clickable":false,"focusable":false,"checkable":false,"checked":false,"longClickable":false,"visibleToUser":true,"left":69,"top":1407,"right":1191,"bottom":1477,"width":1122,"height":70,"childCount":0,"index":0,"depth":12}},{"id":139,"pid":42,"index":0,"idQf":true,"textQf":null,"attr":{"id":"com.huawei.android.thememanager:id/scrollgroup","name":"android.widget.LinearLayout","text":null,"desc":null,"clickable":false,"focusable":false,"checkable":false,"checked":false,"longClickable":false,"visibleToUser":true,"left":0,"top":313,"right":1260,"bottom":1373,"width":1260,"height":1060,"childCount":17,"index":0,"depth":10}},{"id":140,"pid":139,"index":0,"idQf":null,"textQf":null,"attr":{"id":null,"name":"android.widget.RelativeLayout","text":null,"desc":null,"clickable":true,"focusable":true,"checkable":false,"checked":false,"longClickable":false,"visibleToUser":true,"left":69,"top":313,"right":558,"bottom":1373,"width":489,"height":1060,"childCount":3,"index":0,"depth":11}},{"id":141,"pid":139,"index":1,"idQf":null,"textQf":null,"attr":{"id":null,"name":"android.widget.RelativeLayout","text":null,"desc":null,"clickable":true,"focusable":true,"checkable":false,"checked":false,"longClickable":false,"visibleToUser":true,"left":558,"top":313,"right":1111,"bottom":1373,"width":553,"height":1060,"childCount":5,"index":1,"depth":11}},{"id":142,"pid":139,"index":2,"idQf":null,"textQf":null,"attr":{"id":null,"name":"android.widget.RelativeLayout","text":null,"desc":null,"clickable":true,"focusable":true,"checkable":false,"checked":false,"longClickable":false,"visibleToUser":true,"left":1111,"top":313,"right":1260,"bottom":1373,"width":149,"height":1060,"childCount":3,"index":2,"depth":11}},{"id":143,"pid":139,"index":3,"idQf":null,"textQf":null,"attr":{"id":null,"name":"android.widget.RelativeLayout","text":null,"desc":null,"clickable":true,"focusable":true,"checkable":false,"checked":false,"longClickable":false,"visibleToUser":false,"left":1664,"top":313,"right":1260,"bottom":1373,"width":-404,"height":1060,"childCount":3,"index":3,"depth":11}},{"id":144,"pid":139,"index":4,"idQf":null,"textQf":null,"attr":{"id":null,"name":"android.widget.RelativeLayout","text":null,"desc":null,"clickable":true,"focusable":true,"checkable":false,"checked":false,"longClickable":false,"visibleToUser":false,"left":2217,"top":313,"right":1260,"bottom":1373,"width":-957,"height":1060,"childCount":3,"index":4,"depth":11}},{"id":145,"pid":139,"index":5,"idQf":null,"textQf":null,"attr":{"id":null,"name":"android.widget.RelativeLayout","text":null,"desc":null,"clickable":true,"focusable":true,"checkable":false,"checked":false,"longClickable":false,"visibleToUser":false,"left":2770,"top":313,"right":1260,"bottom":1373,"width":-1510,"height":1060,"childCount":3,"index":5,"depth":11}},{"id":146,"pid":139,"index":6,"idQf":null,"textQf":null,"attr":{"id":null,"name":"android.widget.RelativeLayout","text":null,"desc":null,"clickable":true,"focusable":true,"checkable":false,"checked":false,"longClickable":false,"visibleToUser":false,"left":3323,"top":313,"right":1260,"bottom":1373,"width":-2063,"height":1060,"childCount":3,"index":6,"depth":11}},{"id":147,"pid":139,"index":7,"idQf":null,"textQf":null,"attr":{"id":null,"name":"android.widget.RelativeLayout","text":null,"desc":null,"clickable":true,"focusable":true,"checkable":false,"checked":false,"longClickable":false,"visibleToUser":false,"left":3876,"top":313,"right":1260,"bottom":1373,"width":-2616,"height":1060,"childCount":3,"index":7,"depth":11}},{"id":148,"pid":139,"index":8,"idQf":null,"textQf":null,"attr":{"id":null,"name":"android.widget.RelativeLayout","text":null,"desc":null,"clickable":true,"focusable":true,"checkable":false,"checked":false,"longClickable":false,"visibleToUser":false,"left":4429,"top":313,"right":1260,"bottom":1373,"width":-3169,"height":1060,"childCount":3,"index":8,"depth":11}},{"id":149,"pid":139,"index":9,"idQf":null,"textQf":null,"attr":{"id":null,"name":"android.widget.RelativeLayout","text":null,"desc":null,"clickable":true,"focusable":true,"checkable":false,"checked":false,"longClickable":false,"visibleToUser":false,"left":4982,"top":313,"right":1260,"bottom":1373,"width":-3722,"height":1060,"childCount":3,"index":9,"depth":11}},{"id":150,"pid":139,"index":10,"idQf":null,"textQf":null,"attr":{"id":null,"name":"android.widget.RelativeLayout","text":null,"desc":null,"clickable":true,"focusable":true,"checkable":false,"checked":false,"longClickable":false,"visibleToUser":false,"left":5535,"top":313,"right":1260,"bottom":1373,"width":-4275,"height":1060,"childCount":3,"index":10,"depth":11}},{"id":151,"pid":139,"index":11,"idQf":null,"textQf":null,"attr":{"id":null,"name":"android.widget.RelativeLayout","text":null,"desc":null,"clickable":true,"focusable":true,"checkable":false,"checked":false,"longClickable":false,"visibleToUser":false,"left":6088,"top":313,"right":1260,"bottom":1373,"width":-4828,"height":1060,"childCount":3,"index":11,"depth":11}},{"id":152,"pid":139,"index":12,"idQf":null,"textQf":null,"attr":{"id":null,"name":"android.widget.RelativeLayout","text":null,"desc":null,"clickable":true,"focusable":true,"checkable":false,"checked":false,"longClickable":false,"visibleToUser":false,"left":6641,"top":313,"right":1260,"bottom":1373,"width":-5381,"height":1060,"childCount":3,"index":12,"depth":11}},{"id":153,"pid":139,"index":13,"idQf":null,"textQf":null,"attr":{"id":null,"name":"android.widget.RelativeLayout","text":null,"desc":null,"clickable":true,"focusable":true,"checkable":false,"checked":false,"longClickable":false,"visibleToUser":false,"left":7194,"top":313,"right":1260,"bottom":1373,"width":-5934,"height":1060,"childCount":3,"index":13,"depth":11}},{"id":154,"pid":139,"index":14,"idQf":null,"textQf":null,"attr":{"id":null,"name":"android.widget.RelativeLayout","text":null,"desc":null,"clickable":true,"focusable":true,"checkable":false,"checked":false,"longClickable":false,"visibleToUser":false,"left":7747,"top":313,"right":1260,"bottom":1373,"width":-6487,"height":1060,"childCount":3,"index":14,"depth":11}},{"id":155,"pid":139,"index":15,"idQf":null,"textQf":null,"attr":{"id":null,"name":"android.widget.RelativeLayout","text":null,"desc":null,"clickable":true,"focusable":true,"checkable":false,"checked":false,"longClickable":false,"visibleToUser":false,"left":8300,"top":313,"right":1260,"bottom":1373,"width":-7040,"height":1060,"childCount":3,"index":15,"depth":11}},{"id":156,"pid":139,"index":16,"idQf":null,"textQf":null,"attr":{"id":null,"name":"android.widget.RelativeLayout","text":null,"desc":null,"clickable":true,"focusable":true,"checkable":false,"checked":false,"longClickable":false,"visibleToUser":false,"left":8853,"top":313,"right":1260,"bottom":1373,"width":-7593,"height":1060,"childCount":3,"index":16,"depth":11}},{"id":157,"pid":156,"index":0,"idQf":true,"textQf":null,"attr":{"id":"com.huawei.android.thememanager:id/image_item","name":"android.widget.ImageView","text":null,"desc":"截图 17","clickable":false,"focusable":false,"checkable":false,"checked":false,"longClickable":false,"visibleToUser":false,"left":8876,"top":313,"right":1260,"bottom":1373,"width":-7616,"height":1060,"childCount":0,"index":0,"depth":12}},{"id":158,"pid":156,"index":1,"idQf":true,"textQf":null,"attr":{"id":"com.huawei.android.thememanager:id/image_mask_item","name":"android.widget.ImageView","text":null,"desc":null,"clickable":false,"focusable":false,"checkable":false,"checked":false,"longClickable":false,"visibleToUser":false,"left":8876,"top":313,"right":1260,"bottom":1373,"width":-7616,"height":1060,"childCount":0,"index":1,"depth":12}},{"id":159,"pid":156,"index":2,"idQf":true,"textQf":null,"attr":{"id":"com.huawei.android.thememanager:id/ivpause_rl","name":"android.widget.RelativeLayout","text":null,"desc":null,"clickable":false,"focusable":false,"checkable":false,"checked":false,"longClickable":false,"visibleToUser":false,"left":8876,"top":313,"right":1260,"bottom":1373,"width":-7616,"height":1060,"childCount":0,"index":2,"depth":12}},{"id":160,"pid":155,"index":0,"idQf":true,"textQf":null,"attr":{"id":"com.huawei.android.thememanager:id/image_item","name":"android.widget.ImageView","text":null,"desc":"截图 16","clickable":false,"focusable":false,"checkable":false,"checked":false,"longClickable":false,"visibleToUser":false,"left":8323,"top":313,"right":1260,"bottom":1373,"width":-7063,"height":1060,"childCount":0,"index":0,"depth":12}},{"id":161,"pid":155,"index":1,"idQf":true,"textQf":null,"attr":{"id":"com.huawei.android.thememanager:id/image_mask_item","name":"android.widget.ImageView","text":null,"desc":null,"clickable":false,"focusable":false,"checkable":false,"checked":false,"longClickable":false,"visibleToUser":false,"left":8323,"top":313,"right":1260,"bottom":1373,"width":-7063,"height":1060,"childCount":0,"index":1,"depth":12}},{"id":162,"pid":155,"index":2,"idQf":true,"textQf":null,"attr":{"id":"com.huawei.android.thememanager:id/ivpause_rl","name":"android.widget.RelativeLayout","text":null,"desc":null,"clickable":false,"focusable":false,"checkable":false,"checked":false,"longClickable":false,"visibleToUser":false,"left":8323,"top":313,"right":1260,"bottom":1373,"width":-7063,"height":1060,"childCount":0,"index":2,"depth":12}},{"id":163,"pid":154,"index":0,"idQf":true,"textQf":null,"attr":{"id":"com.huawei.android.thememanager:id/image_item","name":"android.widget.ImageView","text":null,"desc":"截图 15","clickable":false,"focusable":false,"checkable":false,"checked":false,"longClickable":false,"visibleToUser":false,"left":7770,"top":313,"right":1260,"bottom":1373,"width":-6510,"height":1060,"childCount":0,"index":0,"depth":12}},{"id":164,"pid":154,"index":1,"idQf":true,"textQf":null,"attr":{"id":"com.huawei.android.thememanager:id/image_mask_item","name":"android.widget.ImageView","text":null,"desc":null,"clickable":false,"focusable":false,"checkable":false,"checked":false,"longClickable":false,"visibleToUser":false,"left":7770,"top":313,"right":1260,"bottom":1373,"width":-6510,"height":1060,"childCount":0,"index":1,"depth":12}},{"id":165,"pid":154,"index":2,"idQf":true,"textQf":null,"attr":{"id":"com.huawei.android.thememanager:id/ivpause_rl","name":"android.widget.RelativeLayout","text":null,"desc":null,"clickable":false,"focusable":false,"checkable":false,"checked":false,"longClickable":false,"visibleToUser":false,"left":7770,"top":313,"right":1260,"bottom":1373,"width":-6510,"height":1060,"childCount":0,"index":2,"depth":12}},{"id":166,"pid":153,"index":0,"idQf":true,"textQf":null,"attr":{"id":"com.huawei.android.thememanager:id/image_item","name":"android.widget.ImageView","text":null,"desc":"截图 14","clickable":false,"focusable":false,"checkable":false,"checked":false,"longClickable":false,"visibleToUser":false,"left":7217,"top":313,"right":1260,"bottom":1373,"width":-5957,"height":1060,"childCount":0,"index":0,"depth":12}},{"id":167,"pid":153,"index":1,"idQf":true,"textQf":null,"attr":{"id":"com.huawei.android.thememanager:id/image_mask_item","name":"android.widget.ImageView","text":null,"desc":null,"clickable":false,"focusable":false,"checkable":false,"checked":false,"longClickable":false,"visibleToUser":false,"left":7217,"top":313,"right":1260,"bottom":1373,"width":-5957,"height":1060,"childCount":0,"index":1,"depth":12}},{"id":168,"pid":153,"index":2,"idQf":true,"textQf":null,"attr":{"id":"com.huawei.android.thememanager:id/ivpause_rl","name":"android.widget.RelativeLayout","text":null,"desc":null,"clickable":false,"focusable":false,"checkable":false,"checked":false,"longClickable":false,"visibleToUser":false,"left":7217,"top":313,"right":1260,"bottom":1373,"width":-5957,"height":1060,"childCount":0,"index":2,"depth":12}},{"id":169,"pid":152,"index":0,"idQf":true,"textQf":null,"attr":{"id":"com.huawei.android.thememanager:id/image_item","name":"android.widget.ImageView","text":null,"desc":"截图 13","clickable":false,"focusable":false,"checkable":false,"checked":false,"longClickable":false,"visibleToUser":false,"left":6664,"top":313,"right":1260,"bottom":1373,"width":-5404,"height":1060,"childCount":0,"index":0,"depth":12}},{"id":170,"pid":152,"index":1,"idQf":true,"textQf":null,"attr":{"id":"com.huawei.android.thememanager:id/image_mask_item","name":"android.widget.ImageView","text":null,"desc":null,"clickable":false,"focusable":false,"checkable":false,"checked":false,"longClickable":false,"visibleToUser":false,"left":6664,"top":313,"right":1260,"bottom":1373,"width":-5404,"height":1060,"childCount":0,"index":1,"depth":12}},{"id":171,"pid":152,"index":2,"idQf":true,"textQf":null,"attr":{"id":"com.huawei.android.thememanager:id/ivpause_rl","name":"android.widget.RelativeLayout","text":null,"desc":null,"clickable":false,"focusable":false,"checkable":false,"checked":false,"longClickable":false,"visibleToUser":false,"left":6664,"top":313,"right":1260,"bottom":1373,"width":-5404,"height":1060,"childCount":0,"index":2,"depth":12}},{"id":172,"pid":151,"index":0,"idQf":true,"textQf":null,"attr":{"id":"com.huawei.android.thememanager:id/image_item","name":"android.widget.ImageView","text":null,"desc":"截图 12","clickable":false,"focusable":false,"checkable":false,"checked":false,"longClickable":false,"visibleToUser":false,"left":6111,"top":313,"right":1260,"bottom":1373,"width":-4851,"height":1060,"childCount":0,"index":0,"depth":12}},{"id":173,"pid":151,"index":1,"idQf":true,"textQf":null,"attr":{"id":"com.huawei.android.thememanager:id/image_mask_item","name":"android.widget.ImageView","text":null,"desc":null,"clickable":false,"focusable":false,"checkable":false,"checked":false,"longClickable":false,"visibleToUser":false,"left":6111,"top":313,"right":1260,"bottom":1373,"width":-4851,"height":1060,"childCount":0,"index":1,"depth":12}},{"id":174,"pid":151,"index":2,"idQf":true,"textQf":null,"attr":{"id":"com.huawei.android.thememanager:id/ivpause_rl","name":"android.widget.RelativeLayout","text":null,"desc":null,"clickable":false,"focusable":false,"checkable":false,"checked":false,"longClickable":false,"visibleToUser":false,"left":6111,"top":313,"right":1260,"bottom":1373,"width":-4851,"height":1060,"childCount":0,"index":2,"depth":12}},{"id":175,"pid":150,"index":0,"idQf":true,"textQf":null,"attr":{"id":"com.huawei.android.thememanager:id/image_item","name":"android.widget.ImageView","text":null,"desc":"截图 11","clickable":false,"focusable":false,"checkable":false,"checked":false,"longClickable":false,"visibleToUser":false,"left":5558,"top":313,"right":1260,"bottom":1373,"width":-4298,"height":1060,"childCount":0,"index":0,"depth":12}},{"id":176,"pid":150,"index":1,"idQf":true,"textQf":null,"attr":{"id":"com.huawei.android.thememanager:id/image_mask_item","name":"android.widget.ImageView","text":null,"desc":null,"clickable":false,"focusable":false,"checkable":false,"checked":false,"longClickable":false,"visibleToUser":false,"left":5558,"top":313,"right":1260,"bottom":1373,"width":-4298,"height":1060,"childCount":0,"index":1,"depth":12}},{"id":177,"pid":150,"index":2,"idQf":true,"textQf":null,"attr":{"id":"com.huawei.android.thememanager:id/ivpause_rl","name":"android.widget.RelativeLayout","text":null,"desc":null,"clickable":false,"focusable":false,"checkable":false,"checked":false,"longClickable":false,"visibleToUser":false,"left":5558,"top":313,"right":1260,"bottom":1373,"width":-4298,"height":1060,"childCount":0,"index":2,"depth":12}},{"id":178,"pid":149,"index":0,"idQf":true,"textQf":null,"attr":{"id":"com.huawei.android.thememanager:id/image_item","name":"android.widget.ImageView","text":null,"desc":"截图 10","clickable":false,"focusable":false,"checkable":false,"checked":false,"longClickable":false,"visibleToUser":false,"left":5005,"top":313,"right":1260,"bottom":1373,"width":-3745,"height":1060,"childCount":0,"index":0,"depth":12}},{"id":179,"pid":149,"index":1,"idQf":true,"textQf":null,"attr":{"id":"com.huawei.android.thememanager:id/image_mask_item","name":"android.widget.ImageView","text":null,"desc":null,"clickable":false,"focusable":false,"checkable":false,"checked":false,"longClickable":false,"visibleToUser":false,"left":5005,"top":313,"right":1260,"bottom":1373,"width":-3745,"height":1060,"childCount":0,"index":1,"depth":12}},{"id":180,"pid":149,"index":2,"idQf":true,"textQf":null,"attr":{"id":"com.huawei.android.thememanager:id/ivpause_rl","name":"android.widget.RelativeLayout","text":null,"desc":null,"clickable":false,"focusable":false,"checkable":false,"checked":false,"longClickable":false,"visibleToUser":false,"left":5005,"top":313,"right":1260,"bottom":1373,"width":-3745,"height":1060,"childCount":0,"index":2,"depth":12}},{"id":181,"pid":148,"index":0,"idQf":true,"textQf":null,"attr":{"id":"com.huawei.android.thememanager:id/image_item","name":"android.widget.ImageView","text":null,"desc":"截图 9","clickable":false,"focusable":false,"checkable":false,"checked":false,"longClickable":false,"visibleToUser":false,"left":4452,"top":313,"right":1260,"bottom":1373,"width":-3192,"height":1060,"childCount":0,"index":0,"depth":12}},{"id":182,"pid":148,"index":1,"idQf":true,"textQf":null,"attr":{"id":"com.huawei.android.thememanager:id/image_mask_item","name":"android.widget.ImageView","text":null,"desc":null,"clickable":false,"focusable":false,"checkable":false,"checked":false,"longClickable":false,"visibleToUser":false,"left":4452,"top":313,"right":1260,"bottom":1373,"width":-3192,"height":1060,"childCount":0,"index":1,"depth":12}},{"id":183,"pid":148,"index":2,"idQf":true,"textQf":null,"attr":{"id":"com.huawei.android.thememanager:id/ivpause_rl","name":"android.widget.RelativeLayout","text":null,"desc":null,"clickable":false,"focusable":false,"checkable":false,"checked":false,"longClickable":false,"visibleToUser":false,"left":4452,"top":313,"right":1260,"bottom":1373,"width":-3192,"height":1060,"childCount":0,"index":2,"depth":12}},{"id":184,"pid":147,"index":0,"idQf":true,"textQf":null,"attr":{"id":"com.huawei.android.thememanager:id/image_item","name":"android.widget.ImageView","text":null,"desc":"截图 8","clickable":false,"focusable":false,"checkable":false,"checked":false,"longClickable":false,"visibleToUser":false,"left":3899,"top":313,"right":1260,"bottom":1373,"width":-2639,"height":1060,"childCount":0,"index":0,"depth":12}},{"id":185,"pid":147,"index":1,"idQf":true,"textQf":null,"attr":{"id":"com.huawei.android.thememanager:id/image_mask_item","name":"android.widget.ImageView","text":null,"desc":null,"clickable":false,"focusable":false,"checkable":false,"checked":false,"longClickable":false,"visibleToUser":false,"left":3899,"top":313,"right":1260,"bottom":1373,"width":-2639,"height":1060,"childCount":0,"index":1,"depth":12}},{"id":186,"pid":147,"index":2,"idQf":true,"textQf":null,"attr":{"id":"com.huawei.android.thememanager:id/ivpause_rl","name":"android.widget.RelativeLayout","text":null,"desc":null,"clickable":false,"focusable":false,"checkable":false,"checked":false,"longClickable":false,"visibleToUser":false,"left":3899,"top":313,"right":1260,"bottom":1373,"width":-2639,"height":1060,"childCount":0,"index":2,"depth":12}},{"id":187,"pid":146,"index":0,"idQf":true,"textQf":null,"attr":{"id":"com.huawei.android.thememanager:id/image_item","name":"android.widget.ImageView","text":null,"desc":"截图 7","clickable":false,"focusable":false,"checkable":false,"checked":false,"longClickable":false,"visibleToUser":false,"left":3346,"top":313,"right":1260,"bottom":1373,"width":-2086,"height":1060,"childCount":0,"index":0,"depth":12}},{"id":188,"pid":146,"index":1,"idQf":true,"textQf":null,"attr":{"id":"com.huawei.android.thememanager:id/image_mask_item","name":"android.widget.ImageView","text":null,"desc":null,"clickable":false,"focusable":false,"checkable":false,"checked":false,"longClickable":false,"visibleToUser":false,"left":3346,"top":313,"right":1260,"bottom":1373,"width":-2086,"height":1060,"childCount":0,"index":1,"depth":12}},{"id":189,"pid":146,"index":2,"idQf":true,"textQf":null,"attr":{"id":"com.huawei.android.thememanager:id/ivpause_rl","name":"android.widget.RelativeLayout","text":null,"desc":null,"clickable":false,"focusable":false,"checkable":false,"checked":false,"longClickable":false,"visibleToUser":false,"left":3346,"top":313,"right":1260,"bottom":1373,"width":-2086,"height":1060,"childCount":0,"index":2,"depth":12}},{"id":190,"pid":145,"index":0,"idQf":true,"textQf":null,"attr":{"id":"com.huawei.android.thememanager:id/image_item","name":"android.widget.ImageView","text":null,"desc":"截图 6","clickable":false,"focusable":false,"checkable":false,"checked":false,"longClickable":false,"visibleToUser":false,"left":2793,"top":313,"right":1260,"bottom":1373,"width":-1533,"height":1060,"childCount":0,"index":0,"depth":12}},{"id":191,"pid":145,"index":1,"idQf":true,"textQf":null,"attr":{"id":"com.huawei.android.thememanager:id/image_mask_item","name":"android.widget.ImageView","text":null,"desc":null,"clickable":false,"focusable":false,"checkable":false,"checked":false,"longClickable":false,"visibleToUser":false,"left":2793,"top":313,"right":1260,"bottom":1373,"width":-1533,"height":1060,"childCount":0,"index":1,"depth":12}},{"id":192,"pid":145,"index":2,"idQf":true,"textQf":null,"attr":{"id":"com.huawei.android.thememanager:id/ivpause_rl","name":"android.widget.RelativeLayout","text":null,"desc":null,"clickable":false,"focusable":false,"checkable":false,"checked":false,"longClickable":false,"visibleToUser":false,"left":2793,"top":313,"right":1260,"bottom":1373,"width":-1533,"height":1060,"childCount":0,"index":2,"depth":12}},{"id":193,"pid":144,"index":0,"idQf":true,"textQf":null,"attr":{"id":"com.huawei.android.thememanager:id/image_item","name":"android.widget.ImageView","text":null,"desc":"截图 5","clickable":false,"focusable":false,"checkable":false,"checked":false,"longClickable":false,"visibleToUser":false,"left":2240,"top":313,"right":1260,"bottom":1373,"width":-980,"height":1060,"childCount":0,"index":0,"depth":12}},{"id":194,"pid":144,"index":1,"idQf":true,"textQf":null,"attr":{"id":"com.huawei.android.thememanager:id/image_mask_item","name":"android.widget.ImageView","text":null,"desc":null,"clickable":false,"focusable":false,"checkable":false,"checked":false,"longClickable":false,"visibleToUser":false,"left":2240,"top":313,"right":1260,"bottom":1373,"width":-980,"height":1060,"childCount":0,"index":1,"depth":12}},{"id":195,"pid":144,"index":2,"idQf":true,"textQf":null,"attr":{"id":"com.huawei.android.thememanager:id/ivpause_rl","name":"android.widget.RelativeLayout","text":null,"desc":null,"clickable":false,"focusable":false,"checkable":false,"checked":false,"longClickable":false,"visibleToUser":false,"left":2240,"top":313,"right":1260,"bottom":1373,"width":-980,"height":1060,"childCount":0,"index":2,"depth":12}},{"id":196,"pid":143,"index":0,"idQf":true,"textQf":null,"attr":{"id":"com.huawei.android.thememanager:id/image_item","name":"android.widget.ImageView","text":null,"desc":"截图 4","clickable":false,"focusable":false,"checkable":false,"checked":false,"longClickable":false,"visibleToUser":false,"left":1687,"top":313,"right":1260,"bottom":1373,"width":-427,"height":1060,"childCount":0,"index":0,"depth":12}},{"id":197,"pid":143,"index":1,"idQf":true,"textQf":null,"attr":{"id":"com.huawei.android.thememanager:id/image_mask_item","name":"android.widget.ImageView","text":null,"desc":null,"clickable":false,"focusable":false,"checkable":false,"checked":false,"longClickable":false,"visibleToUser":false,"left":1687,"top":313,"right":1260,"bottom":1373,"width":-427,"height":1060,"childCount":0,"index":1,"depth":12}},{"id":198,"pid":143,"index":2,"idQf":true,"textQf":null,"attr":{"id":"com.huawei.android.thememanager:id/ivpause_rl","name":"android.widget.RelativeLayout","text":null,"desc":null,"clickable":false,"focusable":false,"checkable":false,"checked":false,"longClickable":false,"visibleToUser":false,"left":1687,"top":313,"right":1260,"bottom":1373,"width":-427,"height":1060,"childCount":0,"index":2,"depth":12}},{"id":199,"pid":142,"index":0,"idQf":true,"textQf":null,"attr":{"id":"com.huawei.android.thememanager:id/image_item","name":"android.widget.ImageView","text":null,"desc":"截图 3","clickable":false,"focusable":false,"checkable":false,"checked":false,"longClickable":false,"visibleToUser":true,"left":1134,"top":313,"right":1260,"bottom":1373,"width":126,"height":1060,"childCount":0,"index":0,"depth":12}},{"id":200,"pid":142,"index":1,"idQf":true,"textQf":null,"attr":{"id":"com.huawei.android.thememanager:id/image_mask_item","name":"android.widget.ImageView","text":null,"desc":null,"clickable":false,"focusable":false,"checkable":false,"checked":false,"longClickable":false,"visibleToUser":true,"left":1134,"top":313,"right":1260,"bottom":1373,"width":126,"height":1060,"childCount":0,"index":1,"depth":12}},{"id":201,"pid":142,"index":2,"idQf":true,"textQf":null,"attr":{"id":"com.huawei.android.thememanager:id/ivpause_rl","name":"android.widget.RelativeLayout","text":null,"desc":null,"clickable":false,"focusable":false,"checkable":false,"checked":false,"longClickable":false,"visibleToUser":true,"left":1134,"top":313,"right":1260,"bottom":1373,"width":126,"height":1060,"childCount":0,"index":2,"depth":12}},{"id":202,"pid":141,"index":0,"idQf":true,"textQf":null,"attr":{"id":"com.huawei.android.thememanager:id/image_item","name":"android.widget.ImageView","text":null,"desc":"截图 2","clickable":false,"focusable":false,"checkable":false,"checked":false,"longClickable":false,"visibleToUser":true,"left":581,"top":313,"right":1111,"bottom":1373,"width":530,"height":1060,"childCount":0,"index":0,"depth":12}},{"id":203,"pid":141,"index":1,"idQf":true,"textQf":null,"attr":{"id":"com.huawei.android.thememanager:id/image_mask_item","name":"android.widget.ImageView","text":null,"desc":null,"clickable":false,"focusable":false,"checkable":false,"checked":false,"longClickable":false,"visibleToUser":true,"left":581,"top":313,"right":1111,"bottom":1373,"width":530,"height":1060,"childCount":0,"index":1,"depth":12}},{"id":204,"pid":141,"index":2,"idQf":true,"textQf":null,"attr":{"id":"com.huawei.android.thememanager:id/ivpause_rl","name":"android.widget.RelativeLayout","text":null,"desc":null,"clickable":false,"focusable":false,"checkable":false,"checked":false,"longClickable":false,"visibleToUser":true,"left":581,"top":313,"right":1111,"bottom":1373,"width":530,"height":1060,"childCount":0,"index":2,"depth":12}},{"id":205,"pid":141,"index":3,"idQf":true,"textQf":null,"attr":{"id":"com.huawei.android.thememanager:id/vip_mark_bg","name":"android.widget.TextView","text":null,"desc":null,"clickable":false,"focusable":false,"checkable":false,"checked":false,"longClickable":false,"visibleToUser":true,"left":1066,"top":336,"right":1088,"bottom":385,"width":22,"height":49,"childCount":0,"index":3,"depth":12}},{"id":206,"pid":141,"index":4,"idQf":true,"textQf":null,"attr":{"id":"com.huawei.android.thememanager:id/image_type","name":"android.widget.ImageView","text":null,"desc":null,"clickable":false,"focusable":false,"checkable":false,"checked":false,"longClickable":false,"visibleToUser":true,"left":604,"top":1274,"right":701,"bottom":1350,"width":97,"height":76,"childCount":0,"index":4,"depth":12}},{"id":207,"pid":140,"index":0,"idQf":true,"textQf":null,"attr":{"id":"com.huawei.android.thememanager:id/image_item","name":"android.widget.ImageView","text":null,"desc":"截图 1","clickable":false,"focusable":false,"checkable":false,"checked":false,"longClickable":false,"visibleToUser":true,"left":69,"top":313,"right":558,"bottom":1373,"width":489,"height":1060,"childCount":0,"index":0,"depth":12}},{"id":208,"pid":140,"index":1,"idQf":true,"textQf":null,"attr":{"id":"com.huawei.android.thememanager:id/image_mask_item","name":"android.widget.ImageView","text":null,"desc":null,"clickable":false,"focusable":false,"checkable":false,"checked":false,"longClickable":false,"visibleToUser":true,"left":69,"top":313,"right":558,"bottom":1373,"width":489,"height":1060,"childCount":0,"index":1,"depth":12}},{"id":209,"pid":140,"index":2,"idQf":true,"textQf":null,"attr":{"id":"com.huawei.android.thememanager:id/ivpause_rl","name":"android.widget.RelativeLayout","text":null,"desc":null,"clickable":false,"focusable":false,"checkable":false,"checked":false,"longClickable":false,"visibleToUser":true,"left":69,"top":313,"right":558,"bottom":1373,"width":489,"height":1060,"childCount":0,"index":2,"depth":12}},{"id":210,"pid":7,"index":0,"idQf":true,"textQf":null,"attr":{"id":"com.huawei.android.thememanager:id/place_view","name":"android.view.View","text":null,"desc":null,"clickable":false,"focusable":false,"checkable":false,"checked":false,"longClickable":false,"visibleToUser":false,"left":0,"top":0,"right":1260,"bottom":0,"width":1260,"height":0,"childCount":0,"index":0,"depth":5}}]}