{"id":1701615747494,"appId":"com.youloft.icloser","activityId":"com.youloft.icloser.splash.AdSplashActivity","appName":"心动日常","appVersionCode":3000080,"appVersionName":"3.0.8","screenHeight":2376,"screenWidth":1152,"isLandscape":false,"gkdVersionCode":14,"gkdVersionName":"1.5.4","device":{"device":"HWNOH","model":"NOH-AL10","manufacturer":"HUAWEI","brand":"HUAWEI","sdkInt":31,"release":"12"},"nodes":[{"id":0,"pid":-1,"index":0,"idQf":null,"textQf":null,"attr":{"id":null,"name":"android.widget.FrameLayout","text":null,"desc":null,"clickable":false,"focusable":false,"checkable":false,"checked":false,"longClickable":false,"visibleToUser":true,"left":0,"top":0,"right":1152,"bottom":2376,"width":1152,"height":2376,"childCount":2,"index":0,"depth":0}},{"id":1,"pid":0,"index":0,"idQf":null,"textQf":null,"attr":{"id":null,"name":"android.widget.LinearLayout","text":null,"desc":null,"clickable":false,"focusable":false,"checkable":false,"checked":false,"longClickable":false,"visibleToUser":true,"left":0,"top":0,"right":1152,"bottom":2376,"width":1152,"height":2376,"childCount":1,"index":0,"depth":1}},{"id":2,"pid":0,"index":1,"idQf":true,"textQf":null,"attr":{"id":"android:id/statusBarBackground","name":"android.view.View","text":null,"desc":null,"clickable":false,"focusable":false,"checkable":false,"checked":false,"longClickable":false,"visibleToUser":false,"left":0,"top":0,"right":1152,"bottom":120,"width":1152,"height":120,"childCount":0,"index":1,"depth":1}},{"id":3,"pid":1,"index":0,"idQf":true,"textQf":null,"attr":{"id":"android:id/content","name":"android.widget.FrameLayout","text":null,"desc":null,"clickable":false,"focusable":false,"checkable":false,"checked":false,"longClickable":false,"visibleToUser":true,"left":0,"top":0,"right":1152,"bottom":2376,"width":1152,"height":2376,"childCount":1,"index":0,"depth":2}},{"id":4,"pid":3,"index":0,"idQf":true,"textQf":null,"attr":{"id":"com.youloft.icloser:id/a","name":"android.widget.FrameLayout","text":null,"desc":null,"clickable":false,"focusable":false,"checkable":false,"checked":false,"longClickable":false,"visibleToUser":true,"left":0,"top":0,"right":1152,"bottom":2376,"width":1152,"height":2376,"childCount":6,"index":0,"depth":3}},{"id":5,"pid":4,"index":0,"idQf":null,"textQf":null,"attr":{"id":null,"name":"android.view.View","text":null,"desc":null,"clickable":false,"focusable":false,"checkable":false,"checked":false,"longClickable":false,"visibleToUser":false,"left":0,"top":0,"right":0,"bottom":0,"width":0,"height":0,"childCount":0,"index":0,"depth":4}},{"id":6,"pid":4,"index":1,"idQf":null,"textQf":null,"attr":{"id":null,"name":"android.widget.FrameLayout","text":null,"desc":null,"clickable":false,"focusable":false,"checkable":false,"checked":false,"longClickable":false,"visibleToUser":true,"left":0,"top":0,"right":1152,"bottom":2376,"width":1152,"height":2376,"childCount":0,"index":1,"depth":4}},{"id":7,"pid":4,"index":2,"idQf":true,"textQf":null,"attr":{"id":"com.youloft.icloser:id/top_space","name":"android.view.View","text":null,"desc":null,"clickable":false,"focusable":false,"checkable":false,"checked":false,"longClickable":false,"visibleToUser":false,"left":0,"top":0,"right":1152,"bottom":120,"width":1152,"height":120,"childCount":0,"index":2,"depth":4}},{"id":8,"pid":4,"index":3,"idQf":true,"textQf":null,"attr":{"id":"com.youloft.icloser:id/sdk_container","name":"android.widget.FrameLayout","text":null,"desc":null,"clickable":false,"focusable":false,"checkable":false,"checked":false,"longClickable":false,"visibleToUser":true,"left":0,"top":120,"right":1152,"bottom":2022,"width":1152,"height":1902,"childCount":1,"index":3,"depth":4}},{"id":9,"pid":4,"index":4,"idQf":true,"textQf":true,"attr":{"id":"com.youloft.icloser:id/tv_recommend","name":"android.widget.TextView","text":"为你推荐","desc":null,"clickable":false,"focusable":false,"checkable":false,"checked":false,"longClickable":false,"visibleToUser":true,"left":918,"top":1907,"right":1086,"bottom":1968,"width":168,"height":61,"childCount":0,"index":4,"depth":4}},{"id":10,"pid":4,"index":5,"idQf":true,"textQf":null,"attr":{"id":"com.youloft.icloser:id/slogan_image","name":"android.widget.ImageView","text":null,"desc":null,"clickable":false,"focusable":false,"checkable":false,"checked":false,"longClickable":false,"visibleToUser":true,"left":0,"top":2022,"right":1152,"bottom":2376,"width":1152,"height":354,"childCount":0,"index":5,"depth":4}},{"id":11,"pid":8,"index":0,"idQf":null,"textQf":null,"attr":{"id":null,"name":"android.widget.FrameLayout","text":null,"desc":null,"clickable":false,"focusable":false,"checkable":false,"checked":false,"longClickable":false,"visibleToUser":true,"left":0,"top":120,"right":1152,"bottom":2022,"width":1152,"height":1902,"childCount":1,"index":0,"depth":5}},{"id":12,"pid":11,"index":0,"idQf":true,"textQf":null,"attr":{"id":"com.youloft.icloser:id/ksad_splash_root_container","name":"android.widget.FrameLayout","text":null,"desc":null,"clickable":false,"focusable":false,"checkable":false,"checked":false,"longClickable":false,"visibleToUser":true,"left":0,"top":120,"right":1152,"bottom":2022,"width":1152,"height":1902,"childCount":1,"index":0,"depth":6}},{"id":13,"pid":12,"index":0,"idQf":true,"textQf":null,"attr":{"id":"com.youloft.icloser:id/splash_full_tk_play_card_view","name":"android.widget.FrameLayout","text":null,"desc":null,"clickable":false,"focusable":false,"checkable":false,"checked":false,"longClickable":false,"visibleToUser":true,"left":0,"top":120,"right":1152,"bottom":2022,"width":1152,"height":1902,"childCount":1,"index":0,"depth":7}},{"id":14,"pid":13,"index":0,"idQf":null,"textQf":null,"attr":{"id":null,"name":"android.widget.FrameLayout","text":null,"desc":null,"clickable":false,"focusable":false,"checkable":false,"checked":false,"longClickable":false,"visibleToUser":true,"left":0,"top":120,"right":1152,"bottom":2022,"width":1152,"height":1902,"childCount":1,"index":0,"depth":8}},{"id":15,"pid":14,"index":0,"idQf":null,"textQf":null,"attr":{"id":null,"name":"android.view.ViewGroup","text":null,"desc":null,"clickable":false,"focusable":false,"checkable":false,"checked":false,"longClickable":false,"visibleToUser":true,"left":0,"top":120,"right":1152,"bottom":2022,"width":1152,"height":1902,"childCount":1,"index":0,"depth":9}},{"id":16,"pid":15,"index":0,"idQf":null,"textQf":null,"attr":{"id":null,"name":"android.view.ViewGroup","text":null,"desc":null,"clickable":false,"focusable":false,"checkable":false,"checked":false,"longClickable":false,"visibleToUser":true,"left":0,"top":120,"right":1152,"bottom":2022,"width":1152,"height":1902,"childCount":1,"index":0,"depth":10}},{"id":17,"pid":16,"index":0,"idQf":null,"textQf":null,"attr":{"id":null,"name":"android.view.ViewGroup","text":null,"desc":null,"clickable":false,"focusable":false,"checkable":false,"checked":false,"longClickable":false,"visibleToUser":true,"left":0,"top":120,"right":1152,"bottom":2022,"width":1152,"height":1902,"childCount":7,"index":0,"depth":11}},{"id":18,"pid":17,"index":0,"idQf":null,"textQf":null,"attr":{"id":null,"name":"android.widget.ImageView","text":null,"desc":null,"clickable":false,"focusable":false,"checkable":false,"checked":false,"longClickable":false,"visibleToUser":true,"left":0,"top":120,"right":1152,"bottom":2022,"width":1152,"height":1902,"childCount":0,"index":0,"depth":12}},{"id":19,"pid":17,"index":1,"idQf":null,"textQf":null,"attr":{"id":null,"name":"android.view.ViewGroup","text":null,"desc":null,"clickable":false,"focusable":false,"checkable":false,"checked":false,"longClickable":false,"visibleToUser":true,"left":0,"top":120,"right":1152,"bottom":2022,"width":1152,"height":1902,"childCount":0,"index":1,"depth":12}},{"id":20,"pid":17,"index":2,"idQf":null,"textQf":null,"attr":{"id":null,"name":"android.view.ViewGroup","text":null,"desc":null,"clickable":false,"focusable":false,"checkable":false,"checked":false,"longClickable":false,"visibleToUser":true,"left":0,"top":120,"right":1152,"bottom":2022,"width":1152,"height":1902,"childCount":1,"index":2,"depth":12}},{"id":21,"pid":17,"index":3,"idQf":null,"textQf":null,"attr":{"id":null,"name":"android.view.ViewGroup","text":null,"desc":null,"clickable":false,"focusable":false,"checkable":false,"checked":false,"longClickable":false,"visibleToUser":true,"left":0,"top":120,"right":1152,"bottom":360,"width":1152,"height":240,"childCount":0,"index":3,"depth":12}},{"id":22,"pid":17,"index":4,"idQf":null,"textQf":null,"attr":{"id":null,"name":"android.view.ViewGroup","text":null,"desc":null,"clickable":true,"focusable":true,"checkable":false,"checked":false,"longClickable":false,"visibleToUser":true,"left":48,"top":396,"right":1104,"bottom":497,"width":1056,"height":101,"childCount":3,"index":4,"depth":12}},{"id":23,"pid":17,"index":5,"idQf":null,"textQf":null,"attr":{"id":null,"name":"android.view.ViewGroup","text":null,"desc":null,"clickable":false,"focusable":false,"checkable":false,"checked":false,"longClickable":false,"visibleToUser":true,"left":690,"top":240,"right":1152,"bottom":594,"width":462,"height":354,"childCount":2,"index":5,"depth":12}},{"id":24,"pid":17,"index":6,"idQf":null,"textQf":null,"attr":{"id":null,"name":"android.view.ViewGroup","text":null,"desc":null,"clickable":false,"focusable":false,"checkable":false,"checked":false,"longClickable":false,"visibleToUser":true,"left":978,"top":1926,"right":1104,"bottom":1974,"width":126,"height":48,"childCount":2,"index":6,"depth":12}},{"id":25,"pid":24,"index":0,"idQf":null,"textQf":null,"attr":{"id":null,"name":"android.widget.ImageView","text":null,"desc":null,"clickable":false,"focusable":false,"checkable":false,"checked":false,"longClickable":false,"visibleToUser":true,"left":987,"top":1932,"right":1023,"bottom":1968,"width":36,"height":36,"childCount":0,"index":0,"depth":13}},{"id":26,"pid":24,"index":1,"idQf":null,"textQf":true,"attr":{"id":null,"name":"android.widget.TextView","text":"广告","desc":null,"clickable":false,"focusable":false,"checkable":false,"checked":false,"longClickable":false,"visibleToUser":true,"left":1035,"top":1932,"right":1095,"bottom":1967,"width":60,"height":35,"childCount":0,"index":1,"depth":13}},{"id":27,"pid":23,"index":0,"idQf":null,"textQf":null,"attr":{"id":null,"name":"android.widget.ImageView","text":null,"desc":null,"clickable":true,"focusable":true,"checkable":false,"checked":false,"longClickable":false,"visibleToUser":true,"left":996,"top":288,"right":1104,"bottom":396,"width":108,"height":108,"childCount":0,"index":0,"depth":13}},{"id":28,"pid":23,"index":1,"idQf":null,"textQf":null,"attr":{"id":null,"name":"android.view.ViewGroup","text":null,"desc":null,"clickable":false,"focusable":false,"checkable":false,"checked":false,"longClickable":false,"visibleToUser":true,"left":996,"top":288,"right":1104,"bottom":396,"width":108,"height":108,"childCount":1,"index":1,"depth":13}},{"id":29,"pid":28,"index":0,"idQf":null,"textQf":true,"attr":{"id":null,"name":"android.widget.TextView","text":"跳过","desc":null,"clickable":false,"focusable":false,"checkable":false,"checked":false,"longClickable":false,"visibleToUser":true,"left":1014,"top":317,"right":1086,"bottom":366,"width":72,"height":49,"childCount":0,"index":0,"depth":14}},{"id":30,"pid":22,"index":0,"idQf":null,"textQf":true,"attr":{"id":null,"name":"android.widget.TextView","text":"Soul ","desc":null,"clickable":false,"focusable":false,"checkable":false,"checked":false,"longClickable":false,"visibleToUser":true,"left":78,"top":426,"right":144,"bottom":467,"width":66,"height":41,"childCount":0,"index":0,"depth":13}},{"id":31,"pid":22,"index":1,"idQf":null,"textQf":true,"attr":{"id":null,"name":"android.widget.TextView","text":"上海任意门科技有限公司 ","desc":null,"clickable":false,"focusable":false,"checkable":false,"checked":false,"longClickable":false,"visibleToUser":true,"left":144,"top":426,"right":483,"bottom":467,"width":339,"height":41,"childCount":0,"index":1,"depth":13}},{"id":32,"pid":22,"index":2,"idQf":null,"textQf":true,"attr":{"id":null,"name":"android.widget.TextView","text":"| 版本 5.3.0 | 功能 | 权限 | 隐私 ","desc":null,"clickable":false,"focusable":true,"checkable":false,"checked":false,"longClickable":false,"visibleToUser":true,"left":483,"top":426,"right":901,"bottom":467,"width":418,"height":41,"childCount":0,"index":2,"depth":13}},{"id":33,"pid":20,"index":0,"idQf":null,"textQf":null,"attr":{"id":null,"name":"android.view.ViewGroup","text":null,"desc":null,"clickable":false,"focusable":false,"checkable":false,"checked":false,"longClickable":false,"visibleToUser":true,"left":0,"top":1479,"right":1152,"bottom":2022,"width":1152,"height":543,"childCount":4,"index":0,"depth":13}},{"id":34,"pid":33,"index":0,"idQf":null,"textQf":null,"attr":{"id":null,"name":"android.view.ViewGroup","text":null,"desc":null,"clickable":false,"focusable":false,"checkable":false,"checked":false,"longClickable":false,"visibleToUser":true,"left":0,"top":1479,"right":1152,"bottom":2022,"width":1152,"height":543,"childCount":0,"index":0,"depth":14}},{"id":35,"pid":33,"index":1,"idQf":null,"textQf":null,"attr":{"id":null,"name":"android.view.ViewGroup","text":null,"desc":null,"clickable":true,"focusable":true,"checkable":false,"checked":false,"longClickable":false,"visibleToUser":true,"left":438,"top":1527,"right":714,"bottom":1803,"width":276,"height":276,"childCount":1,"index":1,"depth":14}},{"id":36,"pid":33,"index":2,"idQf":null,"textQf":true,"attr":{"id":null,"name":"android.widget.TextView","text":"摇一摇","desc":null,"clickable":false,"focusable":false,"checkable":false,"checked":false,"longClickable":false,"visibleToUser":true,"left":0,"top":1830,"right":1152,"bottom":1887,"width":1152,"height":57,"childCount":0,"index":2,"depth":14}},{"id":37,"pid":33,"index":3,"idQf":null,"textQf":true,"attr":{"id":null,"name":"android.widget.TextView","text":"或点击立即下载","desc":null,"clickable":false,"focusable":false,"checkable":false,"checked":false,"longClickable":false,"visibleToUser":true,"left":0,"top":1890,"right":1152,"bottom":1931,"width":1152,"height":41,"childCount":0,"index":3,"depth":14}},{"id":38,"pid":35,"index":0,"idQf":null,"textQf":null,"attr":{"id":null,"name":"android.view.ViewGroup","text":null,"desc":null,"clickable":false,"focusable":false,"checkable":false,"checked":false,"longClickable":false,"visibleToUser":true,"left":498,"top":1587,"right":714,"bottom":1803,"width":216,"height":216,"childCount":1,"index":0,"depth":15}},{"id":39,"pid":38,"index":0,"idQf":null,"textQf":null,"attr":{"id":null,"name":"android.view.ViewGroup","text":null,"desc":null,"clickable":false,"focusable":false,"checkable":false,"checked":false,"longClickable":false,"visibleToUser":true,"left":498,"top":1587,"right":714,"bottom":1803,"width":216,"height":216,"childCount":1,"index":0,"depth":16}},{"id":40,"pid":39,"index":0,"idQf":null,"textQf":null,"attr":{"id":null,"name":"android.widget.ImageView","text":null,"desc":null,"clickable":false,"focusable":false,"checkable":false,"checked":false,"longClickable":false,"visibleToUser":true,"left":498,"top":1587,"right":655,"bottom":1743,"width":157,"height":156,"childCount":0,"index":0,"depth":17}}]}