{"id":1701996585692,"appId":"make.more.r2d2.cellular_z","activityId":"make.more.r2d2.cellular_z.activity.MonitorActivity","appName":"Cellular-Z","appVersionCode":88,"appVersionName":"6.3.9","screenHeight":2400,"screenWidth":1080,"isLandscape":false,"gkdVersionCode":14,"gkdVersionName":"1.5.4","device":{"device":"RMX2121L1","model":"RMX2121","manufacturer":"realme","brand":"realme","sdkInt":31,"release":"12"},"nodes":[{"id":0,"pid":-1,"index":0,"idQf":null,"textQf":null,"attr":{"id":null,"name":"android.widget.FrameLayout","text":null,"desc":null,"clickable":false,"focusable":false,"checkable":false,"checked":false,"longClickable":false,"visibleToUser":true,"left":27,"top":1041,"right":1053,"bottom":1465,"width":1026,"height":424,"childCount":1,"index":0,"depth":0}},{"id":1,"pid":0,"index":0,"idQf":null,"textQf":null,"attr":{"id":null,"name":"android.widget.FrameLayout","text":null,"desc":null,"clickable":false,"focusable":false,"checkable":false,"checked":false,"longClickable":false,"visibleToUser":true,"left":27,"top":1041,"right":1053,"bottom":1465,"width":1026,"height":424,"childCount":1,"index":0,"depth":1}},{"id":2,"pid":1,"index":0,"idQf":true,"textQf":null,"attr":{"id":"android:id/content","name":"android.widget.FrameLayout","text":null,"desc":null,"clickable":false,"focusable":false,"checkable":false,"checked":false,"longClickable":false,"visibleToUser":true,"left":27,"top":1041,"right":1053,"bottom":1465,"width":1026,"height":424,"childCount":1,"index":0,"depth":2}},{"id":3,"pid":2,"index":0,"idQf":null,"textQf":null,"attr":{"id":null,"name":"android.widget.LinearLayout","text":null,"desc":null,"clickable":false,"focusable":false,"checkable":false,"checked":false,"longClickable":false,"visibleToUser":true,"left":27,"top":1041,"right":1053,"bottom":1465,"width":1026,"height":424,"childCount":1,"index":0,"depth":3}},{"id":4,"pid":3,"index":0,"idQf":null,"textQf":null,"attr":{"id":null,"name":"android.widget.LinearLayout","text":null,"desc":null,"clickable":false,"focusable":false,"checkable":false,"checked":false,"longClickable":false,"visibleToUser":true,"left":120,"top":1041,"right":960,"bottom":1465,"width":840,"height":424,"childCount":2,"index":0,"depth":4}},{"id":5,"pid":4,"index":0,"idQf":null,"textQf":null,"attr":{"id":null,"name":"android.widget.LinearLayout","text":null,"desc":null,"clickable":false,"focusable":false,"checkable":false,"checked":false,"longClickable":false,"visibleToUser":true,"left":120,"top":1041,"right":960,"bottom":1345,"width":840,"height":304,"childCount":2,"index":0,"depth":5}},{"id":6,"pid":4,"index":1,"idQf":null,"textQf":null,"attr":{"id":null,"name":"android.widget.LinearLayout","text":null,"desc":null,"clickable":false,"focusable":false,"checkable":false,"checked":false,"longClickable":false,"visibleToUser":true,"left":120,"top":1345,"right":960,"bottom":1465,"width":840,"height":120,"childCount":2,"index":1,"depth":5}},{"id":7,"pid":6,"index":0,"idQf":true,"textQf":true,"attr":{"id":"make.more.r2d2.cellular_z:id/btn_alert_left","name":"android.widget.Button","text":"取消","desc":null,"clickable":true,"focusable":true,"checkable":false,"checked":false,"longClickable":false,"visibleToUser":true,"left":120,"top":1345,"right":540,"bottom":1465,"width":420,"height":120,"childCount":0,"index":0,"depth":6}},{"id":8,"pid":6,"index":1,"idQf":true,"textQf":true,"attr":{"id":"make.more.r2d2.cellular_z:id/btn_alert_right","name":"android.widget.Button","text":"更新","desc":null,"clickable":true,"focusable":true,"checkable":false,"checked":false,"longClickable":false,"visibleToUser":true,"left":540,"top":1345,"right":960,"bottom":1465,"width":420,"height":120,"childCount":0,"index":1,"depth":6}},{"id":9,"pid":5,"index":0,"idQf":true,"textQf":true,"attr":{"id":"make.more.r2d2.cellular_z:id/tv_alert_title","name":"android.widget.TextView","text":"发现新版本","desc":null,"clickable":false,"focusable":false,"checkable":false,"checked":false,"longClickable":false,"visibleToUser":true,"left":120,"top":1041,"right":960,"bottom":1168,"width":840,"height":127,"childCount":0,"index":0,"depth":6}},{"id":10,"pid":5,"index":1,"idQf":true,"textQf":true,"attr":{"id":"make.more.r2d2.cellular_z:id/tv_alert_desc","name":"android.widget.TextView","text":"1. 优化5G网络参数 \n2. 重做速度测试","desc":null,"clickable":false,"focusable":false,"checkable":false,"checked":false,"longClickable":false,"visibleToUser":true,"left":120,"top":1165,"right":960,"bottom":1345,"width":840,"height":180,"childCount":0,"index":1,"depth":6}}]}