{"id":1701787140851,"appId":"com.zmzx.college.search","activityId":"com.zmzx.college.search.activity.login.activity.LoginActivity","appName":"大学搜题酱","appVersionCode":316,"appVersionName":"2.9.0","screenHeight":2376,"screenWidth":1080,"isLandscape":false,"gkdVersionCode":14,"gkdVersionName":"1.5.4","device":{"device":"PD2163","model":"V2163A","manufacturer":"vivo","brand":"vivo","sdkInt":33,"release":"13"},"nodes":[{"id":0,"pid":-1,"index":0,"idQf":null,"textQf":null,"attr":{"id":null,"name":"android.widget.FrameLayout","text":null,"desc":null,"clickable":false,"focusable":false,"checkable":false,"checked":false,"longClickable":false,"visibleToUser":true,"left":0,"top":0,"right":1080,"bottom":2376,"width":1080,"height":2376,"childCount":2,"index":0,"depth":0}},{"id":1,"pid":0,"index":0,"idQf":null,"textQf":null,"attr":{"id":null,"name":"android.widget.LinearLayout","text":null,"desc":null,"clickable":false,"focusable":false,"checkable":false,"checked":false,"longClickable":false,"visibleToUser":true,"left":0,"top":0,"right":1080,"bottom":2376,"width":1080,"height":2376,"childCount":1,"index":0,"depth":1}},{"id":2,"pid":0,"index":1,"idQf":true,"textQf":null,"attr":{"id":"android:id/statusBarBackground","name":"android.view.View","text":null,"desc":null,"clickable":false,"focusable":false,"checkable":false,"checked":false,"longClickable":false,"visibleToUser":false,"left":0,"top":0,"right":1080,"bottom":96,"width":1080,"height":96,"childCount":0,"index":1,"depth":1}},{"id":3,"pid":1,"index":0,"idQf":true,"textQf":null,"attr":{"id":"android:id/content","name":"android.widget.FrameLayout","text":null,"desc":null,"clickable":false,"focusable":false,"checkable":false,"checked":false,"longClickable":false,"visibleToUser":true,"left":0,"top":96,"right":1080,"bottom":2376,"width":1080,"height":2280,"childCount":1,"index":0,"depth":2}},{"id":4,"pid":3,"index":0,"idQf":true,"textQf":null,"attr":{"id":"com.zmzx.college.search:id/swapback","name":"android.widget.FrameLayout","text":null,"desc":null,"clickable":false,"focusable":false,"checkable":false,"checked":false,"longClickable":false,"visibleToUser":true,"left":0,"top":96,"right":1080,"bottom":2376,"width":1080,"height":2280,"childCount":2,"index":0,"depth":3}},{"id":5,"pid":4,"index":0,"idQf":null,"textQf":null,"attr":{"id":null,"name":"android.view.View","text":null,"desc":null,"clickable":false,"focusable":false,"checkable":false,"checked":false,"longClickable":false,"visibleToUser":true,"left":0,"top":96,"right":1080,"bottom":2376,"width":1080,"height":2280,"childCount":0,"index":0,"depth":4}},{"id":6,"pid":4,"index":1,"idQf":true,"textQf":null,"attr":{"id":"com.zmzx.college.search:id/content_view","name":"android.widget.FrameLayout","text":null,"desc":null,"clickable":false,"focusable":false,"checkable":false,"checked":false,"longClickable":false,"visibleToUser":true,"left":0,"top":96,"right":1080,"bottom":2376,"width":1080,"height":2280,"childCount":1,"index":1,"depth":4}},{"id":7,"pid":6,"index":0,"idQf":null,"textQf":null,"attr":{"id":null,"name":"android.widget.FrameLayout","text":null,"desc":null,"clickable":false,"focusable":false,"checkable":false,"checked":false,"longClickable":false,"visibleToUser":true,"left":0,"top":96,"right":1080,"bottom":2376,"width":1080,"height":2280,"childCount":2,"index":0,"depth":5}},{"id":8,"pid":7,"index":0,"idQf":null,"textQf":null,"attr":{"id":null,"name":"android.widget.ScrollView","text":null,"desc":null,"clickable":false,"focusable":true,"checkable":false,"checked":false,"longClickable":false,"visibleToUser":true,"left":0,"top":96,"right":1080,"bottom":2376,"width":1080,"height":2280,"childCount":1,"index":0,"depth":6}},{"id":9,"pid":7,"index":1,"idQf":true,"textQf":null,"attr":{"id":"com.zmzx.college.search:id/rl_title","name":"android.widget.RelativeLayout","text":null,"desc":null,"clickable":false,"focusable":false,"checkable":false,"checked":false,"longClickable":false,"visibleToUser":true,"left":0,"top":96,"right":1080,"bottom":240,"width":1080,"height":144,"childCount":1,"index":1,"depth":6}},{"id":10,"pid":9,"index":0,"idQf":true,"textQf":null,"attr":{"id":"com.zmzx.college.search:id/sll_skip","name":"android.widget.LinearLayout","text":null,"desc":null,"clickable":true,"focusable":true,"checkable":false,"checked":false,"longClickable":false,"visibleToUser":true,"left":861,"top":96,"right":1080,"bottom":240,"width":219,"height":144,"childCount":1,"index":0,"depth":7}},{"id":11,"pid":10,"index":0,"idQf":null,"textQf":true,"attr":{"id":null,"name":"android.widget.TextView","text":"跳过","desc":null,"clickable":false,"focusable":false,"checkable":false,"checked":false,"longClickable":false,"visibleToUser":true,"left":936,"top":139,"right":1020,"bottom":196,"width":84,"height":57,"childCount":0,"index":0,"depth":8}},{"id":12,"pid":8,"index":0,"idQf":null,"textQf":null,"attr":{"id":null,"name":"android.widget.RelativeLayout","text":null,"desc":null,"clickable":false,"focusable":false,"checkable":false,"checked":false,"longClickable":false,"visibleToUser":true,"left":0,"top":96,"right":1080,"bottom":2376,"width":1080,"height":2280,"childCount":4,"index":0,"depth":7}},{"id":13,"pid":12,"index":0,"idQf":true,"textQf":null,"attr":{"id":"com.zmzx.college.search:id/head_view","name":"android.widget.RelativeLayout","text":null,"desc":null,"clickable":false,"focusable":false,"checkable":false,"checked":false,"longClickable":false,"visibleToUser":true,"left":0,"top":96,"right":1080,"bottom":546,"width":1080,"height":450,"childCount":2,"index":0,"depth":8}},{"id":14,"pid":12,"index":1,"idQf":true,"textQf":null,"attr":{"id":"com.zmzx.college.search:id/ll_input_area","name":"android.widget.LinearLayout","text":null,"desc":null,"clickable":false,"focusable":false,"checkable":false,"checked":false,"longClickable":false,"visibleToUser":true,"left":108,"top":660,"right":960,"bottom":725,"width":852,"height":65,"childCount":2,"index":1,"depth":8}},{"id":15,"pid":12,"index":2,"idQf":true,"textQf":true,"attr":{"id":"com.zmzx.college.search:id/s_btn_next","name":"android.widget.Button","text":"下一步","desc":null,"clickable":true,"focusable":true,"checkable":false,"checked":false,"longClickable":false,"visibleToUser":true,"left":108,"top":995,"right":972,"bottom":1127,"width":864,"height":132,"childCount":0,"index":2,"depth":8}},{"id":16,"pid":12,"index":3,"idQf":null,"textQf":null,"attr":{"id":null,"name":"android.widget.LinearLayout","text":null,"desc":null,"clickable":false,"focusable":false,"checkable":false,"checked":false,"longClickable":false,"visibleToUser":true,"left":0,"top":1733,"right":1080,"bottom":2376,"width":1080,"height":643,"childCount":3,"index":3,"depth":8}},{"id":17,"pid":16,"index":0,"idQf":null,"textQf":null,"attr":{"id":null,"name":"android.widget.LinearLayout","text":null,"desc":null,"clickable":false,"focusable":false,"checkable":false,"checked":false,"longClickable":false,"visibleToUser":true,"left":0,"top":1733,"right":1080,"bottom":1782,"width":1080,"height":49,"childCount":3,"index":0,"depth":9}},{"id":18,"pid":16,"index":1,"idQf":null,"textQf":null,"attr":{"id":null,"name":"android.widget.LinearLayout","text":null,"desc":null,"clickable":false,"focusable":false,"checkable":false,"checked":false,"longClickable":false,"visibleToUser":true,"left":324,"top":1854,"right":756,"bottom":2070,"width":432,"height":216,"childCount":2,"index":1,"depth":9}},{"id":19,"pid":16,"index":2,"idQf":true,"textQf":null,"attr":{"id":"com.zmzx.college.search:id/login_bottom_hint_layout","name":"android.widget.LinearLayout","text":null,"desc":null,"clickable":false,"focusable":false,"checkable":false,"checked":false,"longClickable":false,"visibleToUser":true,"left":81,"top":2196,"right":999,"bottom":2289,"width":918,"height":93,"childCount":2,"index":2,"depth":9}},{"id":20,"pid":19,"index":0,"idQf":true,"textQf":null,"attr":{"id":"com.zmzx.college.search:id/rl_checkbox_parent","name":"android.widget.RelativeLayout","text":null,"desc":null,"clickable":true,"focusable":true,"checkable":false,"checked":false,"longClickable":false,"visibleToUser":true,"left":81,"top":2196,"right":171,"bottom":2286,"width":90,"height":90,"childCount":1,"index":0,"depth":10}},{"id":21,"pid":19,"index":1,"idQf":true,"textQf":true,"attr":{"id":"com.zmzx.college.search:id/stv_hint","name":"android.widget.TextView","text":"登录即视为同意《用户服务协议》《用户隐私政策》","desc":null,"clickable":false,"focusable":true,"checkable":false,"checked":false,"longClickable":false,"visibleToUser":true,"left":171,"top":2200,"right":999,"bottom":2289,"width":828,"height":89,"childCount":0,"index":1,"depth":10}},{"id":22,"pid":20,"index":0,"idQf":true,"textQf":null,"attr":{"id":"com.zmzx.college.search:id/login_checkbox","name":"android.widget.CheckBox","text":null,"desc":null,"clickable":true,"focusable":true,"checkable":true,"checked":false,"longClickable":false,"visibleToUser":true,"left":105,"top":2213,"right":165,"bottom":2273,"width":60,"height":60,"childCount":0,"index":0,"depth":11}},{"id":23,"pid":18,"index":0,"idQf":true,"textQf":null,"attr":{"id":"com.zmzx.college.search:id/srl_wechat","name":"android.widget.RelativeLayout","text":null,"desc":null,"clickable":true,"focusable":true,"checkable":false,"checked":false,"longClickable":false,"visibleToUser":true,"left":324,"top":1854,"right":468,"bottom":2070,"width":144,"height":216,"childCount":2,"index":0,"depth":10}},{"id":24,"pid":18,"index":1,"idQf":true,"textQf":null,"attr":{"id":"com.zmzx.college.search:id/srl_qq","name":"android.widget.RelativeLayout","text":null,"desc":null,"clickable":true,"focusable":true,"checkable":false,"checked":false,"longClickable":false,"visibleToUser":true,"left":624,"top":1854,"right":756,"bottom":2070,"width":132,"height":216,"childCount":2,"index":1,"depth":10}},{"id":25,"pid":24,"index":0,"idQf":true,"textQf":null,"attr":{"id":"com.zmzx.college.search:id/siv_qq","name":"android.widget.ImageView","text":null,"desc":null,"clickable":false,"focusable":false,"checkable":false,"checked":false,"longClickable":false,"visibleToUser":true,"left":624,"top":1854,"right":756,"bottom":1986,"width":132,"height":132,"childCount":0,"index":0,"depth":11}},{"id":26,"pid":24,"index":1,"idQf":null,"textQf":true,"attr":{"id":null,"name":"android.widget.TextView","text":"QQ登录","desc":null,"clickable":false,"focusable":false,"checkable":false,"checked":false,"longClickable":false,"visibleToUser":true,"left":626,"top":2028,"right":754,"bottom":2070,"width":128,"height":42,"childCount":0,"index":1,"depth":11}},{"id":27,"pid":23,"index":0,"idQf":true,"textQf":null,"attr":{"id":"com.zmzx.college.search:id/siv_we_chat","name":"android.widget.ImageView","text":null,"desc":null,"clickable":false,"focusable":false,"checkable":false,"checked":false,"longClickable":false,"visibleToUser":true,"left":330,"top":1854,"right":462,"bottom":1986,"width":132,"height":132,"childCount":0,"index":0,"depth":11}},{"id":28,"pid":23,"index":1,"idQf":null,"textQf":true,"attr":{"id":null,"name":"android.widget.TextView","text":"微信登录","desc":null,"clickable":false,"focusable":false,"checkable":false,"checked":false,"longClickable":false,"visibleToUser":true,"left":324,"top":2028,"right":468,"bottom":2070,"width":144,"height":42,"childCount":0,"index":1,"depth":11}},{"id":29,"pid":17,"index":0,"idQf":null,"textQf":null,"attr":{"id":null,"name":"android.view.View","text":null,"desc":null,"clickable":false,"focusable":false,"checkable":false,"checked":false,"longClickable":false,"visibleToUser":true,"left":108,"top":1756,"right":390,"bottom":1758,"width":282,"height":2,"childCount":0,"index":0,"depth":10}},{"id":30,"pid":17,"index":1,"idQf":null,"textQf":true,"attr":{"id":null,"name":"android.widget.TextView","text":"其他方式登录","desc":null,"clickable":false,"focusable":false,"checkable":false,"checked":false,"longClickable":false,"visibleToUser":true,"left":414,"top":1733,"right":666,"bottom":1782,"width":252,"height":49,"childCount":0,"index":1,"depth":10}},{"id":31,"pid":17,"index":2,"idQf":null,"textQf":null,"attr":{"id":null,"name":"android.view.View","text":null,"desc":null,"clickable":false,"focusable":false,"checkable":false,"checked":false,"longClickable":false,"visibleToUser":true,"left":690,"top":1756,"right":972,"bottom":1758,"width":282,"height":2,"childCount":0,"index":2,"depth":10}},{"id":32,"pid":14,"index":0,"idQf":true,"textQf":true,"attr":{"id":"com.zmzx.college.search:id/et_phone","name":"android.widget.EditText","text":"111 1111 1111","desc":null,"clickable":true,"focusable":true,"checkable":false,"checked":false,"longClickable":true,"visibleToUser":true,"left":108,"top":660,"right":870,"bottom":725,"width":762,"height":65,"childCount":0,"index":0,"depth":9}},{"id":33,"pid":14,"index":1,"idQf":true,"textQf":null,"attr":{"id":"com.zmzx.college.search:id/siv_clear","name":"android.widget.ImageView","text":null,"desc":null,"clickable":true,"focusable":true,"checkable":false,"checked":false,"longClickable":false,"visibleToUser":true,"left":870,"top":660,"right":960,"bottom":725,"width":90,"height":65,"childCount":0,"index":1,"depth":9}},{"id":34,"pid":13,"index":0,"idQf":true,"textQf":null,"attr":{"id":"com.zmzx.college.search:id/iv_login_head_background","name":"android.widget.ImageView","text":null,"desc":null,"clickable":false,"focusable":false,"checkable":false,"checked":false,"longClickable":false,"visibleToUser":true,"left":0,"top":96,"right":1080,"bottom":546,"width":1080,"height":450,"childCount":0,"index":0,"depth":9}},{"id":35,"pid":13,"index":1,"idQf":true,"textQf":true,"attr":{"id":"com.zmzx.college.search:id/tv_login_title","name":"android.widget.TextView","text":"登录","desc":null,"clickable":false,"focusable":false,"checkable":false,"checked":false,"longClickable":false,"visibleToUser":true,"left":108,"top":425,"right":264,"bottom":516,"width":156,"height":91,"childCount":0,"index":1,"depth":9}}]}