{"id":1701451114318,"appId":"com.tencent.gamereva","activityId":"com.tencent.gamereva.UfoLaunchActivity","appName":"腾讯先锋","appVersionCode":4011903,"appVersionName":"5.7.0.4011903","screenHeight":2160,"screenWidth":1080,"isLandscape":false,"gkdVersionCode":11,"gkdVersionName":"1.5.1","device":{"device":"chiron","model":"MIX 2","manufacturer":"Xiaomi","brand":"Xiaomi","sdkInt":28,"release":"9"},"nodes":[{"id":0,"pid":-1,"index":0,"idQf":null,"textQf":null,"attr":{"id":null,"name":"android.widget.FrameLayout","text":null,"desc":null,"clickable":false,"focusable":false,"checkable":false,"checked":false,"longClickable":false,"visibleToUser":true,"left":0,"top":0,"right":1080,"bottom":2160,"width":1080,"height":2160,"childCount":1,"index":0,"depth":0}},{"id":1,"pid":0,"index":0,"idQf":null,"textQf":null,"attr":{"id":null,"name":"android.widget.LinearLayout","text":null,"desc":null,"clickable":false,"focusable":false,"checkable":false,"checked":false,"longClickable":false,"visibleToUser":true,"left":0,"top":0,"right":1080,"bottom":2160,"width":1080,"height":2160,"childCount":1,"index":0,"depth":1}},{"id":2,"pid":1,"index":0,"idQf":null,"textQf":null,"attr":{"id":null,"name":"android.widget.FrameLayout","text":null,"desc":null,"clickable":false,"focusable":false,"checkable":false,"checked":false,"longClickable":false,"visibleToUser":true,"left":0,"top":0,"right":1080,"bottom":2160,"width":1080,"height":2160,"childCount":1,"index":0,"depth":2}},{"id":3,"pid":2,"index":0,"idQf":true,"textQf":null,"attr":{"id":"com.tencent.gamereva:id/action_bar_root","name":"android.widget.LinearLayout","text":null,"desc":null,"clickable":false,"focusable":false,"checkable":false,"checked":false,"longClickable":false,"visibleToUser":true,"left":0,"top":0,"right":1080,"bottom":2160,"width":1080,"height":2160,"childCount":1,"index":0,"depth":3}},{"id":4,"pid":3,"index":0,"idQf":true,"textQf":null,"attr":{"id":"android:id/content","name":"android.widget.FrameLayout","text":null,"desc":null,"clickable":false,"focusable":false,"checkable":false,"checked":false,"longClickable":false,"visibleToUser":true,"left":0,"top":0,"right":1080,"bottom":2160,"width":1080,"height":2160,"childCount":1,"index":0,"depth":4}},{"id":5,"pid":4,"index":0,"idQf":true,"textQf":null,"attr":{"id":"com.tencent.gamereva:id/top_bar_root","name":"android.view.ViewGroup","text":null,"desc":null,"clickable":false,"focusable":false,"checkable":false,"checked":false,"longClickable":false,"visibleToUser":true,"left":0,"top":0,"right":1080,"bottom":2160,"width":1080,"height":2160,"childCount":2,"index":0,"depth":5}},{"id":6,"pid":5,"index":0,"idQf":true,"textQf":null,"attr":{"id":"com.tencent.gamereva:id/id_appbar","name":"android.widget.LinearLayout","text":null,"desc":null,"clickable":false,"focusable":false,"checkable":false,"checked":false,"longClickable":false,"visibleToUser":false,"left":0,"top":0,"right":1080,"bottom":0,"width":1080,"height":0,"childCount":0,"index":0,"depth":6}},{"id":7,"pid":5,"index":1,"idQf":true,"textQf":null,"attr":{"id":"com.tencent.gamereva:id/top_bar_content","name":"android.view.ViewGroup","text":null,"desc":null,"clickable":false,"focusable":false,"checkable":false,"checked":false,"longClickable":false,"visibleToUser":true,"left":0,"top":0,"right":1080,"bottom":2160,"width":1080,"height":2160,"childCount":5,"index":1,"depth":6}},{"id":8,"pid":7,"index":0,"idQf":true,"textQf":null,"attr":{"id":"com.tencent.gamereva:id/splash_ad_img","name":"android.widget.ImageView","text":null,"desc":null,"clickable":false,"focusable":false,"checkable":false,"checked":false,"longClickable":false,"visibleToUser":true,"left":0,"top":0,"right":1080,"bottom":1884,"width":1080,"height":1884,"childCount":0,"index":0,"depth":7}},{"id":9,"pid":7,"index":1,"idQf":true,"textQf":true,"attr":{"id":"com.tencent.gamereva:id/id_tv_time2go","name":"android.widget.TextView","text":"跳过 3","desc":null,"clickable":true,"focusable":true,"checkable":false,"checked":false,"longClickable":false,"visibleToUser":true,"left":854,"top":77,"right":1030,"bottom":143,"width":176,"height":66,"childCount":0,"index":1,"depth":7}},{"id":10,"pid":7,"index":2,"idQf":true,"textQf":null,"attr":{"id":"com.tencent.gamereva:id/splash_click_bg","name":"android.view.View","text":null,"desc":null,"clickable":false,"focusable":false,"checkable":false,"checked":false,"longClickable":false,"visibleToUser":true,"left":0,"top":1287,"right":1080,"bottom":1884,"width":1080,"height":597,"childCount":0,"index":2,"depth":7}},{"id":11,"pid":7,"index":3,"idQf":true,"textQf":null,"attr":{"id":"com.tencent.gamereva:id/splash_click_btn","name":"android.widget.FrameLayout","text":null,"desc":null,"clickable":true,"focusable":true,"checkable":false,"checked":false,"longClickable":false,"visibleToUser":true,"left":118,"top":1576,"right":962,"bottom":1719,"width":844,"height":143,"childCount":1,"index":3,"depth":7}},{"id":12,"pid":7,"index":4,"idQf":true,"textQf":null,"attr":{"id":"com.tencent.gamereva:id/splash_ad_logo","name":"android.widget.ImageView","text":null,"desc":"TODO","clickable":false,"focusable":false,"checkable":false,"checked":false,"longClickable":false,"visibleToUser":true,"left":372,"top":1967,"right":708,"bottom":2077,"width":336,"height":110,"childCount":0,"index":4,"depth":7}},{"id":13,"pid":11,"index":0,"idQf":null,"textQf":null,"attr":{"id":null,"name":"android.widget.LinearLayout","text":null,"desc":null,"clickable":false,"focusable":false,"checkable":false,"checked":false,"longClickable":false,"visibleToUser":true,"left":118,"top":1576,"right":962,"bottom":1719,"width":844,"height":143,"childCount":2,"index":0,"depth":8}},{"id":14,"pid":13,"index":0,"idQf":null,"textQf":true,"attr":{"id":null,"name":"android.widget.TextView","text":"点击跳转至详情页面","desc":null,"clickable":false,"focusable":false,"checkable":false,"checked":false,"longClickable":false,"visibleToUser":true,"left":330,"top":1621,"right":681,"bottom":1674,"width":351,"height":53,"childCount":0,"index":0,"depth":9}},{"id":15,"pid":13,"index":1,"idQf":null,"textQf":null,"attr":{"id":null,"name":"android.widget.ImageView","text":null,"desc":null,"clickable":false,"focusable":false,"checkable":false,"checked":false,"longClickable":false,"visibleToUser":true,"left":714,"top":1622,"right":750,"bottom":1672,"width":36,"height":50,"childCount":0,"index":1,"depth":9}}]}