{"id":1701595011258,"appId":"com.chinatelecom.bestpayclient","activityId":"com.alipay.mobile.nebulacore.ui.H5Activity","appName":"翼支付","appVersionCode":109080,"appVersionName":"10.90.80","screenHeight":3216,"screenWidth":1440,"isLandscape":false,"gkdVersionCode":14,"gkdVersionName":"1.5.4","device":{"device":"OP4E5D","model":"PEDM00","manufacturer":"OPPO","brand":"OPPO","sdkInt":31,"release":"12"},"nodes":[{"id":0,"pid":-1,"index":0,"idQf":null,"textQf":null,"attr":{"id":null,"name":"android.widget.FrameLayout","text":null,"desc":null,"clickable":false,"focusable":false,"checkable":false,"checked":false,"longClickable":false,"visibleToUser":true,"left":0,"top":0,"right":1440,"bottom":3216,"width":1440,"height":3216,"childCount":1,"index":0,"depth":0}},{"id":1,"pid":0,"index":0,"idQf":null,"textQf":null,"attr":{"id":null,"name":"android.widget.LinearLayout","text":null,"desc":null,"clickable":false,"focusable":false,"checkable":false,"checked":false,"longClickable":false,"visibleToUser":true,"left":0,"top":0,"right":1440,"bottom":3216,"width":1440,"height":3216,"childCount":1,"index":0,"depth":1}},{"id":2,"pid":1,"index":0,"idQf":true,"textQf":null,"attr":{"id":"android:id/content","name":"android.widget.FrameLayout","text":null,"desc":null,"clickable":false,"focusable":false,"checkable":false,"checked":false,"longClickable":false,"visibleToUser":true,"left":0,"top":0,"right":1440,"bottom":3216,"width":1440,"height":3216,"childCount":1,"index":0,"depth":2}},{"id":3,"pid":2,"index":0,"idQf":null,"textQf":null,"attr":{"id":null,"name":"android.widget.RelativeLayout","text":null,"desc":null,"clickable":false,"focusable":false,"checkable":false,"checked":false,"longClickable":false,"visibleToUser":true,"left":0,"top":0,"right":1440,"bottom":3216,"width":1440,"height":3216,"childCount":1,"index":0,"depth":3}},{"id":4,"pid":3,"index":0,"idQf":true,"textQf":null,"attr":{"id":"com.chinatelecom.bestpayclient:id/h5_fragment","name":"android.widget.RelativeLayout","text":null,"desc":null,"clickable":false,"focusable":false,"checkable":false,"checked":false,"longClickable":false,"visibleToUser":true,"left":0,"top":0,"right":1440,"bottom":3216,"width":1440,"height":3216,"childCount":2,"index":0,"depth":4}},{"id":5,"pid":4,"index":0,"idQf":null,"textQf":null,"attr":{"id":null,"name":"android.view.View","text":null,"desc":null,"clickable":false,"focusable":false,"checkable":false,"checked":false,"longClickable":false,"visibleToUser":true,"left":0,"top":0,"right":1440,"bottom":3216,"width":1440,"height":3216,"childCount":0,"index":0,"depth":5}},{"id":6,"pid":4,"index":1,"idQf":null,"textQf":null,"attr":{"id":null,"name":"android.widget.RelativeLayout","text":null,"desc":null,"clickable":false,"focusable":false,"checkable":false,"checked":false,"longClickable":false,"visibleToUser":true,"left":0,"top":0,"right":1440,"bottom":3216,"width":1440,"height":3216,"childCount":2,"index":1,"depth":5}},{"id":7,"pid":6,"index":0,"idQf":true,"textQf":null,"attr":{"id":"com.chinatelecom.bestpayclient:id/h5_title_bar","name":"android.widget.FrameLayout","text":null,"desc":null,"clickable":false,"focusable":false,"checkable":false,"checked":false,"longClickable":false,"visibleToUser":true,"left":0,"top":0,"right":1440,"bottom":320,"width":1440,"height":320,"childCount":1,"index":0,"depth":6}},{"id":8,"pid":6,"index":1,"idQf":true,"textQf":null,"attr":{"id":"com.chinatelecom.bestpayclient:id/h5_web_content","name":"android.widget.RelativeLayout","text":null,"desc":null,"clickable":false,"focusable":false,"checkable":false,"checked":false,"longClickable":false,"visibleToUser":true,"left":0,"top":320,"right":1440,"bottom":3216,"width":1440,"height":2896,"childCount":1,"index":1,"depth":6}},{"id":9,"pid":8,"index":0,"idQf":true,"textQf":null,"attr":{"id":"com.chinatelecom.bestpayclient:id/h5_pc_container","name":"android.widget.FrameLayout","text":null,"desc":null,"clickable":false,"focusable":false,"checkable":false,"checked":false,"longClickable":false,"visibleToUser":true,"left":0,"top":320,"right":1440,"bottom":3216,"width":1440,"height":2896,"childCount":1,"index":0,"depth":7}},{"id":10,"pid":9,"index":0,"idQf":null,"textQf":null,"attr":{"id":null,"name":"com.uc.webview.export.WebView","text":null,"desc":null,"clickable":false,"focusable":true,"checkable":false,"checked":false,"longClickable":false,"visibleToUser":true,"left":0,"top":320,"right":1440,"bottom":3216,"width":1440,"height":2896,"childCount":1,"index":0,"depth":8}},{"id":11,"pid":10,"index":0,"idQf":null,"textQf":null,"attr":{"id":null,"name":"com.uc.webkit.bc","text":null,"desc":null,"clickable":false,"focusable":false,"checkable":false,"checked":false,"longClickable":false,"visibleToUser":true,"left":0,"top":320,"right":1440,"bottom":3216,"width":1440,"height":2896,"childCount":1,"index":0,"depth":9}},{"id":12,"pid":11,"index":0,"idQf":null,"textQf":null,"attr":{"id":null,"name":"android.webkit.WebView","text":"","desc":null,"clickable":false,"focusable":true,"checkable":false,"checked":false,"longClickable":false,"visibleToUser":true,"left":0,"top":320,"right":1440,"bottom":3216,"width":1440,"height":2896,"childCount":3,"index":0,"depth":10}},{"id":13,"pid":12,"index":0,"idQf":false,"textQf":null,"attr":{"id":"app","name":"android.view.View","text":"","desc":null,"clickable":false,"focusable":false,"checkable":false,"checked":false,"longClickable":false,"visibleToUser":true,"left":0,"top":320,"right":1440,"bottom":3216,"width":1440,"height":2896,"childCount":4,"index":0,"depth":11}},{"id":14,"pid":12,"index":1,"idQf":null,"textQf":null,"attr":{"id":null,"name":"android.view.View","text":"","desc":null,"clickable":true,"focusable":false,"checkable":false,"checked":false,"longClickable":false,"visibleToUser":true,"left":0,"top":320,"right":1440,"bottom":3216,"width":1440,"height":2896,"childCount":0,"index":1,"depth":11}},{"id":15,"pid":12,"index":2,"idQf":null,"textQf":null,"attr":{"id":null,"name":"android.view.View","text":"","desc":null,"clickable":true,"focusable":false,"checkable":false,"checked":false,"longClickable":false,"visibleToUser":true,"left":180,"top":960,"right":1260,"bottom":2460,"width":1080,"height":1500,"childCount":2,"index":2,"depth":11}},{"id":16,"pid":15,"index":0,"idQf":null,"textQf":null,"attr":{"id":null,"name":"android.view.View","text":"","desc":null,"clickable":true,"focusable":false,"checkable":false,"checked":false,"longClickable":false,"visibleToUser":true,"left":180,"top":960,"right":1260,"bottom":2240,"width":1080,"height":1280,"childCount":1,"index":0,"depth":12}},{"id":17,"pid":15,"index":1,"idQf":null,"textQf":null,"attr":{"id":null,"name":"android.view.View","text":"","desc":null,"clickable":true,"focusable":false,"checkable":false,"checked":false,"longClickable":false,"visibleToUser":true,"left":180,"top":2236,"right":1260,"bottom":2444,"width":1080,"height":208,"childCount":1,"index":1,"depth":12}},{"id":18,"pid":17,"index":0,"idQf":null,"textQf":null,"attr":{"id":null,"name":"android.widget.Image","text":"","desc":null,"clickable":false,"focusable":false,"checkable":false,"checked":false,"longClickable":false,"visibleToUser":true,"left":652,"top":2312,"right":788,"bottom":2444,"width":136,"height":132,"childCount":0,"index":0,"depth":13}},{"id":19,"pid":16,"index":0,"idQf":null,"textQf":null,"attr":{"id":null,"name":"android.widget.Image","text":"","desc":null,"clickable":false,"focusable":false,"checkable":false,"checked":false,"longClickable":false,"visibleToUser":true,"left":180,"top":960,"right":1260,"bottom":2240,"width":1080,"height":1280,"childCount":0,"index":0,"depth":13}},{"id":20,"pid":13,"index":0,"idQf":null,"textQf":null,"attr":{"id":null,"name":"android.view.View","text":"","desc":null,"clickable":false,"focusable":false,"checkable":false,"checked":false,"longClickable":false,"visibleToUser":true,"left":624,"top":460,"right":816,"bottom":648,"width":192,"height":188,"childCount":1,"index":0,"depth":12}},{"id":21,"pid":13,"index":1,"idQf":null,"textQf":false,"attr":{"id":null,"name":"android.view.View","text":"受理成功","desc":null,"clickable":false,"focusable":false,"checkable":false,"checked":false,"longClickable":false,"visibleToUser":true,"left":56,"top":692,"right":1384,"bottom":752,"width":1328,"height":60,"childCount":0,"index":1,"depth":12}},{"id":22,"pid":13,"index":2,"idQf":null,"textQf":false,"attr":{"id":null,"name":"android.view.View","text":"实际办理结果请关注消息通知","desc":null,"clickable":false,"focusable":false,"checkable":false,"checked":false,"longClickable":false,"visibleToUser":true,"left":56,"top":788,"right":1384,"bottom":868,"width":1328,"height":80,"childCount":0,"index":2,"depth":12}},{"id":23,"pid":13,"index":3,"idQf":null,"textQf":null,"attr":{"id":null,"name":"android.view.View","text":"","desc":null,"clickable":false,"focusable":false,"checkable":false,"checked":false,"longClickable":false,"visibleToUser":true,"left":56,"top":944,"right":1384,"bottom":1124,"width":1328,"height":180,"childCount":2,"index":3,"depth":12}},{"id":24,"pid":23,"index":0,"idQf":null,"textQf":false,"attr":{"id":null,"name":"android.view.View","text":"返回首页","desc":null,"clickable":true,"focusable":false,"checkable":false,"checked":false,"longClickable":false,"visibleToUser":true,"left":56,"top":944,"right":700,"bottom":1124,"width":644,"height":180,"childCount":0,"index":0,"depth":13}},{"id":25,"pid":23,"index":1,"idQf":null,"textQf":false,"attr":{"id":null,"name":"android.view.View","text":"查看权益","desc":null,"clickable":true,"focusable":false,"checkable":false,"checked":false,"longClickable":false,"visibleToUser":true,"left":740,"top":944,"right":1384,"bottom":1124,"width":644,"height":180,"childCount":0,"index":1,"depth":13}},{"id":26,"pid":20,"index":0,"idQf":null,"textQf":null,"attr":{"id":null,"name":"android.widget.Image","text":"","desc":null,"clickable":false,"focusable":false,"checkable":false,"checked":false,"longClickable":false,"visibleToUser":true,"left":624,"top":460,"right":816,"bottom":648,"width":192,"height":188,"childCount":0,"index":0,"depth":13}},{"id":27,"pid":7,"index":0,"idQf":true,"textQf":null,"attr":{"id":"com.chinatelecom.bestpayclient:id/h5_rl_title_bar","name":"android.widget.LinearLayout","text":null,"desc":null,"clickable":false,"focusable":false,"checkable":false,"checked":false,"longClickable":false,"visibleToUser":true,"left":0,"top":0,"right":1440,"bottom":320,"width":1440,"height":320,"childCount":4,"index":0,"depth":7}},{"id":28,"pid":27,"index":0,"idQf":true,"textQf":null,"attr":{"id":"com.chinatelecom.bestpayclient:id/h5_status_bar_adjust_view","name":"android.view.View","text":null,"desc":null,"clickable":false,"focusable":false,"checkable":false,"checked":false,"longClickable":false,"visibleToUser":true,"left":0,"top":0,"right":1440,"bottom":128,"width":1440,"height":128,"childCount":0,"index":0,"depth":8}},{"id":29,"pid":27,"index":1,"idQf":true,"textQf":null,"attr":{"id":"com.chinatelecom.bestpayclient:id/h5_title_bar_layout","name":"android.widget.RelativeLayout","text":null,"desc":null,"clickable":false,"focusable":false,"checkable":false,"checked":false,"longClickable":false,"visibleToUser":true,"left":0,"top":128,"right":1440,"bottom":320,"width":1440,"height":192,"childCount":2,"index":1,"depth":8}},{"id":30,"pid":27,"index":2,"idQf":true,"textQf":null,"attr":{"id":"com.chinatelecom.bestpayclient:id/h5_custom_view","name":"android.widget.RelativeLayout","text":null,"desc":null,"clickable":false,"focusable":false,"checkable":false,"checked":false,"longClickable":false,"visibleToUser":false,"left":0,"top":320,"right":1440,"bottom":320,"width":1440,"height":0,"childCount":0,"index":2,"depth":8}},{"id":31,"pid":27,"index":3,"idQf":true,"textQf":null,"attr":{"id":"com.chinatelecom.bestpayclient:id/adView","name":"android.widget.RelativeLayout","text":null,"desc":null,"clickable":false,"focusable":false,"checkable":false,"checked":false,"longClickable":false,"visibleToUser":false,"left":0,"top":320,"right":1440,"bottom":320,"width":1440,"height":0,"childCount":0,"index":3,"depth":8}},{"id":32,"pid":29,"index":0,"idQf":true,"textQf":null,"attr":{"id":"com.chinatelecom.bestpayclient:id/h5_nav_back","name":"android.widget.FrameLayout","text":null,"desc":"返回","clickable":true,"focusable":true,"checkable":false,"checked":false,"longClickable":false,"visibleToUser":true,"left":0,"top":128,"right":176,"bottom":320,"width":176,"height":192,"childCount":1,"index":0,"depth":9}},{"id":33,"pid":29,"index":1,"idQf":true,"textQf":null,"attr":{"id":"com.chinatelecom.bestpayclient:id/h5_rl_title","name":"android.widget.RelativeLayout","text":null,"desc":null,"clickable":false,"focusable":false,"checkable":false,"checked":false,"longClickable":false,"visibleToUser":true,"left":176,"top":128,"right":1440,"bottom":320,"width":1264,"height":192,"childCount":1,"index":1,"depth":9}},{"id":34,"pid":33,"index":0,"idQf":true,"textQf":null,"attr":{"id":"com.chinatelecom.bestpayclient:id/h5_ll_title_stub","name":"android.widget.LinearLayout","text":null,"desc":null,"clickable":false,"focusable":false,"checkable":false,"checked":false,"longClickable":false,"visibleToUser":true,"left":176,"top":128,"right":464,"bottom":320,"width":288,"height":192,"childCount":1,"index":0,"depth":10}},{"id":35,"pid":34,"index":0,"idQf":true,"textQf":null,"attr":{"id":"com.chinatelecom.bestpayclient:id/h5_ll_title","name":"android.widget.LinearLayout","text":null,"desc":null,"clickable":false,"focusable":false,"checkable":false,"checked":false,"longClickable":false,"visibleToUser":true,"left":176,"top":128,"right":464,"bottom":320,"width":288,"height":192,"childCount":1,"index":0,"depth":11}},{"id":36,"pid":35,"index":0,"idQf":null,"textQf":null,"attr":{"id":null,"name":"android.widget.FrameLayout","text":null,"desc":null,"clickable":false,"focusable":false,"checkable":false,"checked":false,"longClickable":false,"visibleToUser":true,"left":176,"top":171,"right":464,"bottom":276,"width":288,"height":105,"childCount":1,"index":0,"depth":12}},{"id":37,"pid":36,"index":0,"idQf":true,"textQf":true,"attr":{"id":"com.chinatelecom.bestpayclient:id/h5_tv_title","name":"android.widget.TextView","text":"订单结果","desc":null,"clickable":true,"focusable":true,"checkable":false,"checked":false,"longClickable":false,"visibleToUser":true,"left":176,"top":171,"right":464,"bottom":276,"width":288,"height":105,"childCount":0,"index":0,"depth":13}},{"id":38,"pid":32,"index":0,"idQf":true,"textQf":true,"attr":{"id":"com.chinatelecom.bestpayclient:id/h5_tv_nav_back","name":"android.widget.TextView","text":"","desc":null,"clickable":false,"focusable":false,"checkable":false,"checked":false,"longClickable":false,"visibleToUser":true,"left":24,"top":160,"right":152,"bottom":288,"width":128,"height":128,"childCount":0,"index":0,"depth":10}}]}