{"id":1701875957587,"appId":"com.copymanga.app","activityId":null,"appName":"拷貝漫畫","appVersionCode":52,"appVersionName":"2.1.2","screenHeight":2340,"screenWidth":1080,"isLandscape":false,"gkdVersionCode":14,"gkdVersionName":"1.5.4","device":{"device":"HWTAS","model":"TAS-AN00","manufacturer":"HUAWEI","brand":"HUAWEI","sdkInt":31,"release":"12"},"nodes":[{"id":0,"pid":-1,"index":0,"idQf":null,"textQf":null,"attr":{"id":null,"name":"android.widget.FrameLayout","text":null,"desc":null,"clickable":false,"focusable":false,"checkable":false,"checked":false,"longClickable":false,"visibleToUser":true,"left":0,"top":476,"right":1080,"bottom":1969,"width":1080,"height":1493,"childCount":1,"index":0,"depth":0}},{"id":1,"pid":0,"index":0,"idQf":null,"textQf":null,"attr":{"id":null,"name":"android.widget.FrameLayout","text":null,"desc":null,"clickable":false,"focusable":false,"checkable":false,"checked":false,"longClickable":false,"visibleToUser":true,"left":120,"top":476,"right":960,"bottom":1969,"width":840,"height":1493,"childCount":1,"index":0,"depth":1}},{"id":2,"pid":1,"index":0,"idQf":true,"textQf":null,"attr":{"id":"android:id/content","name":"android.widget.FrameLayout","text":null,"desc":null,"clickable":false,"focusable":false,"checkable":false,"checked":false,"longClickable":false,"visibleToUser":true,"left":120,"top":476,"right":960,"bottom":1969,"width":840,"height":1493,"childCount":1,"index":0,"depth":2}},{"id":3,"pid":2,"index":0,"idQf":null,"textQf":null,"attr":{"id":null,"name":"android.widget.RelativeLayout","text":null,"desc":null,"clickable":false,"focusable":false,"checkable":false,"checked":false,"longClickable":false,"visibleToUser":true,"left":120,"top":476,"right":960,"bottom":1969,"width":840,"height":1493,"childCount":1,"index":0,"depth":3}},{"id":4,"pid":3,"index":0,"idQf":null,"textQf":null,"attr":{"id":null,"name":"android.widget.RelativeLayout","text":null,"desc":null,"clickable":false,"focusable":false,"checkable":false,"checked":false,"longClickable":false,"visibleToUser":true,"left":120,"top":476,"right":960,"bottom":1969,"width":840,"height":1493,"childCount":1,"index":0,"depth":4}},{"id":5,"pid":4,"index":0,"idQf":true,"textQf":null,"attr":{"id":"com.copymanga.app:id/ad_content","name":"android.widget.RelativeLayout","text":null,"desc":null,"clickable":false,"focusable":false,"checkable":false,"checked":false,"longClickable":false,"visibleToUser":true,"left":120,"top":476,"right":960,"bottom":1969,"width":840,"height":1493,"childCount":1,"index":0,"depth":5}},{"id":6,"pid":5,"index":0,"idQf":null,"textQf":null,"attr":{"id":null,"name":"android.widget.FrameLayout","text":null,"desc":null,"clickable":false,"focusable":false,"checkable":false,"checked":false,"longClickable":false,"visibleToUser":true,"left":120,"top":476,"right":960,"bottom":1969,"width":840,"height":1493,"childCount":1,"index":0,"depth":6}},{"id":7,"pid":6,"index":0,"idQf":null,"textQf":null,"attr":{"id":null,"name":"android.widget.FrameLayout","text":null,"desc":null,"clickable":false,"focusable":false,"checkable":false,"checked":false,"longClickable":false,"visibleToUser":true,"left":120,"top":476,"right":960,"bottom":1969,"width":840,"height":1493,"childCount":2,"index":0,"depth":7}},{"id":8,"pid":7,"index":0,"idQf":true,"textQf":null,"attr":{"id":"com.copymanga.app:id/interact_ad_root","name":"android.widget.RelativeLayout","text":null,"desc":null,"clickable":true,"focusable":true,"checkable":false,"checked":false,"longClickable":false,"visibleToUser":true,"left":120,"top":476,"right":960,"bottom":1969,"width":840,"height":1493,"childCount":8,"index":0,"depth":8}},{"id":9,"pid":7,"index":1,"idQf":null,"textQf":null,"attr":{"id":null,"name":"android.widget.ImageView","text":null,"desc":null,"clickable":true,"focusable":true,"checkable":false,"checked":false,"longClickable":false,"visibleToUser":true,"left":144,"top":500,"right":282,"bottom":542,"width":138,"height":42,"childCount":0,"index":1,"depth":8}},{"id":10,"pid":8,"index":0,"idQf":null,"textQf":null,"attr":{"id":null,"name":"android.view.View","text":null,"desc":null,"clickable":false,"focusable":false,"checkable":false,"checked":false,"longClickable":false,"visibleToUser":false,"left":120,"top":476,"right":120,"bottom":476,"width":0,"height":0,"childCount":0,"index":0,"depth":9}},{"id":11,"pid":8,"index":1,"idQf":true,"textQf":null,"attr":{"id":"com.copymanga.app:id/clean_adv_image","name":"android.widget.ImageView","text":null,"desc":null,"clickable":false,"focusable":false,"checkable":false,"checked":false,"longClickable":false,"visibleToUser":true,"left":120,"top":476,"right":960,"bottom":1969,"width":840,"height":1493,"childCount":0,"index":1,"depth":9}},{"id":12,"pid":8,"index":2,"idQf":true,"textQf":null,"attr":{"id":"com.copymanga.app:id/iv_close","name":"android.widget.ImageView","text":null,"desc":null,"clickable":true,"focusable":true,"checkable":false,"checked":false,"longClickable":false,"visibleToUser":true,"left":870,"top":518,"right":918,"bottom":566,"width":48,"height":48,"childCount":0,"index":2,"depth":9}},{"id":13,"pid":8,"index":3,"idQf":null,"textQf":null,"attr":{"id":null,"name":"android.widget.FrameLayout","text":null,"desc":null,"clickable":false,"focusable":false,"checkable":false,"checked":false,"longClickable":false,"visibleToUser":true,"left":120,"top":1222,"right":960,"bottom":1969,"width":840,"height":747,"childCount":0,"index":3,"depth":9}},{"id":14,"pid":8,"index":4,"idQf":true,"textQf":null,"attr":{"id":"com.copymanga.app:id/inter_shake_view","name":"android.widget.RelativeLayout","text":null,"desc":null,"clickable":false,"focusable":false,"checkable":false,"checked":false,"longClickable":false,"visibleToUser":false,"left":120,"top":1302,"right":960,"bottom":1302,"width":840,"height":0,"childCount":0,"index":4,"depth":9}},{"id":15,"pid":8,"index":5,"idQf":true,"textQf":null,"attr":{"id":"com.copymanga.app:id/inter_button_view","name":"android.widget.FrameLayout","text":null,"desc":null,"clickable":false,"focusable":false,"checkable":false,"checked":false,"longClickable":false,"visibleToUser":true,"left":120,"top":1356,"right":960,"bottom":1795,"width":840,"height":439,"childCount":1,"index":5,"depth":9}},{"id":16,"pid":8,"index":6,"idQf":true,"textQf":null,"attr":{"id":"com.copymanga.app:id/title_layout","name":"android.widget.RelativeLayout","text":null,"desc":null,"clickable":false,"focusable":false,"checkable":false,"checked":false,"longClickable":false,"visibleToUser":true,"left":120,"top":1825,"right":960,"bottom":1969,"width":840,"height":144,"childCount":1,"index":6,"depth":9}},{"id":17,"pid":8,"index":7,"idQf":true,"textQf":null,"attr":{"id":"com.copymanga.app:id/inter_app_miit_info","name":"android.widget.TextView","text":null,"desc":null,"clickable":false,"focusable":false,"checkable":false,"checked":false,"longClickable":false,"visibleToUser":false,"left":156,"top":1969,"right":156,"bottom":1969,"width":0,"height":0,"childCount":0,"index":7,"depth":9}},{"id":18,"pid":16,"index":0,"idQf":null,"textQf":null,"attr":{"id":null,"name":"android.widget.RelativeLayout","text":null,"desc":null,"clickable":false,"focusable":false,"checkable":false,"checked":false,"longClickable":false,"visibleToUser":true,"left":156,"top":1825,"right":924,"bottom":1939,"width":768,"height":114,"childCount":3,"index":0,"depth":10}},{"id":19,"pid":18,"index":0,"idQf":true,"textQf":null,"attr":{"id":"com.copymanga.app:id/app_icon","name":"android.widget.ImageView","text":null,"desc":null,"clickable":false,"focusable":false,"checkable":false,"checked":false,"longClickable":false,"visibleToUser":true,"left":156,"top":1825,"right":270,"bottom":1939,"width":114,"height":114,"childCount":0,"index":0,"depth":11}},{"id":20,"pid":18,"index":1,"idQf":true,"textQf":true,"attr":{"id":"com.copymanga.app:id/clean_adv_title","name":"android.widget.TextView","text":"海量漫画任你看，快来加入愫阅漫画的大家庭吧！","desc":null,"clickable":false,"focusable":false,"checkable":false,"checked":false,"longClickable":false,"visibleToUser":true,"left":297,"top":1825,"right":924,"bottom":1890,"width":627,"height":65,"childCount":0,"index":1,"depth":11}},{"id":21,"pid":18,"index":2,"idQf":true,"textQf":true,"attr":{"id":"com.copymanga.app:id/clean_adv_desc","name":"android.widget.TextView","text":"海量漫画任你看，快来加入愫阅漫画的大家庭吧！","desc":null,"clickable":false,"focusable":false,"checkable":false,"checked":false,"longClickable":false,"visibleToUser":true,"left":297,"top":1890,"right":924,"bottom":1939,"width":627,"height":49,"childCount":0,"index":2,"depth":11}},{"id":22,"pid":15,"index":0,"idQf":null,"textQf":null,"attr":{"id":null,"name":"android.widget.FrameLayout","text":null,"desc":null,"clickable":false,"focusable":false,"checkable":false,"checked":false,"longClickable":false,"visibleToUser":true,"left":120,"top":1356,"right":960,"bottom":1795,"width":840,"height":439,"childCount":3,"index":0,"depth":10}},{"id":23,"pid":22,"index":0,"idQf":true,"textQf":null,"attr":{"id":"com.copymanga.app:id/gesture_animation_view","name":"android.widget.ImageView","text":null,"desc":null,"clickable":false,"focusable":false,"checkable":false,"checked":false,"longClickable":false,"visibleToUser":true,"left":120,"top":1356,"right":960,"bottom":1795,"width":840,"height":439,"childCount":0,"index":0,"depth":11}},{"id":24,"pid":22,"index":1,"idQf":true,"textQf":null,"attr":{"id":"com.copymanga.app:id/button_animation_view","name":"android.widget.ImageView","text":null,"desc":null,"clickable":false,"focusable":false,"checkable":false,"checked":false,"longClickable":false,"visibleToUser":true,"left":168,"top":1490,"right":912,"bottom":1661,"width":744,"height":171,"childCount":0,"index":1,"depth":11}},{"id":25,"pid":22,"index":2,"idQf":true,"textQf":true,"attr":{"id":"com.copymanga.app:id/button_text_view","name":"android.widget.TextView","text":"点击跳转详情页或第三方应用","desc":null,"clickable":false,"focusable":false,"checkable":false,"checked":false,"longClickable":false,"visibleToUser":true,"left":286,"top":1549,"right":793,"bottom":1602,"width":507,"height":53,"childCount":0,"index":2,"depth":11}}]}