{"id":1701688286926,"appId":"com.douban.frodo","activityId":"com.douban.frodo.activity.SplashActivity","appName":"豆瓣","appVersionCode":277,"appVersionName":"7.65.0","screenHeight":2340,"screenWidth":1080,"isLandscape":false,"gkdVersionCode":14,"gkdVersionName":"1.5.4","device":{"device":"cmi","model":"Mi 10 Pro","manufacturer":"Xiaomi","brand":"Xiaomi","sdkInt":33,"release":"13"},"nodes":[{"id":0,"pid":-1,"index":0,"idQf":null,"textQf":null,"attr":{"id":null,"name":"android.widget.FrameLayout","text":null,"desc":null,"clickable":false,"focusable":false,"checkable":false,"checked":false,"longClickable":false,"visibleToUser":true,"left":0,"top":134,"right":1080,"bottom":2340,"width":1080,"height":2206,"childCount":1,"index":0,"depth":0}},{"id":1,"pid":0,"index":0,"idQf":null,"textQf":null,"attr":{"id":null,"name":"android.widget.LinearLayout","text":null,"desc":null,"clickable":false,"focusable":false,"checkable":false,"checked":false,"longClickable":false,"visibleToUser":true,"left":0,"top":134,"right":1080,"bottom":2340,"width":1080,"height":2206,"childCount":1,"index":0,"depth":1}},{"id":2,"pid":1,"index":0,"idQf":true,"textQf":null,"attr":{"id":"android:id/content","name":"android.widget.FrameLayout","text":null,"desc":null,"clickable":false,"focusable":false,"checkable":false,"checked":false,"longClickable":false,"visibleToUser":true,"left":0,"top":134,"right":1080,"bottom":2340,"width":1080,"height":2206,"childCount":1,"index":0,"depth":2}},{"id":3,"pid":2,"index":0,"idQf":true,"textQf":null,"attr":{"id":"com.douban.frodo:id/switchMenuLayout","name":"android.widget.RelativeLayout","text":null,"desc":null,"clickable":true,"focusable":true,"checkable":false,"checked":false,"longClickable":false,"visibleToUser":true,"left":0,"top":134,"right":1080,"bottom":2340,"width":1080,"height":2206,"childCount":3,"index":0,"depth":3}},{"id":4,"pid":3,"index":0,"idQf":null,"textQf":null,"attr":{"id":null,"name":"android.widget.FrameLayout","text":null,"desc":null,"clickable":false,"focusable":false,"checkable":false,"checked":false,"longClickable":false,"visibleToUser":true,"left":0,"top":1602,"right":1080,"bottom":2186,"width":1080,"height":584,"childCount":0,"index":0,"depth":4}},{"id":5,"pid":3,"index":1,"idQf":null,"textQf":null,"attr":{"id":null,"name":"androidx.recyclerview.widget.RecyclerView","text":null,"desc":null,"clickable":true,"focusable":true,"checkable":false,"checked":false,"longClickable":false,"visibleToUser":true,"left":0,"top":1602,"right":1080,"bottom":2186,"width":1080,"height":584,"childCount":4,"index":1,"depth":4}},{"id":6,"pid":3,"index":2,"idQf":null,"textQf":null,"attr":{"id":null,"name":"android.widget.FrameLayout","text":null,"desc":null,"clickable":false,"focusable":false,"checkable":false,"checked":false,"longClickable":false,"visibleToUser":true,"left":0,"top":2186,"right":1080,"bottom":2340,"width":1080,"height":154,"childCount":1,"index":2,"depth":4}},{"id":7,"pid":6,"index":0,"idQf":null,"textQf":null,"attr":{"id":null,"name":"android.widget.LinearLayout","text":null,"desc":null,"clickable":false,"focusable":false,"checkable":false,"checked":false,"longClickable":false,"visibleToUser":true,"left":0,"top":2186,"right":1080,"bottom":2340,"width":1080,"height":154,"childCount":1,"index":0,"depth":5}},{"id":8,"pid":7,"index":0,"idQf":true,"textQf":null,"attr":{"id":"com.douban.frodo:id/cancelLayout","name":"android.widget.LinearLayout","text":null,"desc":null,"clickable":true,"focusable":true,"checkable":false,"checked":false,"longClickable":false,"visibleToUser":true,"left":0,"top":2186,"right":1080,"bottom":2340,"width":1080,"height":154,"childCount":1,"index":0,"depth":6}},{"id":9,"pid":8,"index":0,"idQf":true,"textQf":true,"attr":{"id":"com.douban.frodo:id/cancel","name":"android.widget.TextView","text":"取消","desc":null,"clickable":false,"focusable":false,"checkable":false,"checked":false,"longClickable":false,"visibleToUser":true,"left":41,"top":2213,"right":1039,"bottom":2312,"width":998,"height":99,"childCount":0,"index":0,"depth":7}},{"id":10,"pid":5,"index":0,"idQf":null,"textQf":null,"attr":{"id":null,"name":"android.widget.LinearLayout","text":null,"desc":null,"clickable":true,"focusable":true,"checkable":false,"checked":false,"longClickable":false,"visibleToUser":true,"left":0,"top":1602,"right":1080,"bottom":1747,"width":1080,"height":145,"childCount":1,"index":0,"depth":5}},{"id":11,"pid":5,"index":1,"idQf":null,"textQf":null,"attr":{"id":null,"name":"android.widget.LinearLayout","text":null,"desc":null,"clickable":true,"focusable":true,"checkable":false,"checked":false,"longClickable":false,"visibleToUser":true,"left":0,"top":1748,"right":1080,"bottom":1893,"width":1080,"height":145,"childCount":1,"index":1,"depth":5}},{"id":12,"pid":5,"index":2,"idQf":null,"textQf":null,"attr":{"id":null,"name":"android.widget.LinearLayout","text":null,"desc":null,"clickable":true,"focusable":true,"checkable":false,"checked":false,"longClickable":false,"visibleToUser":true,"left":0,"top":1894,"right":1080,"bottom":2039,"width":1080,"height":145,"childCount":1,"index":2,"depth":5}},{"id":13,"pid":5,"index":3,"idQf":null,"textQf":null,"attr":{"id":null,"name":"android.widget.LinearLayout","text":null,"desc":null,"clickable":true,"focusable":true,"checkable":false,"checked":false,"longClickable":false,"visibleToUser":true,"left":0,"top":2040,"right":1080,"bottom":2185,"width":1080,"height":145,"childCount":1,"index":3,"depth":5}},{"id":14,"pid":13,"index":0,"idQf":true,"textQf":true,"attr":{"id":"com.douban.frodo:id/mainText","name":"android.widget.TextView","text":"投诉","desc":null,"clickable":false,"focusable":false,"checkable":false,"checked":false,"longClickable":false,"visibleToUser":true,"left":494,"top":2081,"right":586,"bottom":2144,"width":92,"height":63,"childCount":0,"index":0,"depth":6}},{"id":15,"pid":12,"index":0,"idQf":true,"textQf":true,"attr":{"id":"com.douban.frodo:id/mainText","name":"android.widget.TextView","text":"内容质量差","desc":null,"clickable":false,"focusable":false,"checkable":false,"checked":false,"longClickable":false,"visibleToUser":true,"left":425,"top":1935,"right":655,"bottom":1998,"width":230,"height":63,"childCount":0,"index":0,"depth":6}},{"id":16,"pid":11,"index":0,"idQf":true,"textQf":true,"attr":{"id":"com.douban.frodo:id/mainText","name":"android.widget.TextView","text":"太多重复或相似内容","desc":null,"clickable":false,"focusable":false,"checkable":false,"checked":false,"longClickable":false,"visibleToUser":true,"left":333,"top":1789,"right":747,"bottom":1852,"width":414,"height":63,"childCount":0,"index":0,"depth":6}},{"id":17,"pid":10,"index":0,"idQf":true,"textQf":true,"attr":{"id":"com.douban.frodo:id/mainText","name":"android.widget.TextView","text":"不感兴趣","desc":null,"clickable":false,"focusable":false,"checkable":false,"checked":false,"longClickable":false,"visibleToUser":true,"left":448,"top":1643,"right":632,"bottom":1706,"width":184,"height":63,"childCount":0,"index":0,"depth":6}}]}