{"id":1701478101136,"appId":"com.diershoubing.erbing","activityId":"com.diershoubing.erbing.activity.VersionActivity","appName":"二柄","appVersionCode":168,"appVersionName":"9.6.1","screenHeight":3200,"screenWidth":1440,"isLandscape":false,"gkdVersionCode":14,"gkdVersionName":"1.5.4","device":{"device":"star","model":"M2102K1C","manufacturer":"Xiaomi","brand":"Xiaomi","sdkInt":33,"release":"13"},"nodes":[{"id":0,"pid":-1,"index":0,"idQf":null,"textQf":null,"attr":{"id":null,"name":"android.widget.FrameLayout","text":null,"desc":null,"clickable":false,"focusable":false,"checkable":false,"checked":false,"longClickable":false,"visibleToUser":true,"left":0,"top":0,"right":1440,"bottom":3200,"width":1440,"height":3200,"childCount":1,"index":0,"depth":0}},{"id":1,"pid":0,"index":0,"idQf":null,"textQf":null,"attr":{"id":null,"name":"android.widget.LinearLayout","text":null,"desc":null,"clickable":false,"focusable":false,"checkable":false,"checked":false,"longClickable":false,"visibleToUser":true,"left":0,"top":0,"right":1440,"bottom":3200,"width":1440,"height":3200,"childCount":1,"index":0,"depth":1}},{"id":2,"pid":1,"index":0,"idQf":null,"textQf":null,"attr":{"id":null,"name":"android.widget.FrameLayout","text":null,"desc":null,"clickable":false,"focusable":false,"checkable":false,"checked":false,"longClickable":false,"visibleToUser":true,"left":0,"top":0,"right":1440,"bottom":3200,"width":1440,"height":3200,"childCount":1,"index":0,"depth":2}},{"id":3,"pid":2,"index":0,"idQf":true,"textQf":null,"attr":{"id":"com.diershoubing.erbing:id/action_bar_root","name":"android.widget.FrameLayout","text":null,"desc":null,"clickable":false,"focusable":false,"checkable":false,"checked":false,"longClickable":false,"visibleToUser":true,"left":0,"top":0,"right":1440,"bottom":3200,"width":1440,"height":3200,"childCount":1,"index":0,"depth":3}},{"id":4,"pid":3,"index":0,"idQf":true,"textQf":null,"attr":{"id":"android:id/content","name":"android.widget.FrameLayout","text":null,"desc":null,"clickable":false,"focusable":false,"checkable":false,"checked":false,"longClickable":false,"visibleToUser":true,"left":0,"top":0,"right":1440,"bottom":3200,"width":1440,"height":3200,"childCount":1,"index":0,"depth":4}},{"id":5,"pid":4,"index":0,"idQf":true,"textQf":null,"attr":{"id":"com.diershoubing.erbing:id/drawer","name":"android.widget.RelativeLayout","text":null,"desc":null,"clickable":false,"focusable":false,"checkable":false,"checked":false,"longClickable":false,"visibleToUser":true,"left":0,"top":0,"right":1440,"bottom":3200,"width":1440,"height":3200,"childCount":2,"index":0,"depth":5}},{"id":6,"pid":5,"index":0,"idQf":null,"textQf":null,"attr":{"id":null,"name":"android.widget.LinearLayout","text":null,"desc":null,"clickable":false,"focusable":false,"checkable":false,"checked":false,"longClickable":false,"visibleToUser":true,"left":0,"top":0,"right":1440,"bottom":3200,"width":1440,"height":3200,"childCount":2,"index":0,"depth":6}},{"id":7,"pid":5,"index":1,"idQf":true,"textQf":null,"attr":{"id":"com.diershoubing.erbing:id/splashV","name":"android.widget.RelativeLayout","text":null,"desc":null,"clickable":true,"focusable":true,"checkable":false,"checked":false,"longClickable":false,"visibleToUser":true,"left":0,"top":0,"right":1440,"bottom":3200,"width":1440,"height":3200,"childCount":5,"index":1,"depth":6}},{"id":8,"pid":7,"index":0,"idQf":null,"textQf":null,"attr":{"id":null,"name":"android.widget.ImageView","text":null,"desc":"二柄","clickable":false,"focusable":false,"checkable":false,"checked":false,"longClickable":false,"visibleToUser":true,"left":0,"top":0,"right":1440,"bottom":2780,"width":1440,"height":2780,"childCount":0,"index":0,"depth":7}},{"id":9,"pid":7,"index":1,"idQf":true,"textQf":null,"attr":{"id":"com.diershoubing.erbing:id/loading","name":"android.widget.ImageView","text":null,"desc":"二柄","clickable":true,"focusable":true,"checkable":false,"checked":false,"longClickable":false,"visibleToUser":true,"left":0,"top":0,"right":1440,"bottom":2780,"width":1440,"height":2780,"childCount":0,"index":1,"depth":7}},{"id":10,"pid":7,"index":2,"idQf":true,"textQf":null,"attr":{"id":"com.diershoubing.erbing:id/containerV","name":"android.widget.FrameLayout","text":null,"desc":null,"clickable":false,"focusable":false,"checkable":false,"checked":false,"longClickable":false,"visibleToUser":true,"left":0,"top":0,"right":1440,"bottom":2780,"width":1440,"height":2780,"childCount":0,"index":2,"depth":7}},{"id":11,"pid":7,"index":3,"idQf":true,"textQf":true,"attr":{"id":"com.diershoubing.erbing:id/skip","name":"android.widget.TextView","text":"跳过","desc":null,"clickable":true,"focusable":true,"checkable":false,"checked":false,"longClickable":false,"visibleToUser":true,"left":1219,"top":140,"right":1408,"bottom":238,"width":189,"height":98,"childCount":0,"index":3,"depth":7}},{"id":12,"pid":7,"index":4,"idQf":true,"textQf":null,"attr":{"id":"com.diershoubing.erbing:id/bottomV","name":"android.widget.ImageView","text":null,"desc":"二柄","clickable":false,"focusable":false,"checkable":false,"checked":false,"longClickable":false,"visibleToUser":true,"left":0,"top":2780,"right":1440,"bottom":3200,"width":1440,"height":420,"childCount":0,"index":4,"depth":7}},{"id":13,"pid":6,"index":0,"idQf":true,"textQf":null,"attr":{"id":"com.diershoubing.erbing:id/realtabcontent","name":"android.widget.FrameLayout","text":null,"desc":null,"clickable":false,"focusable":false,"checkable":false,"checked":false,"longClickable":false,"visibleToUser":true,"left":0,"top":0,"right":1440,"bottom":3010,"width":1440,"height":3010,"childCount":1,"index":0,"depth":7}},{"id":14,"pid":6,"index":1,"idQf":true,"textQf":null,"attr":{"id":"android:id/tabhost","name":"android.widget.TabHost","text":null,"desc":null,"clickable":false,"focusable":true,"checkable":false,"checked":false,"longClickable":false,"visibleToUser":true,"left":0,"top":3010,"right":1440,"bottom":3200,"width":1440,"height":190,"childCount":2,"index":1,"depth":7}},{"id":15,"pid":14,"index":0,"idQf":true,"textQf":null,"attr":{"id":"android:id/tabcontent","name":"android.widget.FrameLayout","text":null,"desc":null,"clickable":false,"focusable":false,"checkable":false,"checked":false,"longClickable":false,"visibleToUser":false,"left":0,"top":3010,"right":0,"bottom":3010,"width":0,"height":0,"childCount":1,"index":0,"depth":8}},{"id":16,"pid":14,"index":1,"idQf":null,"textQf":null,"attr":{"id":null,"name":"android.widget.LinearLayout","text":null,"desc":null,"clickable":false,"focusable":false,"checkable":false,"checked":false,"longClickable":false,"visibleToUser":true,"left":0,"top":3010,"right":1440,"bottom":3200,"width":1440,"height":190,"childCount":3,"index":1,"depth":8}},{"id":17,"pid":16,"index":0,"idQf":true,"textQf":null,"attr":{"id":"android:id/tabs","name":"android.widget.TabWidget","text":null,"desc":null,"clickable":false,"focusable":false,"checkable":false,"checked":false,"longClickable":false,"visibleToUser":true,"left":0,"top":3010,"right":1440,"bottom":3200,"width":1440,"height":190,"childCount":5,"index":0,"depth":9}},{"id":18,"pid":16,"index":1,"idQf":true,"textQf":null,"attr":{"id":"com.diershoubing.erbing:id/realtabcontent","name":"android.widget.FrameLayout","text":null,"desc":null,"clickable":false,"focusable":false,"checkable":false,"checked":false,"longClickable":false,"visibleToUser":false,"left":0,"top":3200,"right":1440,"bottom":3200,"width":1440,"height":0,"childCount":0,"index":1,"depth":9}},{"id":19,"pid":16,"index":2,"idQf":true,"textQf":null,"attr":{"id":"android:id/tabcontent","name":"android.widget.FrameLayout","text":null,"desc":null,"clickable":false,"focusable":false,"checkable":false,"checked":false,"longClickable":false,"visibleToUser":false,"left":0,"top":3200,"right":0,"bottom":3200,"width":0,"height":0,"childCount":0,"index":2,"depth":9}},{"id":20,"pid":17,"index":0,"idQf":null,"textQf":null,"attr":{"id":null,"name":"android.widget.LinearLayout","text":null,"desc":null,"clickable":true,"focusable":true,"checkable":false,"checked":false,"longClickable":false,"visibleToUser":true,"left":0,"top":3010,"right":288,"bottom":3200,"width":288,"height":190,"childCount":2,"index":0,"depth":10}},{"id":21,"pid":17,"index":1,"idQf":null,"textQf":null,"attr":{"id":null,"name":"android.widget.LinearLayout","text":null,"desc":null,"clickable":true,"focusable":true,"checkable":false,"checked":false,"longClickable":false,"visibleToUser":true,"left":288,"top":3010,"right":576,"bottom":3200,"width":288,"height":190,"childCount":2,"index":1,"depth":10}},{"id":22,"pid":17,"index":2,"idQf":null,"textQf":null,"attr":{"id":null,"name":"android.widget.LinearLayout","text":null,"desc":null,"clickable":true,"focusable":true,"checkable":false,"checked":false,"longClickable":false,"visibleToUser":true,"left":576,"top":3010,"right":864,"bottom":3200,"width":288,"height":190,"childCount":2,"index":2,"depth":10}},{"id":23,"pid":17,"index":3,"idQf":null,"textQf":null,"attr":{"id":null,"name":"android.widget.LinearLayout","text":null,"desc":null,"clickable":true,"focusable":true,"checkable":false,"checked":false,"longClickable":false,"visibleToUser":true,"left":864,"top":3010,"right":1152,"bottom":3200,"width":288,"height":190,"childCount":2,"index":3,"depth":10}},{"id":24,"pid":17,"index":4,"idQf":null,"textQf":null,"attr":{"id":null,"name":"android.widget.LinearLayout","text":null,"desc":null,"clickable":true,"focusable":true,"checkable":false,"checked":false,"longClickable":false,"visibleToUser":true,"left":1152,"top":3010,"right":1440,"bottom":3200,"width":288,"height":190,"childCount":2,"index":4,"depth":10}},{"id":25,"pid":24,"index":0,"idQf":null,"textQf":null,"attr":{"id":null,"name":"android.view.View","text":null,"desc":null,"clickable":false,"focusable":false,"checkable":false,"checked":false,"longClickable":false,"visibleToUser":true,"left":1152,"top":3010,"right":1440,"bottom":3011,"width":288,"height":1,"childCount":0,"index":0,"depth":11}},{"id":26,"pid":24,"index":1,"idQf":null,"textQf":null,"attr":{"id":null,"name":"android.widget.FrameLayout","text":null,"desc":null,"clickable":false,"focusable":false,"checkable":false,"checked":false,"longClickable":false,"visibleToUser":true,"left":1152,"top":3011,"right":1440,"bottom":3200,"width":288,"height":189,"childCount":1,"index":1,"depth":11}},{"id":27,"pid":26,"index":0,"idQf":true,"textQf":null,"attr":{"id":"com.diershoubing.erbing:id/main","name":"android.widget.LinearLayout","text":null,"desc":null,"clickable":false,"focusable":false,"checkable":false,"checked":false,"longClickable":false,"visibleToUser":true,"left":1257,"top":3018,"right":1335,"bottom":3193,"width":78,"height":175,"childCount":2,"index":0,"depth":12}},{"id":28,"pid":27,"index":0,"idQf":true,"textQf":null,"attr":{"id":"com.diershoubing.erbing:id/icon","name":"android.widget.ImageView","text":null,"desc":"二柄","clickable":false,"focusable":false,"checkable":false,"checked":false,"longClickable":false,"visibleToUser":true,"left":1257,"top":3042,"right":1335,"bottom":3110,"width":78,"height":68,"childCount":0,"index":0,"depth":13}},{"id":29,"pid":27,"index":1,"idQf":true,"textQf":true,"attr":{"id":"com.diershoubing.erbing:id/desc","name":"android.widget.TextView","text":"我的","desc":null,"clickable":false,"focusable":false,"checkable":false,"checked":false,"longClickable":false,"visibleToUser":true,"left":1264,"top":3124,"right":1328,"bottom":3168,"width":64,"height":44,"childCount":0,"index":1,"depth":13}},{"id":30,"pid":23,"index":0,"idQf":null,"textQf":null,"attr":{"id":null,"name":"android.view.View","text":null,"desc":null,"clickable":false,"focusable":false,"checkable":false,"checked":false,"longClickable":false,"visibleToUser":true,"left":864,"top":3010,"right":1152,"bottom":3011,"width":288,"height":1,"childCount":0,"index":0,"depth":11}},{"id":31,"pid":23,"index":1,"idQf":null,"textQf":null,"attr":{"id":null,"name":"android.widget.FrameLayout","text":null,"desc":null,"clickable":false,"focusable":false,"checkable":false,"checked":false,"longClickable":false,"visibleToUser":true,"left":864,"top":3011,"right":1152,"bottom":3200,"width":288,"height":189,"childCount":1,"index":1,"depth":11}},{"id":32,"pid":31,"index":0,"idQf":true,"textQf":null,"attr":{"id":"com.diershoubing.erbing:id/main","name":"android.widget.LinearLayout","text":null,"desc":null,"clickable":false,"focusable":false,"checkable":false,"checked":false,"longClickable":false,"visibleToUser":true,"left":976,"top":3018,"right":1040,"bottom":3193,"width":64,"height":175,"childCount":2,"index":0,"depth":12}},{"id":33,"pid":32,"index":0,"idQf":true,"textQf":null,"attr":{"id":"com.diershoubing.erbing:id/icon","name":"android.widget.ImageView","text":null,"desc":"二柄","clickable":false,"focusable":false,"checkable":false,"checked":false,"longClickable":false,"visibleToUser":true,"left":977,"top":3041,"right":1039,"bottom":3111,"width":62,"height":70,"childCount":0,"index":0,"depth":13}},{"id":34,"pid":32,"index":1,"idQf":true,"textQf":true,"attr":{"id":"com.diershoubing.erbing:id/desc","name":"android.widget.TextView","text":"频道","desc":null,"clickable":false,"focusable":false,"checkable":false,"checked":false,"longClickable":false,"visibleToUser":true,"left":976,"top":3125,"right":1040,"bottom":3169,"width":64,"height":44,"childCount":0,"index":1,"depth":13}},{"id":35,"pid":22,"index":0,"idQf":null,"textQf":null,"attr":{"id":null,"name":"android.view.View","text":null,"desc":null,"clickable":false,"focusable":false,"checkable":false,"checked":false,"longClickable":false,"visibleToUser":true,"left":576,"top":3010,"right":864,"bottom":3011,"width":288,"height":1,"childCount":0,"index":0,"depth":11}},{"id":36,"pid":22,"index":1,"idQf":null,"textQf":null,"attr":{"id":null,"name":"android.widget.FrameLayout","text":null,"desc":null,"clickable":false,"focusable":false,"checkable":false,"checked":false,"longClickable":false,"visibleToUser":true,"left":576,"top":3011,"right":864,"bottom":3200,"width":288,"height":189,"childCount":1,"index":1,"depth":11}},{"id":37,"pid":36,"index":0,"idQf":true,"textQf":null,"attr":{"id":"com.diershoubing.erbing:id/main","name":"android.widget.LinearLayout","text":null,"desc":null,"clickable":false,"focusable":false,"checkable":false,"checked":false,"longClickable":false,"visibleToUser":true,"left":670,"top":3018,"right":769,"bottom":3193,"width":99,"height":175,"childCount":2,"index":0,"depth":12}},{"id":38,"pid":37,"index":0,"idQf":true,"textQf":null,"attr":{"id":"com.diershoubing.erbing:id/icon","name":"android.widget.ImageView","text":null,"desc":"二柄","clickable":false,"focusable":false,"checkable":false,"checked":false,"longClickable":false,"visibleToUser":true,"left":670,"top":3041,"right":769,"bottom":3112,"width":99,"height":71,"childCount":0,"index":0,"depth":13}},{"id":39,"pid":37,"index":1,"idQf":true,"textQf":true,"attr":{"id":"com.diershoubing.erbing:id/desc","name":"android.widget.TextView","text":"炫图","desc":null,"clickable":false,"focusable":false,"checkable":false,"checked":false,"longClickable":false,"visibleToUser":true,"left":687,"top":3126,"right":751,"bottom":3170,"width":64,"height":44,"childCount":0,"index":1,"depth":13}},{"id":40,"pid":21,"index":0,"idQf":null,"textQf":null,"attr":{"id":null,"name":"android.view.View","text":null,"desc":null,"clickable":false,"focusable":false,"checkable":false,"checked":false,"longClickable":false,"visibleToUser":true,"left":288,"top":3010,"right":576,"bottom":3011,"width":288,"height":1,"childCount":0,"index":0,"depth":11}},{"id":41,"pid":21,"index":1,"idQf":null,"textQf":null,"attr":{"id":null,"name":"android.widget.FrameLayout","text":null,"desc":null,"clickable":false,"focusable":false,"checkable":false,"checked":false,"longClickable":false,"visibleToUser":true,"left":288,"top":3011,"right":576,"bottom":3200,"width":288,"height":189,"childCount":1,"index":1,"depth":11}},{"id":42,"pid":41,"index":0,"idQf":true,"textQf":null,"attr":{"id":"com.diershoubing.erbing:id/main","name":"android.widget.LinearLayout","text":null,"desc":null,"clickable":false,"focusable":false,"checkable":false,"checked":false,"longClickable":false,"visibleToUser":true,"left":382,"top":3018,"right":481,"bottom":3193,"width":99,"height":175,"childCount":2,"index":0,"depth":12}},{"id":43,"pid":42,"index":0,"idQf":true,"textQf":null,"attr":{"id":"com.diershoubing.erbing:id/icon","name":"android.widget.ImageView","text":null,"desc":"二柄","clickable":false,"focusable":false,"checkable":false,"checked":false,"longClickable":false,"visibleToUser":true,"left":382,"top":3041,"right":481,"bottom":3112,"width":99,"height":71,"childCount":0,"index":0,"depth":13}},{"id":44,"pid":42,"index":1,"idQf":true,"textQf":true,"attr":{"id":"com.diershoubing.erbing:id/desc","name":"android.widget.TextView","text":"游戏","desc":null,"clickable":false,"focusable":false,"checkable":false,"checked":false,"longClickable":false,"visibleToUser":true,"left":399,"top":3126,"right":463,"bottom":3170,"width":64,"height":44,"childCount":0,"index":1,"depth":13}},{"id":45,"pid":20,"index":0,"idQf":null,"textQf":null,"attr":{"id":null,"name":"android.view.View","text":null,"desc":null,"clickable":false,"focusable":false,"checkable":false,"checked":false,"longClickable":false,"visibleToUser":true,"left":0,"top":3010,"right":288,"bottom":3011,"width":288,"height":1,"childCount":0,"index":0,"depth":11}},{"id":46,"pid":20,"index":1,"idQf":null,"textQf":null,"attr":{"id":null,"name":"android.widget.FrameLayout","text":null,"desc":null,"clickable":false,"focusable":false,"checkable":false,"checked":false,"longClickable":false,"visibleToUser":true,"left":0,"top":3011,"right":288,"bottom":3200,"width":288,"height":189,"childCount":1,"index":1,"depth":11}},{"id":47,"pid":46,"index":0,"idQf":true,"textQf":null,"attr":{"id":"com.diershoubing.erbing:id/main","name":"android.widget.LinearLayout","text":null,"desc":null,"clickable":false,"focusable":false,"checkable":false,"checked":false,"longClickable":false,"visibleToUser":true,"left":94,"top":3018,"right":193,"bottom":3193,"width":99,"height":175,"childCount":2,"index":0,"depth":12}},{"id":48,"pid":47,"index":0,"idQf":true,"textQf":null,"attr":{"id":"com.diershoubing.erbing:id/icon","name":"android.widget.ImageView","text":null,"desc":"二柄","clickable":false,"focusable":false,"checkable":false,"checked":false,"longClickable":false,"visibleToUser":true,"left":94,"top":3041,"right":193,"bottom":3112,"width":99,"height":71,"childCount":0,"index":0,"depth":13}},{"id":49,"pid":47,"index":1,"idQf":true,"textQf":true,"attr":{"id":"com.diershoubing.erbing:id/desc","name":"android.widget.TextView","text":"头条","desc":null,"clickable":false,"focusable":false,"checkable":false,"checked":false,"longClickable":false,"visibleToUser":true,"left":111,"top":3126,"right":175,"bottom":3170,"width":64,"height":44,"childCount":0,"index":1,"depth":13}},{"id":50,"pid":15,"index":0,"idQf":null,"textQf":null,"attr":{"id":null,"name":"android.view.View","text":null,"desc":null,"clickable":false,"focusable":false,"checkable":false,"checked":false,"longClickable":false,"visibleToUser":false,"left":0,"top":3010,"right":0,"bottom":3010,"width":0,"height":0,"childCount":0,"index":0,"depth":9}},{"id":51,"pid":13,"index":0,"idQf":null,"textQf":null,"attr":{"id":null,"name":"android.widget.RelativeLayout","text":null,"desc":null,"clickable":false,"focusable":false,"checkable":false,"checked":false,"longClickable":false,"visibleToUser":true,"left":0,"top":0,"right":1440,"bottom":3010,"width":1440,"height":3010,"childCount":2,"index":0,"depth":8}},{"id":52,"pid":51,"index":0,"idQf":true,"textQf":null,"attr":{"id":"com.diershoubing.erbing:id/toolbar","name":"android.view.ViewGroup","text":null,"desc":null,"clickable":false,"focusable":false,"checkable":false,"checked":false,"longClickable":false,"visibleToUser":true,"left":0,"top":0,"right":1440,"bottom":168,"width":1440,"height":168,"childCount":3,"index":0,"depth":9}},{"id":53,"pid":51,"index":1,"idQf":true,"textQf":null,"attr":{"id":"com.diershoubing.erbing:id/pager","name":"androidx.viewpager.widget.ViewPager","text":null,"desc":null,"clickable":false,"focusable":true,"checkable":false,"checked":false,"longClickable":false,"visibleToUser":true,"left":0,"top":168,"right":1440,"bottom":3010,"width":1440,"height":2842,"childCount":3,"index":1,"depth":9}},{"id":54,"pid":53,"index":0,"idQf":null,"textQf":null,"attr":{"id":null,"name":"android.widget.FrameLayout","text":null,"desc":null,"clickable":false,"focusable":false,"checkable":false,"checked":false,"longClickable":false,"visibleToUser":true,"left":0,"top":168,"right":1440,"bottom":3010,"width":1440,"height":2842,"childCount":3,"index":0,"depth":10}},{"id":55,"pid":53,"index":1,"idQf":null,"textQf":null,"attr":{"id":null,"name":"android.widget.FrameLayout","text":null,"desc":null,"clickable":false,"focusable":false,"checkable":false,"checked":false,"longClickable":false,"visibleToUser":false,"left":1440,"top":168,"right":1440,"bottom":3010,"width":0,"height":2842,"childCount":2,"index":1,"depth":10}},{"id":56,"pid":53,"index":2,"idQf":null,"textQf":null,"attr":{"id":null,"name":"android.widget.FrameLayout","text":null,"desc":null,"clickable":false,"focusable":false,"checkable":false,"checked":false,"longClickable":false,"visibleToUser":false,"left":2880,"top":168,"right":1440,"bottom":3010,"width":-1440,"height":2842,"childCount":2,"index":2,"depth":10}},{"id":57,"pid":56,"index":0,"idQf":true,"textQf":null,"attr":{"id":"com.diershoubing.erbing:id/subTabs","name":"android.widget.HorizontalScrollView","text":null,"desc":null,"clickable":false,"focusable":true,"checkable":false,"checked":false,"longClickable":false,"visibleToUser":false,"left":2880,"top":168,"right":1440,"bottom":294,"width":-1440,"height":126,"childCount":1,"index":0,"depth":11}},{"id":58,"pid":56,"index":1,"idQf":true,"textQf":null,"attr":{"id":"com.diershoubing.erbing:id/subPagers","name":"androidx.viewpager.widget.ViewPager","text":null,"desc":null,"clickable":false,"focusable":true,"checkable":false,"checked":false,"longClickable":false,"visibleToUser":false,"left":2880,"top":294,"right":1440,"bottom":3010,"width":-1440,"height":2716,"childCount":3,"index":1,"depth":11}},{"id":59,"pid":58,"index":0,"idQf":true,"textQf":null,"attr":{"id":"com.diershoubing.erbing:id/rootV","name":"android.widget.RelativeLayout","text":null,"desc":null,"clickable":false,"focusable":false,"checkable":false,"checked":false,"longClickable":false,"visibleToUser":false,"left":2880,"top":294,"right":1440,"bottom":3010,"width":-1440,"height":2716,"childCount":2,"index":0,"depth":12}},{"id":60,"pid":58,"index":1,"idQf":null,"textQf":null,"attr":{"id":null,"name":"android.widget.FrameLayout","text":null,"desc":null,"clickable":false,"focusable":false,"checkable":false,"checked":false,"longClickable":false,"visibleToUser":false,"left":4320,"top":294,"right":1440,"bottom":3010,"width":-2880,"height":2716,"childCount":1,"index":1,"depth":12}},{"id":61,"pid":58,"index":2,"idQf":true,"textQf":null,"attr":{"id":"com.diershoubing.erbing:id/rootV","name":"android.widget.RelativeLayout","text":null,"desc":null,"clickable":false,"focusable":false,"checkable":false,"checked":false,"longClickable":false,"visibleToUser":false,"left":5760,"top":294,"right":1440,"bottom":3010,"width":-4320,"height":2716,"childCount":2,"index":2,"depth":12}},{"id":62,"pid":61,"index":0,"idQf":true,"textQf":null,"attr":{"id":"com.diershoubing.erbing:id/pull","name":"android.view.ViewGroup","text":null,"desc":null,"clickable":false,"focusable":false,"checkable":false,"checked":false,"longClickable":false,"visibleToUser":false,"left":5760,"top":294,"right":1440,"bottom":3010,"width":-4320,"height":2716,"childCount":0,"index":0,"depth":13}},{"id":63,"pid":61,"index":1,"idQf":null,"textQf":null,"attr":{"id":null,"name":"android.widget.ImageView","text":null,"desc":null,"clickable":true,"focusable":true,"checkable":false,"checked":false,"longClickable":false,"visibleToUser":false,"left":6996,"top":2701,"right":1440,"bottom":2870,"width":-5556,"height":169,"childCount":0,"index":1,"depth":13}},{"id":64,"pid":60,"index":0,"idQf":null,"textQf":null,"attr":{"id":null,"name":"android.widget.LinearLayout","text":null,"desc":null,"clickable":false,"focusable":false,"checkable":false,"checked":false,"longClickable":false,"visibleToUser":false,"left":4320,"top":294,"right":1440,"bottom":3010,"width":-2880,"height":2716,"childCount":2,"index":0,"depth":13}},{"id":65,"pid":64,"index":0,"idQf":true,"textQf":null,"attr":{"id":"com.diershoubing.erbing:id/tLs","name":"android.widget.ListView","text":null,"desc":null,"clickable":false,"focusable":false,"checkable":false,"checked":false,"longClickable":false,"visibleToUser":false,"left":4320,"top":295,"right":1440,"bottom":3010,"width":-2880,"height":2715,"childCount":0,"index":0,"depth":14}},{"id":66,"pid":64,"index":1,"idQf":true,"textQf":null,"attr":{"id":"com.diershoubing.erbing:id/pullV","name":"android.view.ViewGroup","text":null,"desc":null,"clickable":false,"focusable":false,"checkable":false,"checked":false,"longClickable":false,"visibleToUser":false,"left":4621,"top":295,"right":1440,"bottom":3010,"width":-3181,"height":2715,"childCount":1,"index":1,"depth":14}},{"id":67,"pid":66,"index":0,"idQf":true,"textQf":null,"attr":{"id":"com.diershoubing.erbing:id/tRc","name":"android.widget.ListView","text":null,"desc":null,"clickable":false,"focusable":false,"checkable":false,"checked":false,"longClickable":false,"visibleToUser":false,"left":4621,"top":295,"right":1440,"bottom":3010,"width":-3181,"height":2715,"childCount":0,"index":0,"depth":15}},{"id":68,"pid":59,"index":0,"idQf":true,"textQf":null,"attr":{"id":"com.diershoubing.erbing:id/pull","name":"android.view.ViewGroup","text":null,"desc":null,"clickable":false,"focusable":false,"checkable":false,"checked":false,"longClickable":false,"visibleToUser":false,"left":2880,"top":294,"right":1440,"bottom":3010,"width":-1440,"height":2716,"childCount":0,"index":0,"depth":13}},{"id":69,"pid":59,"index":1,"idQf":null,"textQf":null,"attr":{"id":null,"name":"android.widget.ImageView","text":null,"desc":null,"clickable":true,"focusable":true,"checkable":false,"checked":false,"longClickable":false,"visibleToUser":false,"left":4116,"top":2701,"right":1440,"bottom":2870,"width":-2676,"height":169,"childCount":0,"index":1,"depth":13}},{"id":70,"pid":57,"index":0,"idQf":null,"textQf":null,"attr":{"id":null,"name":"android.widget.LinearLayout","text":null,"desc":null,"clickable":false,"focusable":false,"checkable":false,"checked":false,"longClickable":false,"visibleToUser":false,"left":2880,"top":168,"right":1440,"bottom":294,"width":-1440,"height":126,"childCount":3,"index":0,"depth":12}},{"id":71,"pid":70,"index":0,"idQf":null,"textQf":true,"attr":{"id":null,"name":"android.widget.TextView","text":"帖子","desc":null,"clickable":true,"focusable":true,"checkable":false,"checked":false,"longClickable":false,"visibleToUser":false,"left":2880,"top":168,"right":1440,"bottom":294,"width":-1440,"height":126,"childCount":0,"index":0,"depth":13}},{"id":72,"pid":70,"index":1,"idQf":null,"textQf":true,"attr":{"id":null,"name":"android.widget.TextView","text":"社区","desc":null,"clickable":true,"focusable":true,"checkable":false,"checked":false,"longClickable":false,"visibleToUser":false,"left":3360,"top":168,"right":1440,"bottom":294,"width":-1920,"height":126,"childCount":0,"index":1,"depth":13}},{"id":73,"pid":70,"index":2,"idQf":null,"textQf":true,"attr":{"id":null,"name":"android.widget.TextView","text":"求好友","desc":null,"clickable":true,"focusable":true,"checkable":false,"checked":false,"longClickable":false,"visibleToUser":false,"left":3840,"top":168,"right":1440,"bottom":294,"width":-2400,"height":126,"childCount":0,"index":2,"depth":13}},{"id":74,"pid":55,"index":0,"idQf":true,"textQf":null,"attr":{"id":"com.diershoubing.erbing:id/subTabs","name":"android.widget.HorizontalScrollView","text":null,"desc":null,"clickable":false,"focusable":true,"checkable":false,"checked":false,"longClickable":false,"visibleToUser":false,"left":1440,"top":168,"right":1440,"bottom":294,"width":0,"height":126,"childCount":1,"index":0,"depth":11}},{"id":75,"pid":55,"index":1,"idQf":true,"textQf":null,"attr":{"id":"com.diershoubing.erbing:id/subPagers","name":"androidx.viewpager.widget.ViewPager","text":null,"desc":null,"clickable":false,"focusable":true,"checkable":false,"checked":false,"longClickable":false,"visibleToUser":false,"left":1440,"top":294,"right":1440,"bottom":3010,"width":0,"height":2716,"childCount":3,"index":1,"depth":11}},{"id":76,"pid":75,"index":0,"idQf":true,"textQf":null,"attr":{"id":"com.diershoubing.erbing:id/rootV","name":"android.view.ViewGroup","text":null,"desc":null,"clickable":false,"focusable":false,"checkable":false,"checked":false,"longClickable":false,"visibleToUser":false,"left":1440,"top":294,"right":1440,"bottom":3010,"width":0,"height":2716,"childCount":1,"index":0,"depth":12}},{"id":77,"pid":75,"index":1,"idQf":true,"textQf":null,"attr":{"id":"com.diershoubing.erbing:id/rootV","name":"android.view.ViewGroup","text":null,"desc":null,"clickable":false,"focusable":false,"checkable":false,"checked":false,"longClickable":false,"visibleToUser":false,"left":1440,"top":294,"right":1440,"bottom":3010,"width":0,"height":2716,"childCount":1,"index":1,"depth":12}},{"id":78,"pid":75,"index":2,"idQf":true,"textQf":null,"attr":{"id":"com.diershoubing.erbing:id/rootV","name":"android.view.ViewGroup","text":null,"desc":null,"clickable":false,"focusable":false,"checkable":false,"checked":false,"longClickable":false,"visibleToUser":false,"left":2880,"top":294,"right":1440,"bottom":3010,"width":-1440,"height":2716,"childCount":1,"index":2,"depth":12}},{"id":79,"pid":78,"index":0,"idQf":true,"textQf":null,"attr":{"id":"com.diershoubing.erbing:id/pullV","name":"android.view.ViewGroup","text":null,"desc":null,"clickable":false,"focusable":false,"checkable":false,"checked":false,"longClickable":false,"visibleToUser":false,"left":2880,"top":294,"right":1440,"bottom":3010,"width":-1440,"height":2716,"childCount":0,"index":0,"depth":13}},{"id":80,"pid":77,"index":0,"idQf":true,"textQf":null,"attr":{"id":"com.diershoubing.erbing:id/pullV","name":"android.view.ViewGroup","text":null,"desc":null,"clickable":false,"focusable":false,"checkable":false,"checked":false,"longClickable":false,"visibleToUser":false,"left":1440,"top":294,"right":1440,"bottom":3010,"width":0,"height":2716,"childCount":0,"index":0,"depth":13}},{"id":81,"pid":76,"index":0,"idQf":true,"textQf":null,"attr":{"id":"com.diershoubing.erbing:id/pullV","name":"android.view.ViewGroup","text":null,"desc":null,"clickable":false,"focusable":false,"checkable":false,"checked":false,"longClickable":false,"visibleToUser":false,"left":1440,"top":294,"right":1440,"bottom":3010,"width":0,"height":2716,"childCount":0,"index":0,"depth":13}},{"id":82,"pid":74,"index":0,"idQf":null,"textQf":null,"attr":{"id":null,"name":"android.widget.LinearLayout","text":null,"desc":null,"clickable":false,"focusable":false,"checkable":false,"checked":false,"longClickable":false,"visibleToUser":false,"left":1440,"top":168,"right":1440,"bottom":294,"width":0,"height":126,"childCount":3,"index":0,"depth":12}},{"id":83,"pid":82,"index":0,"idQf":null,"textQf":true,"attr":{"id":null,"name":"android.widget.TextView","text":"关注","desc":null,"clickable":true,"focusable":true,"checkable":false,"checked":false,"longClickable":false,"visibleToUser":false,"left":1440,"top":168,"right":1440,"bottom":294,"width":0,"height":126,"childCount":0,"index":0,"depth":13}},{"id":84,"pid":82,"index":1,"idQf":null,"textQf":true,"attr":{"id":null,"name":"android.widget.TextView","text":"在玩","desc":null,"clickable":true,"focusable":true,"checkable":false,"checked":false,"longClickable":false,"visibleToUser":false,"left":1920,"top":168,"right":1440,"bottom":294,"width":-480,"height":126,"childCount":0,"index":1,"depth":13}},{"id":85,"pid":82,"index":2,"idQf":null,"textQf":true,"attr":{"id":null,"name":"android.widget.TextView","text":"玩过","desc":null,"clickable":true,"focusable":true,"checkable":false,"checked":false,"longClickable":false,"visibleToUser":false,"left":2400,"top":168,"right":1440,"bottom":294,"width":-960,"height":126,"childCount":0,"index":2,"depth":13}},{"id":86,"pid":54,"index":0,"idQf":true,"textQf":null,"attr":{"id":"com.diershoubing.erbing:id/subTabs","name":"android.widget.HorizontalScrollView","text":null,"desc":null,"clickable":false,"focusable":true,"checkable":false,"checked":false,"longClickable":false,"visibleToUser":true,"left":0,"top":168,"right":1440,"bottom":294,"width":1440,"height":126,"childCount":1,"index":0,"depth":11}},{"id":87,"pid":54,"index":1,"idQf":true,"textQf":null,"attr":{"id":"com.diershoubing.erbing:id/tabFading","name":"android.widget.ImageView","text":null,"desc":"二柄","clickable":false,"focusable":false,"checkable":false,"checked":false,"longClickable":false,"visibleToUser":true,"left":1191,"top":168,"right":1440,"bottom":294,"width":249,"height":126,"childCount":0,"index":1,"depth":11}},{"id":88,"pid":54,"index":2,"idQf":true,"textQf":null,"attr":{"id":"com.diershoubing.erbing:id/subPagers","name":"androidx.viewpager.widget.ViewPager","text":null,"desc":null,"clickable":false,"focusable":true,"checkable":false,"checked":false,"longClickable":false,"visibleToUser":true,"left":0,"top":294,"right":1440,"bottom":3010,"width":1440,"height":2716,"childCount":2,"index":2,"depth":11}},{"id":89,"pid":88,"index":0,"idQf":true,"textQf":null,"attr":{"id":"com.diershoubing.erbing:id/rootV","name":"android.view.ViewGroup","text":null,"desc":null,"clickable":false,"focusable":false,"checkable":false,"checked":false,"longClickable":false,"visibleToUser":true,"left":0,"top":294,"right":1440,"bottom":3010,"width":1440,"height":2716,"childCount":1,"index":0,"depth":12}},{"id":90,"pid":88,"index":1,"idQf":true,"textQf":null,"attr":{"id":"com.diershoubing.erbing:id/rootV","name":"android.view.ViewGroup","text":null,"desc":null,"clickable":false,"focusable":false,"checkable":false,"checked":false,"longClickable":false,"visibleToUser":false,"left":1440,"top":294,"right":1440,"bottom":3010,"width":0,"height":2716,"childCount":1,"index":1,"depth":12}},{"id":91,"pid":90,"index":0,"idQf":true,"textQf":null,"attr":{"id":"com.diershoubing.erbing:id/pullV","name":"android.view.ViewGroup","text":null,"desc":null,"clickable":false,"focusable":false,"checkable":false,"checked":false,"longClickable":false,"visibleToUser":false,"left":1440,"top":294,"right":1440,"bottom":3010,"width":0,"height":2716,"childCount":1,"index":0,"depth":13}},{"id":92,"pid":91,"index":0,"idQf":true,"textQf":null,"attr":{"id":"com.diershoubing.erbing:id/rv","name":"androidx.recyclerview.widget.RecyclerView","text":null,"desc":null,"clickable":false,"focusable":true,"checkable":false,"checked":false,"longClickable":false,"visibleToUser":false,"left":1440,"top":294,"right":1440,"bottom":3010,"width":0,"height":2716,"childCount":3,"index":0,"depth":14}},{"id":93,"pid":92,"index":0,"idQf":true,"textQf":null,"attr":{"id":"com.diershoubing.erbing:id/searchLayout","name":"android.widget.RelativeLayout","text":null,"desc":null,"clickable":true,"focusable":true,"checkable":false,"checked":false,"longClickable":false,"visibleToUser":false,"left":1440,"top":294,"right":1440,"bottom":483,"width":0,"height":189,"childCount":2,"index":0,"depth":15}},{"id":94,"pid":92,"index":1,"idQf":null,"textQf":null,"attr":{"id":null,"name":"android.widget.LinearLayout","text":null,"desc":null,"clickable":false,"focusable":false,"checkable":false,"checked":false,"longClickable":false,"visibleToUser":false,"left":1440,"top":483,"right":1440,"bottom":933,"width":0,"height":450,"childCount":2,"index":1,"depth":15}},{"id":95,"pid":92,"index":2,"idQf":true,"textQf":null,"attr":{"id":"com.diershoubing.erbing:id/root","name":"android.widget.LinearLayout","text":null,"desc":null,"clickable":false,"focusable":false,"checkable":false,"checked":false,"longClickable":false,"visibleToUser":false,"left":1440,"top":933,"right":1440,"bottom":3010,"width":0,"height":2077,"childCount":1,"index":2,"depth":15}},{"id":96,"pid":95,"index":0,"idQf":true,"textQf":null,"attr":{"id":"com.diershoubing.erbing:id/mainV","name":"android.widget.LinearLayout","text":null,"desc":null,"clickable":false,"focusable":false,"checkable":false,"checked":false,"longClickable":false,"visibleToUser":false,"left":1440,"top":933,"right":1440,"bottom":3010,"width":0,"height":2077,"childCount":8,"index":0,"depth":16}},{"id":97,"pid":96,"index":0,"idQf":null,"textQf":null,"attr":{"id":null,"name":"android.view.View","text":null,"desc":null,"clickable":false,"focusable":false,"checkable":false,"checked":false,"longClickable":false,"visibleToUser":false,"left":1440,"top":933,"right":1440,"bottom":961,"width":0,"height":28,"childCount":0,"index":0,"depth":17}},{"id":98,"pid":96,"index":1,"idQf":null,"textQf":null,"attr":{"id":null,"name":"android.widget.RelativeLayout","text":null,"desc":null,"clickable":true,"focusable":true,"checkable":false,"checked":false,"longClickable":false,"visibleToUser":false,"left":1440,"top":961,"right":1440,"bottom":1140,"width":0,"height":179,"childCount":4,"index":1,"depth":17}},{"id":99,"pid":96,"index":2,"idQf":null,"textQf":null,"attr":{"id":null,"name":"android.view.View","text":null,"desc":null,"clickable":false,"focusable":false,"checkable":false,"checked":false,"longClickable":false,"visibleToUser":false,"left":1440,"top":1140,"right":1440,"bottom":1144,"width":0,"height":4,"childCount":0,"index":2,"depth":17}},{"id":100,"pid":96,"index":3,"idQf":null,"textQf":null,"attr":{"id":null,"name":"android.widget.LinearLayout","text":null,"desc":null,"clickable":false,"focusable":false,"checkable":false,"checked":false,"longClickable":false,"visibleToUser":false,"left":1440,"top":1151,"right":1440,"bottom":1151,"width":0,"height":0,"childCount":0,"index":3,"depth":17}},{"id":101,"pid":96,"index":4,"idQf":null,"textQf":true,"attr":{"id":null,"name":"android.widget.TextView","text":"【前TGA评委：别太把TGA当回事儿！】“TGA年度游戏就是扯淡！”曾IGN编辑并多次担任TGA评委的Alanah Pearce如是说。在最近的个人动态更新中，Alanah Pearce谈到了近日的TGA游戏大选，并认为TGA就是其实就是比拼热度的游戏。她表示，很多玩家认为TGA的奖项含金量很高，但事实上TGA的评委来自全球各地的数百家媒体，他们会挑选出一些游戏进入提名，然后再从这些游戏中选出年度游戏。评选的标准都是凭个人的喜好，并没有一个非常统一的标准，媒体之间也基本不会互相交流。到最后，基本上都是热度比较高的游戏得奖。虽然年度游戏也有玩家投票，但玩家的权重仅占10%。\r\n\r\n作为对比，Alanah Pearce也提到了一些其他的奖项，诸如BAFTA奖项有自己的评判标准和流程。比如评委必须要玩过这些游戏，他们还会互相交流讨论，给出自己的评选理由和对这款作品的看法，最后经过协商评出奖项。不过Alanah Pearce也表示，TGA这样的评选方式倒也没什么问题，只不过大家别太把TGA当回事儿了。不要让TGA成为衡量一款游戏质量与好坏的标准，对于大部分玩家来说，在TGA上看看预告片也是不错的。","desc":null,"clickable":true,"focusable":true,"checkable":false,"checked":false,"longClickable":false,"visibleToUser":false,"left":1475,"top":1165,"right":1440,"bottom":2831,"width":-35,"height":1666,"childCount":0,"index":4,"depth":17}},{"id":102,"pid":96,"index":5,"idQf":null,"textQf":null,"attr":{"id":null,"name":"android.widget.LinearLayout","text":null,"desc":null,"clickable":false,"focusable":false,"checkable":false,"checked":false,"longClickable":false,"visibleToUser":false,"left":1440,"top":2831,"right":1440,"bottom":3010,"width":0,"height":179,"childCount":1,"index":5,"depth":17}},{"id":103,"pid":96,"index":6,"idQf":null,"textQf":null,"attr":{"id":null,"name":"android.widget.LinearLayout","text":null,"desc":null,"clickable":false,"focusable":false,"checkable":false,"checked":false,"longClickable":false,"visibleToUser":false,"left":1440,"top":3246,"right":1440,"bottom":3010,"width":0,"height":-236,"childCount":1,"index":6,"depth":17}},{"id":104,"pid":96,"index":7,"idQf":null,"textQf":null,"attr":{"id":null,"name":"android.view.View","text":null,"desc":null,"clickable":false,"focusable":false,"checkable":false,"checked":false,"longClickable":false,"visibleToUser":false,"left":1440,"top":3404,"right":1440,"bottom":3010,"width":0,"height":-394,"childCount":0,"index":7,"depth":17}},{"id":105,"pid":103,"index":0,"idQf":null,"textQf":null,"attr":{"id":null,"name":"android.widget.LinearLayout","text":null,"desc":null,"clickable":false,"focusable":false,"checkable":false,"checked":false,"longClickable":false,"visibleToUser":false,"left":1440,"top":3246,"right":1440,"bottom":3010,"width":0,"height":-236,"childCount":4,"index":0,"depth":18}},{"id":106,"pid":105,"index":0,"idQf":null,"textQf":null,"attr":{"id":null,"name":"android.widget.LinearLayout","text":null,"desc":null,"clickable":true,"focusable":true,"checkable":false,"checked":false,"longClickable":false,"visibleToUser":false,"left":1440,"top":3246,"right":1440,"bottom":3010,"width":0,"height":-236,"childCount":1,"index":0,"depth":19}},{"id":107,"pid":105,"index":1,"idQf":null,"textQf":null,"attr":{"id":null,"name":"android.widget.LinearLayout","text":null,"desc":null,"clickable":false,"focusable":false,"checkable":false,"checked":false,"longClickable":false,"visibleToUser":false,"left":1800,"top":3246,"right":1440,"bottom":3010,"width":-360,"height":-236,"childCount":1,"index":1,"depth":19}},{"id":108,"pid":105,"index":2,"idQf":null,"textQf":null,"attr":{"id":null,"name":"android.widget.LinearLayout","text":null,"desc":null,"clickable":true,"focusable":true,"checkable":false,"checked":false,"longClickable":false,"visibleToUser":false,"left":2160,"top":3246,"right":1440,"bottom":3010,"width":-720,"height":-236,"childCount":1,"index":2,"depth":19}},{"id":109,"pid":105,"index":3,"idQf":null,"textQf":null,"attr":{"id":null,"name":"android.widget.LinearLayout","text":null,"desc":null,"clickable":true,"focusable":true,"checkable":false,"checked":false,"longClickable":false,"visibleToUser":false,"left":2520,"top":3246,"right":1440,"bottom":3010,"width":-1080,"height":-236,"childCount":1,"index":3,"depth":19}},{"id":110,"pid":109,"index":0,"idQf":null,"textQf":true,"attr":{"id":null,"name":"android.widget.TextView","text":" 分享","desc":null,"clickable":false,"focusable":false,"checkable":false,"checked":false,"longClickable":false,"visibleToUser":false,"left":2609,"top":3293,"right":1440,"bottom":3010,"width":-1169,"height":-283,"childCount":0,"index":0,"depth":20}},{"id":111,"pid":108,"index":0,"idQf":null,"textQf":true,"attr":{"id":null,"name":"android.widget.TextView","text":" 16","desc":null,"clickable":false,"focusable":false,"checkable":false,"checked":false,"longClickable":false,"visibleToUser":false,"left":2271,"top":3287,"right":1440,"bottom":3010,"width":-831,"height":-277,"childCount":0,"index":0,"depth":20}},{"id":112,"pid":107,"index":0,"idQf":null,"textQf":true,"attr":{"id":null,"name":"android.widget.TextView","text":"259","desc":null,"clickable":true,"focusable":true,"checkable":false,"checked":false,"longClickable":false,"visibleToUser":false,"left":1896,"top":3287,"right":1440,"bottom":3010,"width":-456,"height":-277,"childCount":0,"index":0,"depth":20}},{"id":113,"pid":106,"index":0,"idQf":null,"textQf":true,"attr":{"id":null,"name":"android.widget.TextView","text":" 46","desc":null,"clickable":false,"focusable":false,"checkable":false,"checked":false,"longClickable":false,"visibleToUser":false,"left":1542,"top":3280,"right":1440,"bottom":3010,"width":-102,"height":-270,"childCount":0,"index":0,"depth":20}},{"id":114,"pid":102,"index":0,"idQf":null,"textQf":null,"attr":{"id":null,"name":"android.widget.LinearLayout","text":null,"desc":null,"clickable":false,"focusable":false,"checkable":false,"checked":false,"longClickable":false,"visibleToUser":false,"left":1475,"top":2859,"right":1440,"bottom":3010,"width":-35,"height":151,"childCount":4,"index":0,"depth":18}},{"id":115,"pid":114,"index":0,"idQf":null,"textQf":null,"attr":{"id":null,"name":"android.view.ViewGroup","text":null,"desc":null,"clickable":false,"focusable":false,"checkable":false,"checked":false,"longClickable":false,"visibleToUser":false,"left":1475,"top":2859,"right":1440,"bottom":3010,"width":-35,"height":151,"childCount":1,"index":0,"depth":19}},{"id":116,"pid":114,"index":1,"idQf":null,"textQf":null,"attr":{"id":null,"name":"android.widget.ImageView","text":null,"desc":null,"clickable":true,"focusable":true,"checkable":false,"checked":false,"longClickable":false,"visibleToUser":false,"left":1890,"top":2859,"right":1440,"bottom":3010,"width":-450,"height":151,"childCount":0,"index":1,"depth":19}},{"id":117,"pid":114,"index":2,"idQf":null,"textQf":null,"attr":{"id":null,"name":"android.widget.FrameLayout","text":null,"desc":null,"clickable":false,"focusable":false,"checkable":false,"checked":false,"longClickable":false,"visibleToUser":false,"left":2306,"top":2859,"right":1440,"bottom":3010,"width":-866,"height":151,"childCount":2,"index":2,"depth":19}},{"id":118,"pid":114,"index":3,"idQf":null,"textQf":null,"attr":{"id":null,"name":"android.widget.ImageView","text":null,"desc":null,"clickable":true,"focusable":true,"checkable":false,"checked":false,"longClickable":false,"visibleToUser":false,"left":2722,"top":3011,"right":1440,"bottom":3010,"width":-1282,"height":-1,"childCount":0,"index":3,"depth":19}},{"id":119,"pid":117,"index":0,"idQf":null,"textQf":null,"attr":{"id":null,"name":"android.widget.ImageView","text":null,"desc":null,"clickable":true,"focusable":true,"checkable":false,"checked":false,"longClickable":false,"visibleToUser":false,"left":2306,"top":2859,"right":1440,"bottom":3010,"width":-866,"height":151,"childCount":0,"index":0,"depth":20}},{"id":120,"pid":117,"index":1,"idQf":null,"textQf":true,"attr":{"id":null,"name":"android.widget.TextView","text":"共4张","desc":null,"clickable":false,"focusable":false,"checkable":false,"checked":false,"longClickable":false,"visibleToUser":false,"left":2586,"top":3190,"right":1440,"bottom":3010,"width":-1146,"height":-180,"childCount":0,"index":1,"depth":20}},{"id":121,"pid":115,"index":0,"idQf":null,"textQf":null,"attr":{"id":null,"name":"android.widget.ImageView","text":null,"desc":null,"clickable":true,"focusable":true,"checkable":false,"checked":false,"longClickable":false,"visibleToUser":false,"left":1475,"top":2859,"right":1440,"bottom":3010,"width":-35,"height":151,"childCount":0,"index":0,"depth":20}},{"id":122,"pid":98,"index":0,"idQf":null,"textQf":null,"attr":{"id":null,"name":"android.widget.ImageView","text":null,"desc":null,"clickable":false,"focusable":false,"checkable":false,"checked":false,"longClickable":false,"visibleToUser":false,"left":1465,"top":985,"right":1440,"bottom":1115,"width":-25,"height":130,"childCount":0,"index":0,"depth":18}},{"id":123,"pid":98,"index":1,"idQf":null,"textQf":true,"attr":{"id":null,"name":"android.widget.TextView","text":"游戏资讯","desc":null,"clickable":false,"focusable":false,"checkable":false,"checked":false,"longClickable":false,"visibleToUser":false,"left":1637,"top":985,"right":1440,"bottom":1055,"width":-197,"height":70,"childCount":0,"index":1,"depth":18}},{"id":124,"pid":98,"index":2,"idQf":null,"textQf":true,"attr":{"id":null,"name":"android.widget.TextView","text":"2023年11月28日","desc":null,"clickable":false,"focusable":false,"checkable":false,"checked":false,"longClickable":false,"visibleToUser":false,"left":1637,"top":1068,"right":1440,"bottom":1115,"width":-197,"height":47,"childCount":0,"index":2,"depth":18}},{"id":125,"pid":98,"index":3,"idQf":null,"textQf":null,"attr":{"id":null,"name":"android.widget.LinearLayout","text":null,"desc":null,"clickable":false,"focusable":false,"checkable":false,"checked":false,"longClickable":false,"visibleToUser":false,"left":2880,"top":961,"right":1440,"bottom":1140,"width":-1440,"height":179,"childCount":0,"index":3,"depth":18}},{"id":126,"pid":94,"index":0,"idQf":null,"textQf":null,"attr":{"id":null,"name":"android.view.View","text":null,"desc":null,"clickable":false,"focusable":false,"checkable":false,"checked":false,"longClickable":false,"visibleToUser":false,"left":1440,"top":483,"right":1440,"bottom":511,"width":0,"height":28,"childCount":0,"index":0,"depth":16}},{"id":127,"pid":94,"index":1,"idQf":true,"textQf":null,"attr":{"id":"com.diershoubing.erbing:id/adV","name":"android.view.ViewGroup","text":null,"desc":null,"clickable":false,"focusable":false,"checkable":false,"checked":false,"longClickable":false,"visibleToUser":false,"left":1440,"top":511,"right":1440,"bottom":933,"width":0,"height":422,"childCount":1,"index":1,"depth":16}},{"id":128,"pid":127,"index":0,"idQf":null,"textQf":null,"attr":{"id":null,"name":"androidx.recyclerview.widget.RecyclerView","text":null,"desc":null,"clickable":false,"focusable":true,"checkable":false,"checked":false,"longClickable":false,"visibleToUser":false,"left":1440,"top":511,"right":1440,"bottom":933,"width":0,"height":422,"childCount":1,"index":0,"depth":17}},{"id":129,"pid":128,"index":0,"idQf":null,"textQf":null,"attr":{"id":null,"name":"android.view.ViewGroup","text":null,"desc":null,"clickable":false,"focusable":false,"checkable":false,"checked":false,"longClickable":false,"visibleToUser":false,"left":1440,"top":511,"right":1440,"bottom":933,"width":0,"height":422,"childCount":1,"index":0,"depth":18}},{"id":130,"pid":129,"index":0,"idQf":true,"textQf":null,"attr":{"id":"com.diershoubing.erbing:id/imageIv","name":"android.widget.ImageView","text":null,"desc":null,"clickable":true,"focusable":true,"checkable":false,"checked":false,"longClickable":false,"visibleToUser":false,"left":1468,"top":511,"right":1440,"bottom":933,"width":-28,"height":422,"childCount":0,"index":0,"depth":19}},{"id":131,"pid":93,"index":0,"idQf":true,"textQf":null,"attr":{"id":"com.diershoubing.erbing:id/inputMask","name":"android.view.View","text":null,"desc":null,"clickable":false,"focusable":false,"checkable":false,"checked":false,"longClickable":false,"visibleToUser":false,"left":1468,"top":322,"right":1440,"bottom":483,"width":-28,"height":161,"childCount":0,"index":0,"depth":16}},{"id":132,"pid":93,"index":1,"idQf":true,"textQf":null,"attr":{"id":"com.diershoubing.erbing:id/inputLayout","name":"android.widget.LinearLayout","text":null,"desc":null,"clickable":false,"focusable":false,"checkable":false,"checked":false,"longClickable":false,"visibleToUser":false,"left":1468,"top":322,"right":1440,"bottom":483,"width":-28,"height":161,"childCount":3,"index":1,"depth":16}},{"id":133,"pid":132,"index":0,"idQf":null,"textQf":null,"attr":{"id":null,"name":"android.widget.ImageView","text":null,"desc":"二柄","clickable":false,"focusable":false,"checkable":false,"checked":false,"longClickable":false,"visibleToUser":false,"left":1510,"top":374,"right":1440,"bottom":430,"width":-70,"height":56,"childCount":0,"index":0,"depth":17}},{"id":134,"pid":132,"index":1,"idQf":null,"textQf":null,"attr":{"id":null,"name":"android.view.View","text":null,"desc":null,"clickable":false,"focusable":false,"checkable":false,"checked":false,"longClickable":false,"visibleToUser":false,"left":1594,"top":374,"right":1440,"bottom":430,"width":-154,"height":56,"childCount":0,"index":1,"depth":17}},{"id":135,"pid":132,"index":2,"idQf":true,"textQf":true,"attr":{"id":"com.diershoubing.erbing:id/searchInput","name":"android.widget.TextView","text":"游戏头条搜搜看","desc":null,"clickable":false,"focusable":false,"checkable":false,"checked":false,"longClickable":false,"visibleToUser":false,"left":1623,"top":322,"right":1440,"bottom":483,"width":-183,"height":161,"childCount":0,"index":2,"depth":17}},{"id":136,"pid":89,"index":0,"idQf":true,"textQf":null,"attr":{"id":"com.diershoubing.erbing:id/pullV","name":"android.view.ViewGroup","text":null,"desc":null,"clickable":false,"focusable":false,"checkable":false,"checked":false,"longClickable":false,"visibleToUser":true,"left":0,"top":294,"right":1440,"bottom":3010,"width":1440,"height":2716,"childCount":1,"index":0,"depth":13}},{"id":137,"pid":136,"index":0,"idQf":true,"textQf":null,"attr":{"id":"com.diershoubing.erbing:id/rv","name":"androidx.recyclerview.widget.RecyclerView","text":null,"desc":null,"clickable":false,"focusable":true,"checkable":false,"checked":false,"longClickable":false,"visibleToUser":true,"left":0,"top":294,"right":1440,"bottom":3010,"width":1440,"height":2716,"childCount":4,"index":0,"depth":14}},{"id":138,"pid":137,"index":0,"idQf":null,"textQf":null,"attr":{"id":null,"name":"android.widget.LinearLayout","text":null,"desc":null,"clickable":false,"focusable":false,"checkable":false,"checked":false,"longClickable":false,"visibleToUser":true,"left":0,"top":294,"right":1440,"bottom":744,"width":1440,"height":450,"childCount":2,"index":0,"depth":15}},{"id":139,"pid":137,"index":1,"idQf":true,"textQf":null,"attr":{"id":"com.diershoubing.erbing:id/root","name":"android.widget.LinearLayout","text":null,"desc":null,"clickable":false,"focusable":false,"checkable":false,"checked":false,"longClickable":false,"visibleToUser":true,"left":0,"top":744,"right":1440,"bottom":1567,"width":1440,"height":823,"childCount":1,"index":1,"depth":15}},{"id":140,"pid":137,"index":2,"idQf":true,"textQf":null,"attr":{"id":"com.diershoubing.erbing:id/root","name":"android.widget.LinearLayout","text":null,"desc":null,"clickable":false,"focusable":false,"checkable":false,"checked":false,"longClickable":false,"visibleToUser":true,"left":0,"top":1567,"right":1440,"bottom":2910,"width":1440,"height":1343,"childCount":1,"index":2,"depth":15}},{"id":141,"pid":137,"index":3,"idQf":true,"textQf":null,"attr":{"id":"com.diershoubing.erbing:id/root","name":"android.widget.LinearLayout","text":null,"desc":null,"clickable":false,"focusable":false,"checkable":false,"checked":false,"longClickable":false,"visibleToUser":true,"left":0,"top":2910,"right":1440,"bottom":3010,"width":1440,"height":100,"childCount":1,"index":3,"depth":15}},{"id":142,"pid":141,"index":0,"idQf":true,"textQf":null,"attr":{"id":"com.diershoubing.erbing:id/mainV","name":"android.widget.LinearLayout","text":null,"desc":null,"clickable":false,"focusable":false,"checkable":false,"checked":false,"longClickable":false,"visibleToUser":true,"left":0,"top":2910,"right":1440,"bottom":3010,"width":1440,"height":100,"childCount":8,"index":0,"depth":16}},{"id":143,"pid":142,"index":0,"idQf":null,"textQf":null,"attr":{"id":null,"name":"android.view.View","text":null,"desc":null,"clickable":false,"focusable":false,"checkable":false,"checked":false,"longClickable":false,"visibleToUser":true,"left":0,"top":2910,"right":1440,"bottom":2938,"width":1440,"height":28,"childCount":0,"index":0,"depth":17}},{"id":144,"pid":142,"index":1,"idQf":null,"textQf":null,"attr":{"id":null,"name":"android.widget.RelativeLayout","text":null,"desc":null,"clickable":true,"focusable":true,"checkable":false,"checked":false,"longClickable":false,"visibleToUser":true,"left":0,"top":2938,"right":1440,"bottom":3010,"width":1440,"height":72,"childCount":4,"index":1,"depth":17}},{"id":145,"pid":142,"index":2,"idQf":null,"textQf":null,"attr":{"id":null,"name":"android.view.View","text":null,"desc":null,"clickable":false,"focusable":false,"checkable":false,"checked":false,"longClickable":false,"visibleToUser":false,"left":0,"top":3117,"right":1440,"bottom":3010,"width":1440,"height":-107,"childCount":0,"index":2,"depth":17}},{"id":146,"pid":142,"index":3,"idQf":null,"textQf":null,"attr":{"id":null,"name":"android.widget.LinearLayout","text":null,"desc":null,"clickable":false,"focusable":false,"checkable":false,"checked":false,"longClickable":false,"visibleToUser":false,"left":0,"top":3128,"right":1440,"bottom":3010,"width":1440,"height":-118,"childCount":0,"index":3,"depth":17}},{"id":147,"pid":142,"index":4,"idQf":null,"textQf":true,"attr":{"id":null,"name":"android.widget.TextView","text":"#深夜尬聊#有没有那么几部优秀的作品让你体验过后直接对此类型产生了浓厚的兴趣？今晚大家不妨来聊聊让你彻底爱上一个类型的游戏都有什么吧。","desc":null,"clickable":true,"focusable":true,"checkable":false,"checked":false,"longClickable":false,"visibleToUser":false,"left":35,"top":3142,"right":1405,"bottom":3010,"width":1370,"height":-132,"childCount":0,"index":4,"depth":17}},{"id":148,"pid":142,"index":5,"idQf":null,"textQf":null,"attr":{"id":null,"name":"android.widget.LinearLayout","text":null,"desc":null,"clickable":false,"focusable":false,"checkable":false,"checked":false,"longClickable":false,"visibleToUser":false,"left":0,"top":3380,"right":1440,"bottom":3010,"width":1440,"height":-370,"childCount":1,"index":5,"depth":17}},{"id":149,"pid":142,"index":6,"idQf":null,"textQf":null,"attr":{"id":null,"name":"android.widget.LinearLayout","text":null,"desc":null,"clickable":false,"focusable":false,"checkable":false,"checked":false,"longClickable":false,"visibleToUser":false,"left":0,"top":3795,"right":1440,"bottom":3010,"width":1440,"height":-785,"childCount":1,"index":6,"depth":17}},{"id":150,"pid":142,"index":7,"idQf":null,"textQf":null,"attr":{"id":null,"name":"android.view.View","text":null,"desc":null,"clickable":false,"focusable":false,"checkable":false,"checked":false,"longClickable":false,"visibleToUser":false,"left":0,"top":3953,"right":1440,"bottom":3010,"width":1440,"height":-943,"childCount":0,"index":7,"depth":17}},{"id":151,"pid":149,"index":0,"idQf":null,"textQf":null,"attr":{"id":null,"name":"android.widget.LinearLayout","text":null,"desc":null,"clickable":false,"focusable":false,"checkable":false,"checked":false,"longClickable":false,"visibleToUser":false,"left":0,"top":3795,"right":1440,"bottom":3010,"width":1440,"height":-785,"childCount":4,"index":0,"depth":18}},{"id":152,"pid":151,"index":0,"idQf":null,"textQf":null,"attr":{"id":null,"name":"android.widget.LinearLayout","text":null,"desc":null,"clickable":true,"focusable":true,"checkable":false,"checked":false,"longClickable":false,"visibleToUser":false,"left":0,"top":3795,"right":360,"bottom":3010,"width":360,"height":-785,"childCount":1,"index":0,"depth":19}},{"id":153,"pid":151,"index":1,"idQf":null,"textQf":null,"attr":{"id":null,"name":"android.widget.LinearLayout","text":null,"desc":null,"clickable":false,"focusable":false,"checkable":false,"checked":false,"longClickable":false,"visibleToUser":false,"left":360,"top":3795,"right":720,"bottom":3010,"width":360,"height":-785,"childCount":1,"index":1,"depth":19}},{"id":154,"pid":151,"index":2,"idQf":null,"textQf":null,"attr":{"id":null,"name":"android.widget.LinearLayout","text":null,"desc":null,"clickable":true,"focusable":true,"checkable":false,"checked":false,"longClickable":false,"visibleToUser":false,"left":720,"top":3795,"right":1080,"bottom":3010,"width":360,"height":-785,"childCount":1,"index":2,"depth":19}},{"id":155,"pid":151,"index":3,"idQf":null,"textQf":null,"attr":{"id":null,"name":"android.widget.LinearLayout","text":null,"desc":null,"clickable":true,"focusable":true,"checkable":false,"checked":false,"longClickable":false,"visibleToUser":false,"left":1080,"top":3795,"right":1440,"bottom":3010,"width":360,"height":-785,"childCount":1,"index":3,"depth":19}},{"id":156,"pid":155,"index":0,"idQf":null,"textQf":true,"attr":{"id":null,"name":"android.widget.TextView","text":" 分享","desc":null,"clickable":false,"focusable":false,"checkable":false,"checked":false,"longClickable":false,"visibleToUser":false,"left":1169,"top":3842,"right":1351,"bottom":3010,"width":182,"height":-832,"childCount":0,"index":0,"depth":20}},{"id":157,"pid":154,"index":0,"idQf":null,"textQf":true,"attr":{"id":null,"name":"android.widget.TextView","text":" 1","desc":null,"clickable":false,"focusable":false,"checkable":false,"checked":false,"longClickable":false,"visibleToUser":false,"left":845,"top":3836,"right":955,"bottom":3010,"width":110,"height":-826,"childCount":0,"index":0,"depth":20}},{"id":158,"pid":153,"index":0,"idQf":null,"textQf":true,"attr":{"id":null,"name":"android.widget.TextView","text":"33","desc":null,"clickable":true,"focusable":true,"checkable":false,"checked":false,"longClickable":false,"visibleToUser":false,"left":468,"top":3836,"right":611,"bottom":3010,"width":143,"height":-826,"childCount":0,"index":0,"depth":20}},{"id":159,"pid":152,"index":0,"idQf":null,"textQf":true,"attr":{"id":null,"name":"android.widget.TextView","text":" 8","desc":null,"clickable":false,"focusable":false,"checkable":false,"checked":false,"longClickable":false,"visibleToUser":false,"left":115,"top":3829,"right":245,"bottom":3010,"width":130,"height":-819,"childCount":0,"index":0,"depth":20}},{"id":160,"pid":148,"index":0,"idQf":null,"textQf":null,"attr":{"id":null,"name":"android.widget.LinearLayout","text":null,"desc":null,"clickable":false,"focusable":false,"checkable":false,"checked":false,"longClickable":false,"visibleToUser":false,"left":35,"top":3408,"right":1405,"bottom":3010,"width":1370,"height":-398,"childCount":4,"index":0,"depth":18}},{"id":161,"pid":160,"index":0,"idQf":null,"textQf":null,"attr":{"id":null,"name":"android.view.ViewGroup","text":null,"desc":null,"clickable":false,"focusable":false,"checkable":false,"checked":false,"longClickable":false,"visibleToUser":false,"left":35,"top":3408,"right":422,"bottom":3010,"width":387,"height":-398,"childCount":1,"index":0,"depth":19}},{"id":162,"pid":160,"index":1,"idQf":null,"textQf":null,"attr":{"id":null,"name":"android.widget.ImageView","text":null,"desc":null,"clickable":true,"focusable":true,"checkable":false,"checked":false,"longClickable":false,"visibleToUser":false,"left":450,"top":3408,"right":838,"bottom":3010,"width":388,"height":-398,"childCount":0,"index":1,"depth":19}},{"id":163,"pid":160,"index":2,"idQf":null,"textQf":null,"attr":{"id":null,"name":"android.widget.FrameLayout","text":null,"desc":null,"clickable":false,"focusable":false,"checkable":false,"checked":false,"longClickable":false,"visibleToUser":false,"left":866,"top":3408,"right":1254,"bottom":3010,"width":388,"height":-398,"childCount":2,"index":2,"depth":19}},{"id":164,"pid":160,"index":3,"idQf":null,"textQf":null,"attr":{"id":null,"name":"android.widget.ImageView","text":null,"desc":null,"clickable":true,"focusable":true,"checkable":false,"checked":false,"longClickable":false,"visibleToUser":false,"left":1282,"top":3560,"right":1405,"bottom":3010,"width":123,"height":-550,"childCount":0,"index":3,"depth":19}},{"id":165,"pid":163,"index":0,"idQf":null,"textQf":null,"attr":{"id":null,"name":"android.widget.ImageView","text":null,"desc":null,"clickable":true,"focusable":true,"checkable":false,"checked":false,"longClickable":false,"visibleToUser":false,"left":866,"top":3408,"right":1254,"bottom":3010,"width":388,"height":-398,"childCount":0,"index":0,"depth":20}},{"id":166,"pid":163,"index":1,"idQf":null,"textQf":true,"attr":{"id":null,"name":"android.widget.TextView","text":"共4张","desc":null,"clickable":false,"focusable":false,"checkable":false,"checked":false,"longClickable":false,"visibleToUser":false,"left":1146,"top":3739,"right":1254,"bottom":3010,"width":108,"height":-729,"childCount":0,"index":1,"depth":20}},{"id":167,"pid":161,"index":0,"idQf":null,"textQf":null,"attr":{"id":null,"name":"android.widget.ImageView","text":null,"desc":null,"clickable":true,"focusable":true,"checkable":false,"checked":false,"longClickable":false,"visibleToUser":false,"left":35,"top":3408,"right":422,"bottom":3010,"width":387,"height":-398,"childCount":0,"index":0,"depth":20}},{"id":168,"pid":144,"index":0,"idQf":null,"textQf":null,"attr":{"id":null,"name":"android.widget.ImageView","text":null,"desc":null,"clickable":false,"focusable":false,"checkable":false,"checked":false,"longClickable":false,"visibleToUser":true,"left":25,"top":2962,"right":155,"bottom":3010,"width":130,"height":48,"childCount":0,"index":0,"depth":18}},{"id":169,"pid":144,"index":1,"idQf":null,"textQf":true,"attr":{"id":null,"name":"android.widget.TextView","text":"游戏资讯","desc":null,"clickable":false,"focusable":false,"checkable":false,"checked":false,"longClickable":false,"visibleToUser":true,"left":197,"top":2962,"right":1405,"bottom":3010,"width":1208,"height":48,"childCount":0,"index":1,"depth":18}},{"id":170,"pid":144,"index":2,"idQf":null,"textQf":true,"attr":{"id":null,"name":"android.widget.TextView","text":"10小时前","desc":null,"clickable":false,"focusable":false,"checkable":false,"checked":false,"longClickable":false,"visibleToUser":false,"left":197,"top":3045,"right":338,"bottom":3010,"width":141,"height":-35,"childCount":0,"index":2,"depth":18}},{"id":171,"pid":144,"index":3,"idQf":null,"textQf":null,"attr":{"id":null,"name":"android.widget.LinearLayout","text":null,"desc":null,"clickable":false,"focusable":false,"checkable":false,"checked":false,"longClickable":false,"visibleToUser":false,"left":1440,"top":2938,"right":1440,"bottom":3010,"width":0,"height":72,"childCount":0,"index":3,"depth":18}},{"id":172,"pid":140,"index":0,"idQf":true,"textQf":null,"attr":{"id":"com.diershoubing.erbing:id/mainV","name":"android.widget.LinearLayout","text":null,"desc":null,"clickable":false,"focusable":false,"checkable":false,"checked":false,"longClickable":false,"visibleToUser":true,"left":0,"top":1567,"right":1440,"bottom":2910,"width":1440,"height":1343,"childCount":8,"index":0,"depth":16}},{"id":173,"pid":172,"index":0,"idQf":null,"textQf":null,"attr":{"id":null,"name":"android.view.View","text":null,"desc":null,"clickable":false,"focusable":false,"checkable":false,"checked":false,"longClickable":false,"visibleToUser":true,"left":0,"top":1567,"right":1440,"bottom":1595,"width":1440,"height":28,"childCount":0,"index":0,"depth":17}},{"id":174,"pid":172,"index":1,"idQf":null,"textQf":null,"attr":{"id":null,"name":"android.widget.RelativeLayout","text":null,"desc":null,"clickable":true,"focusable":true,"checkable":false,"checked":false,"longClickable":false,"visibleToUser":true,"left":0,"top":1595,"right":1440,"bottom":1774,"width":1440,"height":179,"childCount":4,"index":1,"depth":17}},{"id":175,"pid":172,"index":2,"idQf":null,"textQf":null,"attr":{"id":null,"name":"android.view.View","text":null,"desc":null,"clickable":false,"focusable":false,"checkable":false,"checked":false,"longClickable":false,"visibleToUser":true,"left":0,"top":1774,"right":1440,"bottom":1778,"width":1440,"height":4,"childCount":0,"index":2,"depth":17}},{"id":176,"pid":172,"index":3,"idQf":null,"textQf":null,"attr":{"id":null,"name":"android.widget.LinearLayout","text":null,"desc":null,"clickable":false,"focusable":false,"checkable":false,"checked":false,"longClickable":false,"visibleToUser":false,"left":0,"top":1785,"right":1440,"bottom":1785,"width":1440,"height":0,"childCount":0,"index":3,"depth":17}},{"id":177,"pid":172,"index":4,"idQf":null,"textQf":true,"attr":{"id":null,"name":"android.widget.TextView","text":"【R星宣布《GTA》新作首支预告将于12月5日发布】R星宣布，《GTA》新作的首支预告片将在北京时间12月5日晚上10点发布。","desc":null,"clickable":true,"focusable":true,"checkable":false,"checked":false,"longClickable":false,"visibleToUser":true,"left":35,"top":1799,"right":1405,"bottom":2037,"width":1370,"height":238,"childCount":0,"index":4,"depth":17}},{"id":178,"pid":172,"index":5,"idQf":null,"textQf":null,"attr":{"id":null,"name":"android.widget.LinearLayout","text":null,"desc":null,"clickable":false,"focusable":false,"checkable":false,"checked":false,"longClickable":false,"visibleToUser":true,"left":0,"top":2037,"right":1440,"bottom":2750,"width":1440,"height":713,"childCount":1,"index":5,"depth":17}},{"id":179,"pid":172,"index":6,"idQf":null,"textQf":null,"attr":{"id":null,"name":"android.widget.LinearLayout","text":null,"desc":null,"clickable":false,"focusable":false,"checkable":false,"checked":false,"longClickable":false,"visibleToUser":true,"left":0,"top":2750,"right":1440,"bottom":2908,"width":1440,"height":158,"childCount":1,"index":6,"depth":17}},{"id":180,"pid":172,"index":7,"idQf":null,"textQf":null,"attr":{"id":null,"name":"android.view.View","text":null,"desc":null,"clickable":false,"focusable":false,"checkable":false,"checked":false,"longClickable":false,"visibleToUser":true,"left":0,"top":2908,"right":1440,"bottom":2910,"width":1440,"height":2,"childCount":0,"index":7,"depth":17}},{"id":181,"pid":179,"index":0,"idQf":null,"textQf":null,"attr":{"id":null,"name":"android.widget.LinearLayout","text":null,"desc":null,"clickable":false,"focusable":false,"checkable":false,"checked":false,"longClickable":false,"visibleToUser":true,"left":0,"top":2750,"right":1440,"bottom":2908,"width":1440,"height":158,"childCount":4,"index":0,"depth":18}},{"id":182,"pid":181,"index":0,"idQf":null,"textQf":null,"attr":{"id":null,"name":"android.widget.LinearLayout","text":null,"desc":null,"clickable":true,"focusable":true,"checkable":false,"checked":false,"longClickable":false,"visibleToUser":true,"left":0,"top":2750,"right":360,"bottom":2908,"width":360,"height":158,"childCount":1,"index":0,"depth":19}},{"id":183,"pid":181,"index":1,"idQf":null,"textQf":null,"attr":{"id":null,"name":"android.widget.LinearLayout","text":null,"desc":null,"clickable":false,"focusable":false,"checkable":false,"checked":false,"longClickable":false,"visibleToUser":true,"left":360,"top":2750,"right":720,"bottom":2908,"width":360,"height":158,"childCount":1,"index":1,"depth":19}},{"id":184,"pid":181,"index":2,"idQf":null,"textQf":null,"attr":{"id":null,"name":"android.widget.LinearLayout","text":null,"desc":null,"clickable":true,"focusable":true,"checkable":false,"checked":false,"longClickable":false,"visibleToUser":true,"left":720,"top":2750,"right":1080,"bottom":2908,"width":360,"height":158,"childCount":1,"index":2,"depth":19}},{"id":185,"pid":181,"index":3,"idQf":null,"textQf":null,"attr":{"id":null,"name":"android.widget.LinearLayout","text":null,"desc":null,"clickable":true,"focusable":true,"checkable":false,"checked":false,"longClickable":false,"visibleToUser":true,"left":1080,"top":2750,"right":1440,"bottom":2908,"width":360,"height":158,"childCount":1,"index":3,"depth":19}},{"id":186,"pid":185,"index":0,"idQf":null,"textQf":true,"attr":{"id":null,"name":"android.widget.TextView","text":" 分享","desc":null,"clickable":false,"focusable":false,"checkable":false,"checked":false,"longClickable":false,"visibleToUser":true,"left":1169,"top":2797,"right":1351,"bottom":2861,"width":182,"height":64,"childCount":0,"index":0,"depth":20}},{"id":187,"pid":184,"index":0,"idQf":null,"textQf":true,"attr":{"id":null,"name":"android.widget.TextView","text":" 34","desc":null,"clickable":false,"focusable":false,"checkable":false,"checked":false,"longClickable":false,"visibleToUser":true,"left":827,"top":2791,"right":973,"bottom":2867,"width":146,"height":76,"childCount":0,"index":0,"depth":20}},{"id":188,"pid":183,"index":0,"idQf":null,"textQf":true,"attr":{"id":null,"name":"android.widget.TextView","text":"186","desc":null,"clickable":true,"focusable":true,"checkable":false,"checked":false,"longClickable":false,"visibleToUser":true,"left":459,"top":2791,"right":621,"bottom":2866,"width":162,"height":75,"childCount":0,"index":0,"depth":20}},{"id":189,"pid":182,"index":0,"idQf":null,"textQf":true,"attr":{"id":null,"name":"android.widget.TextView","text":" 135","desc":null,"clickable":false,"focusable":false,"checkable":false,"checked":false,"longClickable":false,"visibleToUser":true,"left":93,"top":2784,"right":267,"bottom":2873,"width":174,"height":89,"childCount":0,"index":0,"depth":20}},{"id":190,"pid":178,"index":0,"idQf":null,"textQf":null,"attr":{"id":null,"name":"android.view.ViewGroup","text":null,"desc":null,"clickable":false,"focusable":false,"checkable":false,"checked":false,"longClickable":false,"visibleToUser":true,"left":35,"top":2065,"right":1405,"bottom":2750,"width":1370,"height":685,"childCount":1,"index":0,"depth":18}},{"id":191,"pid":190,"index":0,"idQf":null,"textQf":null,"attr":{"id":null,"name":"android.widget.ImageView","text":null,"desc":null,"clickable":true,"focusable":true,"checkable":false,"checked":false,"longClickable":false,"visibleToUser":true,"left":35,"top":2065,"right":1405,"bottom":2750,"width":1370,"height":685,"childCount":0,"index":0,"depth":19}},{"id":192,"pid":174,"index":0,"idQf":null,"textQf":null,"attr":{"id":null,"name":"android.widget.ImageView","text":null,"desc":null,"clickable":false,"focusable":false,"checkable":false,"checked":false,"longClickable":false,"visibleToUser":true,"left":25,"top":1619,"right":155,"bottom":1749,"width":130,"height":130,"childCount":0,"index":0,"depth":18}},{"id":193,"pid":174,"index":1,"idQf":null,"textQf":true,"attr":{"id":null,"name":"android.widget.TextView","text":"游戏资讯","desc":null,"clickable":false,"focusable":false,"checkable":false,"checked":false,"longClickable":false,"visibleToUser":true,"left":197,"top":1619,"right":1405,"bottom":1689,"width":1208,"height":70,"childCount":0,"index":1,"depth":18}},{"id":194,"pid":174,"index":2,"idQf":null,"textQf":true,"attr":{"id":null,"name":"android.widget.TextView","text":"10小时前","desc":null,"clickable":false,"focusable":false,"checkable":false,"checked":false,"longClickable":false,"visibleToUser":true,"left":197,"top":1702,"right":338,"bottom":1749,"width":141,"height":47,"childCount":0,"index":2,"depth":18}},{"id":195,"pid":174,"index":3,"idQf":null,"textQf":null,"attr":{"id":null,"name":"android.widget.LinearLayout","text":null,"desc":null,"clickable":false,"focusable":false,"checkable":false,"checked":false,"longClickable":false,"visibleToUser":false,"left":1440,"top":1595,"right":1440,"bottom":1774,"width":0,"height":179,"childCount":0,"index":3,"depth":18}},{"id":196,"pid":139,"index":0,"idQf":true,"textQf":null,"attr":{"id":"com.diershoubing.erbing:id/mainV","name":"android.widget.LinearLayout","text":null,"desc":null,"clickable":false,"focusable":false,"checkable":false,"checked":false,"longClickable":false,"visibleToUser":true,"left":0,"top":744,"right":1440,"bottom":1567,"width":1440,"height":823,"childCount":8,"index":0,"depth":16}},{"id":197,"pid":196,"index":0,"idQf":null,"textQf":null,"attr":{"id":null,"name":"android.view.View","text":null,"desc":null,"clickable":false,"focusable":false,"checkable":false,"checked":false,"longClickable":false,"visibleToUser":true,"left":0,"top":744,"right":1440,"bottom":772,"width":1440,"height":28,"childCount":0,"index":0,"depth":17}},{"id":198,"pid":196,"index":1,"idQf":null,"textQf":null,"attr":{"id":null,"name":"android.widget.RelativeLayout","text":null,"desc":null,"clickable":true,"focusable":true,"checkable":false,"checked":false,"longClickable":false,"visibleToUser":true,"left":0,"top":772,"right":1440,"bottom":951,"width":1440,"height":179,"childCount":5,"index":1,"depth":17}},{"id":199,"pid":196,"index":2,"idQf":null,"textQf":null,"attr":{"id":null,"name":"android.view.View","text":null,"desc":null,"clickable":false,"focusable":false,"checkable":false,"checked":false,"longClickable":false,"visibleToUser":true,"left":0,"top":951,"right":1440,"bottom":955,"width":1440,"height":4,"childCount":0,"index":2,"depth":17}},{"id":200,"pid":196,"index":3,"idQf":null,"textQf":null,"attr":{"id":null,"name":"android.widget.LinearLayout","text":null,"desc":null,"clickable":false,"focusable":false,"checkable":false,"checked":false,"longClickable":false,"visibleToUser":false,"left":0,"top":962,"right":1440,"bottom":962,"width":1440,"height":0,"childCount":0,"index":3,"depth":17}},{"id":201,"pid":196,"index":4,"idQf":null,"textQf":true,"attr":{"id":null,"name":"android.widget.TextView","text":"2023 胡子月活动圆满结束","desc":null,"clickable":true,"focusable":true,"checkable":false,"checked":false,"longClickable":false,"visibleToUser":true,"left":35,"top":976,"right":1405,"bottom":1046,"width":1370,"height":70,"childCount":0,"index":4,"depth":17}},{"id":202,"pid":196,"index":5,"idQf":null,"textQf":null,"attr":{"id":null,"name":"android.widget.LinearLayout","text":null,"desc":null,"clickable":false,"focusable":false,"checkable":false,"checked":false,"longClickable":false,"visibleToUser":true,"left":0,"top":1046,"right":1440,"bottom":1407,"width":1440,"height":361,"childCount":1,"index":5,"depth":17}},{"id":203,"pid":196,"index":6,"idQf":null,"textQf":null,"attr":{"id":null,"name":"android.widget.LinearLayout","text":null,"desc":null,"clickable":false,"focusable":false,"checkable":false,"checked":false,"longClickable":false,"visibleToUser":true,"left":0,"top":1407,"right":1440,"bottom":1565,"width":1440,"height":158,"childCount":1,"index":6,"depth":17}},{"id":204,"pid":196,"index":7,"idQf":null,"textQf":null,"attr":{"id":null,"name":"android.view.View","text":null,"desc":null,"clickable":false,"focusable":false,"checkable":false,"checked":false,"longClickable":false,"visibleToUser":true,"left":0,"top":1565,"right":1440,"bottom":1567,"width":1440,"height":2,"childCount":0,"index":7,"depth":17}},{"id":205,"pid":203,"index":0,"idQf":null,"textQf":null,"attr":{"id":null,"name":"android.widget.LinearLayout","text":null,"desc":null,"clickable":false,"focusable":false,"checkable":false,"checked":false,"longClickable":false,"visibleToUser":true,"left":0,"top":1407,"right":1440,"bottom":1565,"width":1440,"height":158,"childCount":4,"index":0,"depth":18}},{"id":206,"pid":205,"index":0,"idQf":null,"textQf":null,"attr":{"id":null,"name":"android.widget.LinearLayout","text":null,"desc":null,"clickable":true,"focusable":true,"checkable":false,"checked":false,"longClickable":false,"visibleToUser":true,"left":0,"top":1407,"right":360,"bottom":1565,"width":360,"height":158,"childCount":1,"index":0,"depth":19}},{"id":207,"pid":205,"index":1,"idQf":null,"textQf":null,"attr":{"id":null,"name":"android.widget.LinearLayout","text":null,"desc":null,"clickable":false,"focusable":false,"checkable":false,"checked":false,"longClickable":false,"visibleToUser":true,"left":360,"top":1407,"right":720,"bottom":1565,"width":360,"height":158,"childCount":1,"index":1,"depth":19}},{"id":208,"pid":205,"index":2,"idQf":null,"textQf":null,"attr":{"id":null,"name":"android.widget.LinearLayout","text":null,"desc":null,"clickable":true,"focusable":true,"checkable":false,"checked":false,"longClickable":false,"visibleToUser":true,"left":720,"top":1407,"right":1080,"bottom":1565,"width":360,"height":158,"childCount":1,"index":2,"depth":19}},{"id":209,"pid":205,"index":3,"idQf":null,"textQf":null,"attr":{"id":null,"name":"android.widget.LinearLayout","text":null,"desc":null,"clickable":true,"focusable":true,"checkable":false,"checked":false,"longClickable":false,"visibleToUser":true,"left":1080,"top":1407,"right":1440,"bottom":1565,"width":360,"height":158,"childCount":1,"index":3,"depth":19}},{"id":210,"pid":209,"index":0,"idQf":null,"textQf":true,"attr":{"id":null,"name":"android.widget.TextView","text":" 分享","desc":null,"clickable":false,"focusable":false,"checkable":false,"checked":false,"longClickable":false,"visibleToUser":true,"left":1169,"top":1454,"right":1351,"bottom":1518,"width":182,"height":64,"childCount":0,"index":0,"depth":20}},{"id":211,"pid":208,"index":0,"idQf":null,"textQf":true,"attr":{"id":null,"name":"android.widget.TextView","text":" 1","desc":null,"clickable":false,"focusable":false,"checkable":false,"checked":false,"longClickable":false,"visibleToUser":true,"left":845,"top":1448,"right":955,"bottom":1524,"width":110,"height":76,"childCount":0,"index":0,"depth":20}},{"id":212,"pid":207,"index":0,"idQf":null,"textQf":true,"attr":{"id":null,"name":"android.widget.TextView","text":"1","desc":null,"clickable":true,"focusable":true,"checkable":false,"checked":false,"longClickable":false,"visibleToUser":true,"left":486,"top":1448,"right":593,"bottom":1523,"width":107,"height":75,"childCount":0,"index":0,"depth":20}},{"id":213,"pid":206,"index":0,"idQf":null,"textQf":true,"attr":{"id":null,"name":"android.widget.TextView","text":" 2","desc":null,"clickable":false,"focusable":false,"checkable":false,"checked":false,"longClickable":false,"visibleToUser":true,"left":116,"top":1441,"right":243,"bottom":1530,"width":127,"height":89,"childCount":0,"index":0,"depth":20}},{"id":214,"pid":202,"index":0,"idQf":null,"textQf":null,"attr":{"id":null,"name":"android.widget.RelativeLayout","text":null,"desc":null,"clickable":false,"focusable":false,"checkable":false,"checked":false,"longClickable":false,"visibleToUser":true,"left":35,"top":1074,"right":1085,"bottom":1407,"width":1050,"height":333,"childCount":3,"index":0,"depth":18}},{"id":215,"pid":214,"index":0,"idQf":null,"textQf":null,"attr":{"id":null,"name":"android.widget.ImageView","text":null,"desc":null,"clickable":false,"focusable":false,"checkable":false,"checked":false,"longClickable":false,"visibleToUser":true,"left":35,"top":1074,"right":368,"bottom":1407,"width":333,"height":333,"childCount":0,"index":0,"depth":19}},{"id":216,"pid":214,"index":1,"idQf":null,"textQf":null,"attr":{"id":null,"name":"android.widget.LinearLayout","text":null,"desc":null,"clickable":true,"focusable":true,"checkable":false,"checked":false,"longClickable":false,"visibleToUser":true,"left":368,"top":1074,"right":1085,"bottom":1407,"width":717,"height":333,"childCount":2,"index":1,"depth":19}},{"id":217,"pid":214,"index":2,"idQf":null,"textQf":true,"attr":{"id":null,"name":"android.widget.TextView","text":"长文","desc":null,"clickable":false,"focusable":false,"checkable":false,"checked":false,"longClickable":false,"visibleToUser":true,"left":982,"top":1074,"right":1085,"bottom":1112,"width":103,"height":38,"childCount":0,"index":2,"depth":19}},{"id":218,"pid":216,"index":0,"idQf":null,"textQf":true,"attr":{"id":null,"name":"android.widget.TextView","text":"2023 胡子月活动圆满结束","desc":null,"clickable":false,"focusable":false,"checkable":false,"checked":false,"longClickable":false,"visibleToUser":true,"left":393,"top":1132,"right":1060,"bottom":1188,"width":667,"height":56,"childCount":0,"index":0,"depth":20}},{"id":219,"pid":216,"index":1,"idQf":null,"textQf":true,"attr":{"id":null,"name":"android.widget.TextView","text":"Tenno，是时候拿出剪子了，但首先我们要感谢大家在整个 2023 胡子月期间在游戏中留起的时尚小胡子！为了纪念这一时刻， Digital Extremes 很高兴宣布向Movember Foundation胡子月基金会捐款 20000 加元，胡子月基金会致力从自杀预防、前列腺癌和睾丸癌以及更多方面来支持男性健康","desc":null,"clickable":false,"focusable":false,"checkable":false,"checked":false,"longClickable":false,"visibleToUser":true,"left":393,"top":1195,"right":1060,"bottom":1349,"width":667,"height":154,"childCount":0,"index":1,"depth":20}},{"id":220,"pid":198,"index":0,"idQf":null,"textQf":null,"attr":{"id":null,"name":"android.widget.ImageView","text":null,"desc":null,"clickable":false,"focusable":false,"checkable":false,"checked":false,"longClickable":false,"visibleToUser":true,"left":25,"top":796,"right":155,"bottom":926,"width":130,"height":130,"childCount":0,"index":0,"depth":18}},{"id":221,"pid":198,"index":1,"idQf":null,"textQf":true,"attr":{"id":null,"name":"android.widget.TextView","text":"星际战甲","desc":null,"clickable":false,"focusable":false,"checkable":false,"checked":false,"longClickable":false,"visibleToUser":true,"left":197,"top":796,"right":1153,"bottom":866,"width":956,"height":70,"childCount":0,"index":1,"depth":18}},{"id":222,"pid":198,"index":2,"idQf":null,"textQf":true,"attr":{"id":null,"name":"android.widget.TextView","text":"7小时前","desc":null,"clickable":false,"focusable":false,"checkable":false,"checked":false,"longClickable":false,"visibleToUser":true,"left":197,"top":879,"right":320,"bottom":926,"width":123,"height":47,"childCount":0,"index":2,"depth":18}},{"id":223,"pid":198,"index":3,"idQf":null,"textQf":true,"attr":{"id":null,"name":"android.widget.TextView","text":"已玩过","desc":null,"clickable":false,"focusable":false,"checkable":false,"checked":false,"longClickable":false,"visibleToUser":true,"left":341,"top":875,"right":460,"bottom":930,"width":119,"height":55,"childCount":0,"index":3,"depth":18}},{"id":224,"pid":198,"index":4,"idQf":null,"textQf":null,"attr":{"id":null,"name":"android.widget.LinearLayout","text":null,"desc":null,"clickable":false,"focusable":false,"checkable":false,"checked":false,"longClickable":false,"visibleToUser":true,"left":1188,"top":772,"right":1440,"bottom":951,"width":252,"height":179,"childCount":2,"index":4,"depth":18}},{"id":225,"pid":224,"index":0,"idQf":null,"textQf":null,"attr":{"id":null,"name":"android.widget.ImageView","text":null,"desc":null,"clickable":true,"focusable":true,"checkable":false,"checked":false,"longClickable":false,"visibleToUser":true,"left":1188,"top":772,"right":1314,"bottom":951,"width":126,"height":179,"childCount":0,"index":0,"depth":19}},{"id":226,"pid":224,"index":1,"idQf":null,"textQf":null,"attr":{"id":null,"name":"android.widget.ImageView","text":null,"desc":null,"clickable":true,"focusable":true,"checkable":false,"checked":false,"longClickable":false,"visibleToUser":true,"left":1314,"top":772,"right":1440,"bottom":951,"width":126,"height":179,"childCount":0,"index":1,"depth":19}},{"id":227,"pid":138,"index":0,"idQf":null,"textQf":null,"attr":{"id":null,"name":"android.view.View","text":null,"desc":null,"clickable":false,"focusable":false,"checkable":false,"checked":false,"longClickable":false,"visibleToUser":true,"left":0,"top":294,"right":1440,"bottom":322,"width":1440,"height":28,"childCount":0,"index":0,"depth":16}},{"id":228,"pid":138,"index":1,"idQf":true,"textQf":null,"attr":{"id":"com.diershoubing.erbing:id/adV","name":"android.view.ViewGroup","text":null,"desc":null,"clickable":false,"focusable":false,"checkable":false,"checked":false,"longClickable":false,"visibleToUser":true,"left":0,"top":322,"right":1440,"bottom":744,"width":1440,"height":422,"childCount":2,"index":1,"depth":16}},{"id":229,"pid":228,"index":0,"idQf":null,"textQf":null,"attr":{"id":null,"name":"androidx.recyclerview.widget.RecyclerView","text":null,"desc":null,"clickable":false,"focusable":true,"checkable":false,"checked":false,"longClickable":false,"visibleToUser":true,"left":0,"top":322,"right":1440,"bottom":744,"width":1440,"height":422,"childCount":1,"index":0,"depth":17}},{"id":230,"pid":228,"index":1,"idQf":null,"textQf":null,"attr":{"id":null,"name":"android.widget.LinearLayout","text":null,"desc":null,"clickable":false,"focusable":false,"checkable":false,"checked":false,"longClickable":false,"visibleToUser":true,"left":638,"top":660,"right":802,"bottom":744,"width":164,"height":84,"childCount":4,"index":1,"depth":17}},{"id":231,"pid":230,"index":0,"idQf":null,"textQf":null,"attr":{"id":null,"name":"android.widget.ImageView","text":null,"desc":null,"clickable":false,"focusable":false,"checkable":false,"checked":false,"longClickable":false,"visibleToUser":true,"left":645,"top":695,"right":672,"bottom":723,"width":27,"height":28,"childCount":0,"index":0,"depth":18}},{"id":232,"pid":230,"index":1,"idQf":null,"textQf":null,"attr":{"id":null,"name":"android.widget.ImageView","text":null,"desc":null,"clickable":false,"focusable":false,"checkable":false,"checked":false,"longClickable":false,"visibleToUser":true,"left":686,"top":695,"right":713,"bottom":723,"width":27,"height":28,"childCount":0,"index":1,"depth":18}},{"id":233,"pid":230,"index":2,"idQf":null,"textQf":null,"attr":{"id":null,"name":"android.widget.ImageView","text":null,"desc":null,"clickable":false,"focusable":false,"checkable":false,"checked":false,"longClickable":false,"visibleToUser":true,"left":727,"top":695,"right":754,"bottom":723,"width":27,"height":28,"childCount":0,"index":2,"depth":18}},{"id":234,"pid":230,"index":3,"idQf":null,"textQf":null,"attr":{"id":null,"name":"android.widget.ImageView","text":null,"desc":null,"clickable":false,"focusable":false,"checkable":false,"checked":false,"longClickable":false,"visibleToUser":true,"left":768,"top":695,"right":795,"bottom":723,"width":27,"height":28,"childCount":0,"index":3,"depth":18}},{"id":235,"pid":229,"index":0,"idQf":null,"textQf":null,"attr":{"id":null,"name":"android.view.ViewGroup","text":null,"desc":null,"clickable":false,"focusable":false,"checkable":false,"checked":false,"longClickable":false,"visibleToUser":true,"left":0,"top":322,"right":1440,"bottom":744,"width":1440,"height":422,"childCount":1,"index":0,"depth":18}},{"id":236,"pid":235,"index":0,"idQf":true,"textQf":null,"attr":{"id":"com.diershoubing.erbing:id/imageIv","name":"android.widget.ImageView","text":null,"desc":null,"clickable":true,"focusable":true,"checkable":false,"checked":false,"longClickable":false,"visibleToUser":true,"left":28,"top":322,"right":1412,"bottom":744,"width":1384,"height":422,"childCount":0,"index":0,"depth":19}},{"id":237,"pid":86,"index":0,"idQf":null,"textQf":null,"attr":{"id":null,"name":"android.widget.LinearLayout","text":null,"desc":null,"clickable":false,"focusable":false,"checkable":false,"checked":false,"longClickable":false,"visibleToUser":true,"left":0,"top":168,"right":1440,"bottom":294,"width":1440,"height":126,"childCount":10,"index":0,"depth":12}},{"id":238,"pid":237,"index":0,"idQf":null,"textQf":true,"attr":{"id":null,"name":"android.widget.TextView","text":"全部","desc":null,"clickable":true,"focusable":true,"checkable":false,"checked":false,"longClickable":false,"visibleToUser":true,"left":0,"top":168,"right":210,"bottom":294,"width":210,"height":126,"childCount":0,"index":0,"depth":13}},{"id":239,"pid":237,"index":1,"idQf":null,"textQf":true,"attr":{"id":null,"name":"android.widget.TextView","text":"要闻","desc":null,"clickable":true,"focusable":true,"checkable":false,"checked":false,"longClickable":false,"visibleToUser":true,"left":210,"top":168,"right":420,"bottom":294,"width":210,"height":126,"childCount":0,"index":1,"depth":13}},{"id":240,"pid":237,"index":2,"idQf":null,"textQf":true,"attr":{"id":null,"name":"android.widget.TextView","text":"独立游戏","desc":null,"clickable":true,"focusable":true,"checkable":false,"checked":false,"longClickable":false,"visibleToUser":true,"left":420,"top":168,"right":728,"bottom":294,"width":308,"height":126,"childCount":0,"index":2,"depth":13}},{"id":241,"pid":237,"index":3,"idQf":null,"textQf":true,"attr":{"id":null,"name":"android.widget.TextView","text":"多人联机","desc":null,"clickable":true,"focusable":true,"checkable":false,"checked":false,"longClickable":false,"visibleToUser":true,"left":728,"top":168,"right":1036,"bottom":294,"width":308,"height":126,"childCount":0,"index":3,"depth":13}},{"id":242,"pid":237,"index":4,"idQf":null,"textQf":true,"attr":{"id":null,"name":"android.widget.TextView","text":"PS","desc":null,"clickable":true,"focusable":true,"checkable":false,"checked":false,"longClickable":false,"visibleToUser":true,"left":1036,"top":168,"right":1209,"bottom":294,"width":173,"height":126,"childCount":0,"index":4,"depth":13}},{"id":243,"pid":237,"index":5,"idQf":null,"textQf":true,"attr":{"id":null,"name":"android.widget.TextView","text":"XBOX","desc":null,"clickable":true,"focusable":true,"checkable":false,"checked":false,"longClickable":false,"visibleToUser":true,"left":1209,"top":168,"right":1440,"bottom":294,"width":231,"height":126,"childCount":0,"index":5,"depth":13}},{"id":244,"pid":237,"index":6,"idQf":null,"textQf":true,"attr":{"id":null,"name":"android.widget.TextView","text":"任天堂","desc":null,"clickable":true,"focusable":true,"checkable":false,"checked":false,"longClickable":false,"visibleToUser":false,"left":1453,"top":168,"right":1440,"bottom":294,"width":-13,"height":126,"childCount":0,"index":6,"depth":13}},{"id":245,"pid":237,"index":7,"idQf":null,"textQf":true,"attr":{"id":null,"name":"android.widget.TextView","text":"PC","desc":null,"clickable":true,"focusable":true,"checkable":false,"checked":false,"longClickable":false,"visibleToUser":false,"left":1712,"top":168,"right":1440,"bottom":294,"width":-272,"height":126,"childCount":0,"index":7,"depth":13}},{"id":246,"pid":237,"index":8,"idQf":null,"textQf":true,"attr":{"id":null,"name":"android.widget.TextView","text":"深度","desc":null,"clickable":true,"focusable":true,"checkable":false,"checked":false,"longClickable":false,"visibleToUser":false,"left":1889,"top":168,"right":1440,"bottom":294,"width":-449,"height":126,"childCount":0,"index":8,"depth":13}},{"id":247,"pid":237,"index":9,"idQf":null,"textQf":true,"attr":{"id":null,"name":"android.widget.TextView","text":"ACG","desc":null,"clickable":true,"focusable":true,"checkable":false,"checked":false,"longClickable":false,"visibleToUser":false,"left":2099,"top":168,"right":1440,"bottom":294,"width":-659,"height":126,"childCount":0,"index":9,"depth":13}},{"id":248,"pid":52,"index":0,"idQf":true,"textQf":null,"attr":{"id":"com.diershoubing.erbing:id/tab_bar","name":"android.widget.FrameLayout","text":null,"desc":null,"clickable":false,"focusable":false,"checkable":false,"checked":false,"longClickable":false,"visibleToUser":true,"left":56,"top":0,"right":1216,"bottom":168,"width":1160,"height":168,"childCount":2,"index":0,"depth":10}},{"id":249,"pid":52,"index":1,"idQf":null,"textQf":true,"attr":{"id":null,"name":"android.widget.TextView","text":"二柄","desc":null,"clickable":false,"focusable":false,"checkable":false,"checked":false,"longClickable":false,"visibleToUser":false,"left":56,"top":37,"right":56,"bottom":131,"width":0,"height":94,"childCount":0,"index":1,"depth":10}},{"id":250,"pid":52,"index":2,"idQf":null,"textQf":null,"attr":{"id":null,"name":"androidx.appcompat.widget.LinearLayoutCompat","text":null,"desc":null,"clickable":false,"focusable":false,"checkable":false,"checked":false,"longClickable":false,"visibleToUser":true,"left":1216,"top":0,"right":1384,"bottom":168,"width":168,"height":168,"childCount":1,"index":2,"depth":10}},{"id":251,"pid":250,"index":0,"idQf":true,"textQf":null,"attr":{"id":"com.diershoubing.erbing:id/menu_manager","name":"android.widget.FrameLayout","text":null,"desc":null,"clickable":true,"focusable":true,"checkable":false,"checked":false,"longClickable":false,"visibleToUser":true,"left":1216,"top":21,"right":1384,"bottom":147,"width":168,"height":126,"childCount":1,"index":0,"depth":11}},{"id":252,"pid":251,"index":0,"idQf":null,"textQf":null,"attr":{"id":null,"name":"android.widget.RelativeLayout","text":null,"desc":null,"clickable":false,"focusable":false,"checkable":false,"checked":false,"longClickable":false,"visibleToUser":true,"left":1216,"top":21,"right":1384,"bottom":147,"width":168,"height":126,"childCount":1,"index":0,"depth":12}},{"id":253,"pid":252,"index":0,"idQf":true,"textQf":null,"attr":{"id":"com.diershoubing.erbing:id/icon","name":"android.widget.ImageView","text":null,"desc":"二柄","clickable":false,"focusable":false,"checkable":false,"checked":false,"longClickable":false,"visibleToUser":true,"left":1237,"top":21,"right":1363,"bottom":147,"width":126,"height":126,"childCount":0,"index":0,"depth":13}},{"id":254,"pid":248,"index":0,"idQf":null,"textQf":null,"attr":{"id":null,"name":"android.widget.LinearLayout","text":null,"desc":null,"clickable":false,"focusable":false,"checkable":false,"checked":false,"longClickable":false,"visibleToUser":true,"left":56,"top":0,"right":1216,"bottom":168,"width":1160,"height":168,"childCount":3,"index":0,"depth":11}},{"id":255,"pid":248,"index":1,"idQf":null,"textQf":null,"attr":{"id":null,"name":"android.widget.ImageView","text":null,"desc":null,"clickable":true,"focusable":true,"checkable":false,"checked":false,"longClickable":false,"visibleToUser":true,"left":56,"top":0,"right":224,"bottom":168,"width":168,"height":168,"childCount":0,"index":1,"depth":11}},{"id":256,"pid":254,"index":0,"idQf":null,"textQf":null,"attr":{"id":null,"name":"android.widget.RelativeLayout","text":null,"desc":null,"clickable":true,"focusable":true,"checkable":false,"checked":false,"longClickable":true,"visibleToUser":true,"left":252,"top":0,"right":545,"bottom":168,"width":293,"height":168,"childCount":1,"index":0,"depth":12}},{"id":257,"pid":254,"index":1,"idQf":null,"textQf":null,"attr":{"id":null,"name":"android.widget.RelativeLayout","text":null,"desc":null,"clickable":true,"focusable":true,"checkable":false,"checked":false,"longClickable":true,"visibleToUser":true,"left":573,"top":0,"right":866,"bottom":168,"width":293,"height":168,"childCount":1,"index":1,"depth":12}},{"id":258,"pid":254,"index":2,"idQf":null,"textQf":null,"attr":{"id":null,"name":"android.widget.RelativeLayout","text":null,"desc":null,"clickable":true,"focusable":true,"checkable":false,"checked":false,"longClickable":true,"visibleToUser":true,"left":894,"top":0,"right":1188,"bottom":168,"width":294,"height":168,"childCount":1,"index":2,"depth":12}},{"id":259,"pid":258,"index":0,"idQf":null,"textQf":true,"attr":{"id":null,"name":"android.widget.TextView","text":"社区","desc":null,"clickable":false,"focusable":false,"checkable":false,"checked":false,"longClickable":false,"visibleToUser":true,"left":950,"top":49,"right":1132,"bottom":119,"width":182,"height":70,"childCount":0,"index":0,"depth":13}},{"id":260,"pid":257,"index":0,"idQf":null,"textQf":true,"attr":{"id":null,"name":"android.widget.TextView","text":"在玩","desc":null,"clickable":false,"focusable":false,"checkable":false,"checked":false,"longClickable":false,"visibleToUser":true,"left":629,"top":49,"right":810,"bottom":119,"width":181,"height":70,"childCount":0,"index":0,"depth":13}},{"id":261,"pid":256,"index":0,"idQf":null,"textQf":true,"attr":{"id":null,"name":"android.widget.TextView","text":"头条","desc":null,"clickable":false,"focusable":false,"checkable":false,"checked":false,"longClickable":false,"visibleToUser":true,"left":308,"top":49,"right":489,"bottom":119,"width":181,"height":70,"childCount":0,"index":0,"depth":13}}]}