{"id":1701864902328,"appId":"com.xsj.app","activityId":"com.xsj.app.MainActivity","appName":"星影视频","appVersionCode":42,"appVersionName":"1.2.3","screenHeight":2712,"screenWidth":1220,"isLandscape":false,"gkdVersionCode":14,"gkdVersionName":"1.5.4","device":{"device":"diting","model":"22081212C","manufacturer":"Xiaomi","brand":"Redmi","sdkInt":33,"release":"13"},"nodes":[{"id":0,"pid":-1,"index":0,"idQf":null,"textQf":null,"attr":{"id":null,"name":"android.widget.FrameLayout","text":null,"desc":null,"clickable":false,"focusable":false,"checkable":false,"checked":false,"longClickable":false,"visibleToUser":true,"left":0,"top":88,"right":1220,"bottom":2712,"width":1220,"height":2624,"childCount":1,"index":0,"depth":0}},{"id":1,"pid":0,"index":0,"idQf":null,"textQf":null,"attr":{"id":null,"name":"android.widget.FrameLayout","text":null,"desc":null,"clickable":false,"focusable":false,"checkable":false,"checked":false,"longClickable":false,"visibleToUser":true,"left":0,"top":88,"right":1220,"bottom":2712,"width":1220,"height":2624,"childCount":1,"index":0,"depth":1}},{"id":2,"pid":1,"index":0,"idQf":true,"textQf":null,"attr":{"id":"android:id/content","name":"android.widget.FrameLayout","text":null,"desc":null,"clickable":false,"focusable":false,"checkable":false,"checked":false,"longClickable":false,"visibleToUser":true,"left":0,"top":88,"right":1220,"bottom":2712,"width":1220,"height":2624,"childCount":1,"index":0,"depth":2}},{"id":3,"pid":2,"index":0,"idQf":null,"textQf":null,"attr":{"id":null,"name":"android.widget.FrameLayout","text":null,"desc":null,"clickable":false,"focusable":false,"checkable":false,"checked":false,"longClickable":false,"visibleToUser":true,"left":0,"top":88,"right":1220,"bottom":2712,"width":1220,"height":2624,"childCount":1,"index":0,"depth":3}},{"id":4,"pid":3,"index":0,"idQf":null,"textQf":null,"attr":{"id":null,"name":"android.widget.FrameLayout","text":null,"desc":null,"clickable":false,"focusable":false,"checkable":false,"checked":false,"longClickable":false,"visibleToUser":true,"left":0,"top":88,"right":1220,"bottom":2712,"width":1220,"height":2624,"childCount":4,"index":0,"depth":4}},{"id":5,"pid":4,"index":0,"idQf":null,"textQf":null,"attr":{"id":null,"name":"android.widget.FrameLayout","text":null,"desc":null,"clickable":false,"focusable":false,"checkable":false,"checked":false,"longClickable":false,"visibleToUser":true,"left":0,"top":2354,"right":1220,"bottom":2712,"width":1220,"height":358,"childCount":0,"index":0,"depth":5}},{"id":6,"pid":4,"index":1,"idQf":null,"textQf":null,"attr":{"id":null,"name":"android.widget.FrameLayout","text":null,"desc":null,"clickable":false,"focusable":false,"checkable":false,"checked":false,"longClickable":false,"visibleToUser":true,"left":40,"top":388,"right":1179,"bottom":2412,"width":1139,"height":2024,"childCount":8,"index":1,"depth":5}},{"id":7,"pid":4,"index":2,"idQf":null,"textQf":null,"attr":{"id":null,"name":"android.widget.LinearLayout","text":null,"desc":null,"clickable":false,"focusable":false,"checkable":false,"checked":false,"longClickable":false,"visibleToUser":true,"left":20,"top":2613,"right":986,"bottom":2679,"width":966,"height":66,"childCount":2,"index":2,"depth":5}},{"id":8,"pid":4,"index":3,"idQf":null,"textQf":null,"attr":{"id":null,"name":"android.widget.ImageView","text":null,"desc":null,"clickable":false,"focusable":false,"checkable":false,"checked":false,"longClickable":false,"visibleToUser":true,"left":1038,"top":2614,"right":1181,"bottom":2663,"width":143,"height":49,"childCount":0,"index":3,"depth":5}},{"id":9,"pid":7,"index":0,"idQf":null,"textQf":true,"attr":{"id":null,"name":"android.widget.TextView","text":"应用名称：中国联通 | 应用版本：11.1 | 开发者：中国联合网络通信集团有限公司","desc":null,"clickable":false,"focusable":false,"checkable":false,"checked":false,"longClickable":false,"visibleToUser":true,"left":20,"top":2613,"right":862,"bottom":2646,"width":842,"height":33,"childCount":0,"index":0,"depth":6}},{"id":10,"pid":7,"index":1,"idQf":null,"textQf":true,"attr":{"id":null,"name":"android.widget.TextView","text":"权限详情 | 隐私协议","desc":null,"clickable":true,"focusable":true,"checkable":false,"checked":false,"longClickable":false,"visibleToUser":true,"left":20,"top":2646,"right":231,"bottom":2679,"width":211,"height":33,"childCount":0,"index":1,"depth":6}},{"id":11,"pid":6,"index":0,"idQf":null,"textQf":null,"attr":{"id":null,"name":"android.widget.ImageView","text":null,"desc":null,"clickable":false,"focusable":false,"checkable":false,"checked":false,"longClickable":false,"visibleToUser":true,"left":40,"top":388,"right":1179,"bottom":1028,"width":1139,"height":640,"childCount":0,"index":0,"depth":6}},{"id":12,"pid":6,"index":1,"idQf":null,"textQf":null,"attr":{"id":null,"name":"android.widget.FrameLayout","text":null,"desc":null,"clickable":false,"focusable":false,"checkable":false,"checked":false,"longClickable":false,"visibleToUser":true,"left":40,"top":388,"right":1179,"bottom":681,"width":1139,"height":293,"childCount":0,"index":1,"depth":6}},{"id":13,"pid":6,"index":2,"idQf":null,"textQf":null,"attr":{"id":null,"name":"android.widget.FrameLayout","text":null,"desc":null,"clickable":false,"focusable":false,"checkable":false,"checked":false,"longClickable":false,"visibleToUser":true,"left":1088,"top":414,"right":1153,"bottom":479,"width":65,"height":65,"childCount":1,"index":2,"depth":6}},{"id":14,"pid":6,"index":3,"idQf":null,"textQf":null,"attr":{"id":null,"name":"android.widget.ImageView","text":null,"desc":null,"clickable":false,"focusable":false,"checkable":false,"checked":false,"longClickable":false,"visibleToUser":true,"left":495,"top":1169,"right":723,"bottom":1397,"width":228,"height":228,"childCount":0,"index":3,"depth":6}},{"id":15,"pid":6,"index":4,"idQf":null,"textQf":null,"attr":{"id":null,"name":"android.widget.FrameLayout","text":null,"desc":null,"clickable":false,"focusable":false,"checkable":false,"checked":false,"longClickable":false,"visibleToUser":true,"left":393,"top":1462,"right":826,"bottom":1586,"width":433,"height":124,"childCount":1,"index":4,"depth":6}},{"id":16,"pid":6,"index":5,"idQf":null,"textQf":null,"attr":{"id":null,"name":"android.widget.FrameLayout","text":null,"desc":null,"clickable":false,"focusable":false,"checkable":false,"checked":false,"longClickable":false,"visibleToUser":true,"left":154,"top":1624,"right":1065,"bottom":1748,"width":911,"height":124,"childCount":1,"index":5,"depth":6}},{"id":17,"pid":6,"index":6,"idQf":null,"textQf":null,"attr":{"id":null,"name":"android.widget.FrameLayout","text":null,"desc":null,"clickable":false,"focusable":false,"checkable":false,"checked":false,"longClickable":false,"visibleToUser":true,"left":398,"top":1885,"right":821,"bottom":1940,"width":423,"height":55,"childCount":1,"index":6,"depth":6}},{"id":18,"pid":6,"index":7,"idQf":null,"textQf":null,"attr":{"id":null,"name":"android.widget.FrameLayout","text":null,"desc":null,"clickable":false,"focusable":false,"checkable":false,"checked":false,"longClickable":false,"visibleToUser":true,"left":186,"top":2119,"right":1032,"bottom":2282,"width":846,"height":163,"childCount":2,"index":7,"depth":6}},{"id":19,"pid":18,"index":0,"idQf":null,"textQf":null,"attr":{"id":null,"name":"android.widget.FrameLayout","text":null,"desc":null,"clickable":false,"focusable":false,"checkable":false,"checked":false,"longClickable":false,"visibleToUser":true,"left":255,"top":2149,"right":361,"bottom":2255,"width":106,"height":106,"childCount":1,"index":0,"depth":7}},{"id":20,"pid":18,"index":1,"idQf":null,"textQf":null,"attr":{"id":null,"name":"android.widget.FrameLayout","text":null,"desc":null,"clickable":false,"focusable":false,"checkable":false,"checked":false,"longClickable":false,"visibleToUser":true,"left":308,"top":2164,"right":910,"bottom":2236,"width":602,"height":72,"childCount":1,"index":1,"depth":7}},{"id":21,"pid":20,"index":0,"idQf":null,"textQf":true,"attr":{"id":null,"name":"android.widget.TextView","text":"下载应用","desc":null,"clickable":false,"focusable":false,"checkable":false,"checked":false,"longClickable":false,"visibleToUser":true,"left":513,"top":2168,"right":705,"bottom":2232,"width":192,"height":64,"childCount":0,"index":0,"depth":8}},{"id":22,"pid":19,"index":0,"idQf":null,"textQf":null,"attr":{"id":null,"name":"android.widget.ImageView","text":null,"desc":null,"clickable":false,"focusable":false,"checkable":false,"checked":false,"longClickable":false,"visibleToUser":true,"left":255,"top":2149,"right":361,"bottom":2255,"width":106,"height":106,"childCount":0,"index":0,"depth":8}},{"id":23,"pid":17,"index":0,"idQf":null,"textQf":null,"attr":{"id":null,"name":"android.widget.LinearLayout","text":null,"desc":null,"clickable":false,"focusable":false,"checkable":false,"checked":false,"longClickable":false,"visibleToUser":true,"left":471,"top":1885,"right":748,"bottom":1940,"width":277,"height":55,"childCount":5,"index":0,"depth":7}},{"id":24,"pid":23,"index":0,"idQf":null,"textQf":null,"attr":{"id":null,"name":"android.widget.ImageView","text":null,"desc":null,"clickable":false,"focusable":false,"checkable":false,"checked":false,"longClickable":false,"visibleToUser":true,"left":471,"top":1885,"right":526,"bottom":1940,"width":55,"height":55,"childCount":0,"index":0,"depth":8}},{"id":25,"pid":23,"index":1,"idQf":null,"textQf":null,"attr":{"id":null,"name":"android.widget.ImageView","text":null,"desc":null,"clickable":false,"focusable":false,"checkable":false,"checked":false,"longClickable":false,"visibleToUser":true,"left":526,"top":1885,"right":581,"bottom":1940,"width":55,"height":55,"childCount":0,"index":1,"depth":8}},{"id":26,"pid":23,"index":2,"idQf":null,"textQf":null,"attr":{"id":null,"name":"android.widget.ImageView","text":null,"desc":null,"clickable":false,"focusable":false,"checkable":false,"checked":false,"longClickable":false,"visibleToUser":true,"left":581,"top":1885,"right":636,"bottom":1940,"width":55,"height":55,"childCount":0,"index":2,"depth":8}},{"id":27,"pid":23,"index":3,"idQf":null,"textQf":null,"attr":{"id":null,"name":"android.widget.ImageView","text":null,"desc":null,"clickable":false,"focusable":false,"checkable":false,"checked":false,"longClickable":false,"visibleToUser":true,"left":636,"top":1885,"right":691,"bottom":1940,"width":55,"height":55,"childCount":0,"index":3,"depth":8}},{"id":28,"pid":23,"index":4,"idQf":null,"textQf":null,"attr":{"id":null,"name":"android.widget.ImageView","text":null,"desc":null,"clickable":false,"focusable":false,"checkable":false,"checked":false,"longClickable":false,"visibleToUser":true,"left":691,"top":1885,"right":746,"bottom":1940,"width":55,"height":55,"childCount":0,"index":4,"depth":8}},{"id":29,"pid":16,"index":0,"idQf":null,"textQf":true,"attr":{"id":null,"name":"android.widget.TextView","text":"【中国联通APP】 羊毛多多，速薅！","desc":null,"clickable":false,"focusable":false,"checkable":false,"checked":false,"longClickable":false,"visibleToUser":true,"left":245,"top":1656,"right":974,"bottom":1716,"width":729,"height":60,"childCount":0,"index":0,"depth":7}},{"id":30,"pid":15,"index":0,"idQf":null,"textQf":true,"attr":{"id":null,"name":"android.widget.TextView","text":"中国联通","desc":null,"clickable":false,"focusable":false,"checkable":false,"checked":false,"longClickable":false,"visibleToUser":true,"left":519,"top":1494,"right":699,"bottom":1554,"width":180,"height":60,"childCount":0,"index":0,"depth":7}},{"id":31,"pid":13,"index":0,"idQf":null,"textQf":null,"attr":{"id":null,"name":"android.widget.ImageView","text":null,"desc":null,"clickable":false,"focusable":false,"checkable":false,"checked":false,"longClickable":false,"visibleToUser":true,"left":1088,"top":414,"right":1153,"bottom":479,"width":65,"height":65,"childCount":0,"index":0,"depth":7}}]}