{"id":1701693695499,"appId":"com.mfcloudcalculate.networkdisk","activityId":"com.mfcloudcalculate.networkdisk.activity.AdFreeActivity","appName":"123云盘","appVersionCode":49,"appVersionName":"2.3.8","screenHeight":3200,"screenWidth":1440,"isLandscape":false,"gkdVersionCode":14,"gkdVersionName":"1.5.4","device":{"device":"matisse","model":"22011211C","manufacturer":"Xiaomi","brand":"Redmi","sdkInt":33,"release":"13"},"nodes":[{"id":0,"pid":-1,"index":0,"idQf":null,"textQf":null,"attr":{"id":null,"name":"android.widget.FrameLayout","text":null,"desc":null,"clickable":false,"focusable":false,"checkable":false,"checked":false,"longClickable":false,"visibleToUser":true,"left":238,"top":2745,"right":1201,"bottom":3200,"width":963,"height":455,"childCount":1,"index":0,"depth":0}},{"id":1,"pid":0,"index":0,"idQf":null,"textQf":null,"attr":{"id":null,"name":"android.widget.LinearLayout","text":null,"desc":null,"clickable":false,"focusable":false,"checkable":false,"checked":false,"longClickable":false,"visibleToUser":true,"left":238,"top":2745,"right":1201,"bottom":3200,"width":963,"height":455,"childCount":1,"index":0,"depth":1}},{"id":2,"pid":1,"index":0,"idQf":true,"textQf":null,"attr":{"id":"android:id/content","name":"android.widget.FrameLayout","text":null,"desc":null,"clickable":false,"focusable":false,"checkable":false,"checked":false,"longClickable":false,"visibleToUser":true,"left":238,"top":2745,"right":1201,"bottom":3200,"width":963,"height":455,"childCount":1,"index":0,"depth":2}},{"id":3,"pid":2,"index":0,"idQf":null,"textQf":null,"attr":{"id":null,"name":"android.widget.LinearLayout","text":null,"desc":null,"clickable":false,"focusable":false,"checkable":false,"checked":false,"longClickable":false,"visibleToUser":true,"left":238,"top":2745,"right":1201,"bottom":3200,"width":963,"height":455,"childCount":2,"index":0,"depth":3}},{"id":4,"pid":3,"index":0,"idQf":true,"textQf":null,"attr":{"id":"com.mfcloudcalculate.networkdisk:id/iv_ad_free_gif","name":"android.widget.ImageView","text":null,"desc":null,"clickable":true,"focusable":true,"checkable":false,"checked":false,"longClickable":false,"visibleToUser":true,"left":238,"top":2745,"right":1201,"bottom":3032,"width":963,"height":287,"childCount":0,"index":0,"depth":4}},{"id":5,"pid":3,"index":1,"idQf":null,"textQf":null,"attr":{"id":null,"name":"android.widget.LinearLayout","text":null,"desc":null,"clickable":false,"focusable":false,"checkable":false,"checked":false,"longClickable":false,"visibleToUser":true,"left":560,"top":3032,"right":879,"bottom":3151,"width":319,"height":119,"childCount":3,"index":1,"depth":4}},{"id":6,"pid":5,"index":0,"idQf":true,"textQf":true,"attr":{"id":"com.mfcloudcalculate.networkdisk:id/tv_ad_free_timer","name":"android.widget.TextView","text":"4 s","desc":null,"clickable":false,"focusable":false,"checkable":false,"checked":false,"longClickable":false,"visibleToUser":true,"left":560,"top":3058,"right":710,"bottom":3125,"width":150,"height":67,"childCount":0,"index":0,"depth":5}},{"id":7,"pid":5,"index":1,"idQf":null,"textQf":true,"attr":{"id":null,"name":"android.widget.TextView","text":"|","desc":null,"clickable":false,"focusable":false,"checkable":false,"checked":false,"longClickable":false,"visibleToUser":true,"left":710,"top":3054,"right":728,"bottom":3129,"width":18,"height":75,"childCount":0,"index":1,"depth":5}},{"id":8,"pid":5,"index":2,"idQf":true,"textQf":true,"attr":{"id":"com.mfcloudcalculate.networkdisk:id/tv_ad_free_colse","name":"android.widget.TextView","text":"关闭","desc":null,"clickable":true,"focusable":true,"checkable":false,"checked":false,"longClickable":false,"visibleToUser":true,"left":728,"top":3058,"right":879,"bottom":3125,"width":151,"height":67,"childCount":0,"index":2,"depth":5}}]}