{"id":1701433679463,"appId":"com.lptiyu.tanke","activityId":"com.lptiyu.tanke.activities.school_run_record_detail.RunRecordDetailActivity","appName":"步道乐跑","appVersionCode":132,"appVersionName":"3.8.2","screenHeight":2712,"screenWidth":1220,"isLandscape":false,"gkdVersionCode":14,"gkdVersionName":"1.5.4","device":{"device":"diting","model":"22081212C","manufacturer":"Xiaomi","brand":"Redmi","sdkInt":33,"release":"13"},"nodes":[{"id":0,"pid":-1,"index":0,"idQf":null,"textQf":null,"attr":{"id":null,"name":"android.widget.FrameLayout","text":null,"desc":null,"clickable":false,"focusable":false,"checkable":false,"checked":false,"longClickable":false,"visibleToUser":true,"left":0,"top":88,"right":1220,"bottom":2664,"width":1220,"height":2576,"childCount":1,"index":0,"depth":0}},{"id":1,"pid":0,"index":0,"idQf":null,"textQf":null,"attr":{"id":null,"name":"android.widget.FrameLayout","text":null,"desc":null,"clickable":false,"focusable":false,"checkable":false,"checked":false,"longClickable":false,"visibleToUser":true,"left":0,"top":88,"right":1220,"bottom":2664,"width":1220,"height":2576,"childCount":1,"index":0,"depth":1}},{"id":2,"pid":1,"index":0,"idQf":true,"textQf":null,"attr":{"id":"android:id/content","name":"android.widget.FrameLayout","text":null,"desc":null,"clickable":false,"focusable":false,"checkable":false,"checked":false,"longClickable":false,"visibleToUser":true,"left":0,"top":88,"right":1220,"bottom":2664,"width":1220,"height":2576,"childCount":1,"index":0,"depth":2}},{"id":3,"pid":2,"index":0,"idQf":null,"textQf":null,"attr":{"id":null,"name":"android.widget.FrameLayout","text":null,"desc":null,"clickable":false,"focusable":false,"checkable":false,"checked":false,"longClickable":false,"visibleToUser":true,"left":0,"top":88,"right":1220,"bottom":2664,"width":1220,"height":2576,"childCount":1,"index":0,"depth":3}},{"id":4,"pid":3,"index":0,"idQf":null,"textQf":null,"attr":{"id":null,"name":"android.widget.FrameLayout","text":null,"desc":null,"clickable":false,"focusable":false,"checkable":false,"checked":false,"longClickable":false,"visibleToUser":true,"left":0,"top":88,"right":1220,"bottom":2664,"width":1220,"height":2576,"childCount":1,"index":0,"depth":4}},{"id":5,"pid":4,"index":0,"idQf":true,"textQf":null,"attr":{"id":"com.lptiyu.tanke:id/ksad_container","name":"android.widget.FrameLayout","text":null,"desc":null,"clickable":false,"focusable":false,"checkable":false,"checked":false,"longClickable":false,"visibleToUser":true,"left":0,"top":88,"right":1220,"bottom":2664,"width":1220,"height":2576,"childCount":2,"index":0,"depth":5}},{"id":6,"pid":5,"index":0,"idQf":true,"textQf":null,"attr":{"id":"com.lptiyu.tanke:id/ksad_video_container","name":"android.widget.FrameLayout","text":null,"desc":null,"clickable":true,"focusable":true,"checkable":false,"checked":false,"longClickable":false,"visibleToUser":true,"left":0,"top":88,"right":1220,"bottom":2664,"width":1220,"height":2576,"childCount":1,"index":0,"depth":6}},{"id":7,"pid":5,"index":1,"idQf":true,"textQf":null,"attr":{"id":"com.lptiyu.tanke:id/ksad_tk_view","name":"android.widget.FrameLayout","text":null,"desc":null,"clickable":false,"focusable":false,"checkable":false,"checked":false,"longClickable":false,"visibleToUser":true,"left":0,"top":88,"right":1220,"bottom":2664,"width":1220,"height":2576,"childCount":1,"index":1,"depth":6}},{"id":8,"pid":7,"index":0,"idQf":null,"textQf":null,"attr":{"id":null,"name":"android.widget.FrameLayout","text":null,"desc":null,"clickable":false,"focusable":false,"checkable":false,"checked":false,"longClickable":false,"visibleToUser":true,"left":0,"top":88,"right":1220,"bottom":2664,"width":1220,"height":2576,"childCount":1,"index":0,"depth":7}},{"id":9,"pid":8,"index":0,"idQf":null,"textQf":null,"attr":{"id":null,"name":"android.view.ViewGroup","text":null,"desc":null,"clickable":false,"focusable":false,"checkable":false,"checked":false,"longClickable":false,"visibleToUser":true,"left":0,"top":88,"right":1220,"bottom":2664,"width":1220,"height":2576,"childCount":1,"index":0,"depth":8}},{"id":10,"pid":9,"index":0,"idQf":null,"textQf":null,"attr":{"id":null,"name":"android.view.ViewGroup","text":null,"desc":null,"clickable":false,"focusable":false,"checkable":false,"checked":false,"longClickable":false,"visibleToUser":true,"left":0,"top":88,"right":1220,"bottom":2664,"width":1220,"height":2576,"childCount":2,"index":0,"depth":9}},{"id":11,"pid":10,"index":0,"idQf":null,"textQf":null,"attr":{"id":null,"name":"android.view.ViewGroup","text":null,"desc":null,"clickable":false,"focusable":false,"checkable":false,"checked":false,"longClickable":false,"visibleToUser":true,"left":149,"top":557,"right":1071,"bottom":2195,"width":922,"height":1638,"childCount":1,"index":0,"depth":10}},{"id":12,"pid":10,"index":1,"idQf":null,"textQf":null,"attr":{"id":null,"name":"android.view.ViewGroup","text":null,"desc":null,"clickable":false,"focusable":false,"checkable":false,"checked":false,"longClickable":false,"visibleToUser":true,"left":0,"top":2424,"right":1220,"bottom":2664,"width":1220,"height":240,"childCount":0,"index":1,"depth":10}},{"id":13,"pid":11,"index":0,"idQf":null,"textQf":null,"attr":{"id":null,"name":"android.view.ViewGroup","text":null,"desc":null,"clickable":false,"focusable":false,"checkable":false,"checked":false,"longClickable":false,"visibleToUser":true,"left":149,"top":557,"right":1071,"bottom":2195,"width":922,"height":1638,"childCount":1,"index":0,"depth":11}},{"id":14,"pid":13,"index":0,"idQf":null,"textQf":null,"attr":{"id":null,"name":"android.view.ViewGroup","text":null,"desc":null,"clickable":false,"focusable":false,"checkable":false,"checked":false,"longClickable":false,"visibleToUser":true,"left":149,"top":557,"right":1071,"bottom":2195,"width":922,"height":1638,"childCount":11,"index":0,"depth":12}},{"id":15,"pid":14,"index":0,"idQf":null,"textQf":null,"attr":{"id":null,"name":"android.view.ViewGroup","text":null,"desc":null,"clickable":false,"focusable":false,"checkable":false,"checked":false,"longClickable":false,"visibleToUser":true,"left":149,"top":557,"right":1071,"bottom":2165,"width":922,"height":1608,"childCount":1,"index":0,"depth":13}},{"id":16,"pid":14,"index":1,"idQf":null,"textQf":null,"attr":{"id":null,"name":"android.widget.ImageView","text":null,"desc":null,"clickable":true,"focusable":true,"checkable":false,"checked":false,"longClickable":false,"visibleToUser":true,"left":149,"top":557,"right":1071,"bottom":2195,"width":922,"height":1638,"childCount":0,"index":1,"depth":13}},{"id":17,"pid":14,"index":2,"idQf":null,"textQf":null,"attr":{"id":null,"name":"android.view.ViewGroup","text":null,"desc":null,"clickable":false,"focusable":false,"checkable":false,"checked":false,"longClickable":false,"visibleToUser":true,"left":149,"top":557,"right":1071,"bottom":2195,"width":922,"height":1638,"childCount":0,"index":2,"depth":13}},{"id":18,"pid":14,"index":3,"idQf":null,"textQf":null,"attr":{"id":null,"name":"android.widget.ImageView","text":null,"desc":null,"clickable":true,"focusable":true,"checkable":false,"checked":false,"longClickable":false,"visibleToUser":true,"left":149,"top":557,"right":1071,"bottom":2195,"width":922,"height":1638,"childCount":0,"index":3,"depth":13}},{"id":19,"pid":14,"index":4,"idQf":null,"textQf":null,"attr":{"id":null,"name":"android.view.View","text":null,"desc":null,"clickable":false,"focusable":false,"checkable":false,"checked":false,"longClickable":false,"visibleToUser":true,"left":149,"top":557,"right":1071,"bottom":2195,"width":922,"height":1638,"childCount":0,"index":4,"depth":13}},{"id":20,"pid":14,"index":5,"idQf":null,"textQf":null,"attr":{"id":null,"name":"android.widget.FrameLayout","text":null,"desc":null,"clickable":true,"focusable":true,"checkable":false,"checked":false,"longClickable":false,"visibleToUser":true,"left":149,"top":557,"right":1071,"bottom":2195,"width":922,"height":1638,"childCount":1,"index":5,"depth":13}},{"id":21,"pid":14,"index":6,"idQf":null,"textQf":null,"attr":{"id":null,"name":"android.view.ViewGroup","text":null,"desc":null,"clickable":false,"focusable":false,"checkable":false,"checked":false,"longClickable":false,"visibleToUser":true,"left":149,"top":639,"right":1071,"bottom":1660,"width":922,"height":1021,"childCount":1,"index":6,"depth":13}},{"id":22,"pid":14,"index":7,"idQf":null,"textQf":null,"attr":{"id":null,"name":"android.view.ViewGroup","text":null,"desc":null,"clickable":false,"focusable":false,"checkable":false,"checked":false,"longClickable":false,"visibleToUser":true,"left":185,"top":593,"right":317,"bottom":677,"width":132,"height":84,"childCount":1,"index":7,"depth":13}},{"id":23,"pid":14,"index":8,"idQf":null,"textQf":null,"attr":{"id":null,"name":"android.widget.ImageView","text":null,"desc":null,"clickable":true,"focusable":true,"checkable":false,"checked":false,"longClickable":false,"visibleToUser":true,"left":951,"top":593,"right":1035,"bottom":677,"width":84,"height":84,"childCount":0,"index":8,"depth":13}},{"id":24,"pid":14,"index":9,"idQf":null,"textQf":null,"attr":{"id":null,"name":"android.widget.ImageView","text":null,"desc":null,"clickable":false,"focusable":false,"checkable":false,"checked":false,"longClickable":false,"visibleToUser":true,"left":149,"top":1562,"right":1071,"bottom":2195,"width":922,"height":633,"childCount":0,"index":9,"depth":13}},{"id":25,"pid":14,"index":10,"idQf":null,"textQf":null,"attr":{"id":null,"name":"android.view.ViewGroup","text":null,"desc":null,"clickable":false,"focusable":false,"checkable":false,"checked":false,"longClickable":false,"visibleToUser":true,"left":173,"top":2129,"right":301,"bottom":2177,"width":128,"height":48,"childCount":2,"index":10,"depth":13}},{"id":26,"pid":25,"index":0,"idQf":null,"textQf":null,"attr":{"id":null,"name":"android.widget.ImageView","text":null,"desc":null,"clickable":false,"focusable":false,"checkable":false,"checked":false,"longClickable":false,"visibleToUser":true,"left":182,"top":2135,"right":218,"bottom":2171,"width":36,"height":36,"childCount":0,"index":0,"depth":14}},{"id":27,"pid":25,"index":1,"idQf":null,"textQf":true,"attr":{"id":null,"name":"android.widget.TextView","text":"广告","desc":null,"clickable":false,"focusable":false,"checkable":false,"checked":false,"longClickable":false,"visibleToUser":true,"left":230,"top":2132,"right":292,"bottom":2174,"width":62,"height":42,"childCount":0,"index":1,"depth":14}},{"id":28,"pid":22,"index":0,"idQf":null,"textQf":null,"attr":{"id":null,"name":"android.view.ViewGroup","text":null,"desc":null,"clickable":true,"focusable":true,"checkable":false,"checked":false,"longClickable":false,"visibleToUser":true,"left":185,"top":593,"right":269,"bottom":677,"width":84,"height":84,"childCount":1,"index":0,"depth":14}},{"id":29,"pid":28,"index":0,"idQf":null,"textQf":null,"attr":{"id":null,"name":"android.widget.ImageView","text":null,"desc":null,"clickable":false,"focusable":false,"checkable":false,"checked":false,"longClickable":false,"visibleToUser":true,"left":212,"top":620,"right":242,"bottom":650,"width":30,"height":30,"childCount":0,"index":0,"depth":15}},{"id":30,"pid":21,"index":0,"idQf":null,"textQf":null,"attr":{"id":null,"name":"android.view.ViewGroup","text":null,"desc":null,"clickable":false,"focusable":false,"checkable":false,"checked":false,"longClickable":false,"visibleToUser":true,"left":149,"top":639,"right":1071,"bottom":1660,"width":922,"height":1021,"childCount":2,"index":0,"depth":14}},{"id":31,"pid":30,"index":0,"idQf":null,"textQf":true,"attr":{"id":null,"name":"android.widget.TextView","text":"滑动屏幕","desc":null,"clickable":false,"focusable":false,"checkable":false,"checked":false,"longClickable":false,"visibleToUser":true,"left":149,"top":1609,"right":1071,"bottom":1660,"width":922,"height":51,"childCount":0,"index":0,"depth":15}},{"id":32,"pid":30,"index":1,"idQf":null,"textQf":null,"attr":{"id":null,"name":"android.widget.ImageView","text":null,"desc":null,"clickable":false,"focusable":false,"checkable":false,"checked":false,"longClickable":false,"visibleToUser":true,"left":499,"top":1130,"right":721,"bottom":1618,"width":222,"height":488,"childCount":0,"index":1,"depth":15}},{"id":33,"pid":20,"index":0,"idQf":null,"textQf":null,"attr":{"id":null,"name":"android.widget.FrameLayout","text":null,"desc":null,"clickable":false,"focusable":false,"checkable":false,"checked":false,"longClickable":false,"visibleToUser":true,"left":149,"top":557,"right":1071,"bottom":2195,"width":922,"height":1638,"childCount":1,"index":0,"depth":14}},{"id":34,"pid":33,"index":0,"idQf":null,"textQf":null,"attr":{"id":null,"name":"android.view.View","text":null,"desc":null,"clickable":false,"focusable":false,"checkable":false,"checked":false,"longClickable":false,"visibleToUser":true,"left":149,"top":557,"right":1070,"bottom":2195,"width":921,"height":1638,"childCount":0,"index":0,"depth":15}},{"id":35,"pid":15,"index":0,"idQf":null,"textQf":null,"attr":{"id":null,"name":"android.view.ViewGroup","text":null,"desc":null,"clickable":false,"focusable":false,"checkable":false,"checked":false,"longClickable":false,"visibleToUser":true,"left":149,"top":557,"right":1071,"bottom":2165,"width":922,"height":1608,"childCount":3,"index":0,"depth":14}},{"id":36,"pid":35,"index":0,"idQf":null,"textQf":true,"attr":{"id":null,"name":"android.widget.TextView","text":"扭动手机","desc":null,"clickable":false,"focusable":false,"checkable":false,"checked":false,"longClickable":false,"visibleToUser":true,"left":149,"top":2016,"right":1071,"bottom":2067,"width":922,"height":51,"childCount":0,"index":0,"depth":15}},{"id":37,"pid":35,"index":1,"idQf":null,"textQf":null,"attr":{"id":null,"name":"android.widget.ImageView","text":null,"desc":null,"clickable":true,"focusable":true,"checkable":false,"checked":false,"longClickable":false,"visibleToUser":true,"left":469,"top":1815,"right":751,"bottom":2097,"width":282,"height":282,"childCount":0,"index":1,"depth":15}},{"id":38,"pid":35,"index":2,"idQf":null,"textQf":true,"attr":{"id":null,"name":"android.widget.TextView","text":"或点击立即查看","desc":null,"clickable":false,"focusable":false,"checkable":false,"checked":false,"longClickable":false,"visibleToUser":true,"left":149,"top":2107,"right":1071,"bottom":2150,"width":922,"height":43,"childCount":0,"index":2,"depth":15}},{"id":39,"pid":6,"index":0,"idQf":true,"textQf":null,"attr":{"id":"com.lptiyu.tanke:id/ksad_video_first_frame_container","name":"android.widget.ImageView","text":null,"desc":null,"clickable":true,"focusable":true,"checkable":false,"checked":false,"longClickable":false,"visibleToUser":true,"left":0,"top":88,"right":1220,"bottom":2664,"width":1220,"height":2576,"childCount":0,"index":0,"depth":7}}]}