{"id":1701445955860,"appId":"com.qiyi.video","activityId":"org.iqiyi.video.activity.PlayerActivity","appName":"爱奇艺","appVersionCode":800141155,"appVersionName":"14.11.5","screenHeight":1080,"screenWidth":2400,"isLandscape":true,"gkdVersionCode":14,"gkdVersionName":"1.5.4","device":{"device":"alioth","model":"M2012K11AC","manufacturer":"Xiaomi","brand":"Redmi","sdkInt":33,"release":"13"},"nodes":[{"id":0,"pid":-1,"index":0,"idQf":null,"textQf":null,"attr":{"id":null,"name":"android.widget.FrameLayout","text":null,"desc":null,"clickable":false,"focusable":false,"checkable":false,"checked":false,"longClickable":false,"visibleToUser":true,"left":0,"top":0,"right":2400,"bottom":1080,"width":2400,"height":1080,"childCount":1,"index":0,"depth":0}},{"id":1,"pid":0,"index":0,"idQf":null,"textQf":null,"attr":{"id":null,"name":"android.widget.LinearLayout","text":null,"desc":null,"clickable":false,"focusable":false,"checkable":false,"checked":false,"longClickable":false,"visibleToUser":true,"left":0,"top":0,"right":2400,"bottom":1080,"width":2400,"height":1080,"childCount":1,"index":0,"depth":1}},{"id":2,"pid":1,"index":0,"idQf":true,"textQf":null,"attr":{"id":"android:id/content","name":"android.widget.FrameLayout","text":null,"desc":null,"clickable":false,"focusable":false,"checkable":false,"checked":false,"longClickable":false,"visibleToUser":true,"left":0,"top":0,"right":2400,"bottom":1080,"width":2400,"height":1080,"childCount":1,"index":0,"depth":2}},{"id":3,"pid":2,"index":0,"idQf":false,"textQf":null,"attr":{"id":"com.qiyi.video:id/unused_res_a","name":"android.widget.FrameLayout","text":null,"desc":null,"clickable":false,"focusable":false,"checkable":false,"checked":false,"longClickable":false,"visibleToUser":true,"left":0,"top":0,"right":2400,"bottom":1080,"width":2400,"height":1080,"childCount":1,"index":0,"depth":3}},{"id":4,"pid":3,"index":0,"idQf":false,"textQf":null,"attr":{"id":"com.qiyi.video:id/unused_res_a","name":"android.widget.FrameLayout","text":null,"desc":null,"clickable":false,"focusable":false,"checkable":false,"checked":false,"longClickable":false,"visibleToUser":true,"left":0,"top":0,"right":2400,"bottom":1080,"width":2400,"height":1080,"childCount":1,"index":0,"depth":4}},{"id":5,"pid":4,"index":0,"idQf":false,"textQf":null,"attr":{"id":"com.qiyi.video:id/unused_res_a","name":"android.widget.RelativeLayout","text":null,"desc":null,"clickable":false,"focusable":false,"checkable":false,"checked":false,"longClickable":false,"visibleToUser":true,"left":0,"top":0,"right":2400,"bottom":1080,"width":2400,"height":1080,"childCount":2,"index":0,"depth":5}},{"id":6,"pid":5,"index":0,"idQf":false,"textQf":null,"attr":{"id":"com.qiyi.video:id/unused_res_a","name":"android.widget.FrameLayout","text":null,"desc":null,"clickable":false,"focusable":false,"checkable":false,"checked":false,"longClickable":false,"visibleToUser":true,"left":0,"top":0,"right":2400,"bottom":1080,"width":2400,"height":1080,"childCount":1,"index":0,"depth":6}},{"id":7,"pid":5,"index":1,"idQf":false,"textQf":null,"attr":{"id":"com.qiyi.video:id/bottom_fragment_layout","name":"android.widget.FrameLayout","text":null,"desc":null,"clickable":false,"focusable":false,"checkable":false,"checked":false,"longClickable":false,"visibleToUser":true,"left":0,"top":0,"right":2400,"bottom":1080,"width":2400,"height":1080,"childCount":0,"index":1,"depth":6}},{"id":8,"pid":6,"index":0,"idQf":false,"textQf":null,"attr":{"id":"com.qiyi.video:id/unused_res_a","name":"android.widget.RelativeLayout","text":null,"desc":null,"clickable":false,"focusable":false,"checkable":false,"checked":false,"longClickable":false,"visibleToUser":true,"left":0,"top":0,"right":2400,"bottom":1080,"width":2400,"height":1080,"childCount":9,"index":0,"depth":7}},{"id":9,"pid":8,"index":0,"idQf":false,"textQf":null,"attr":{"id":"com.qiyi.video:id/unused_res_a","name":"android.view.View","text":null,"desc":null,"clickable":false,"focusable":false,"checkable":false,"checked":false,"longClickable":false,"visibleToUser":true,"left":0,"top":0,"right":2400,"bottom":1080,"width":2400,"height":1080,"childCount":0,"index":0,"depth":8}},{"id":10,"pid":8,"index":1,"idQf":false,"textQf":null,"attr":{"id":"com.qiyi.video:id/unused_res_a","name":"android.widget.RelativeLayout","text":null,"desc":null,"clickable":false,"focusable":false,"checkable":false,"checked":false,"longClickable":false,"visibleToUser":true,"left":0,"top":0,"right":2400,"bottom":1080,"width":2400,"height":1080,"childCount":0,"index":1,"depth":8}},{"id":11,"pid":8,"index":2,"idQf":false,"textQf":null,"attr":{"id":"com.qiyi.video:id/unused_res_a","name":"android.widget.RelativeLayout","text":null,"desc":null,"clickable":false,"focusable":false,"checkable":false,"checked":false,"longClickable":false,"visibleToUser":true,"left":0,"top":0,"right":2400,"bottom":1080,"width":2400,"height":1080,"childCount":0,"index":2,"depth":8}},{"id":12,"pid":8,"index":3,"idQf":false,"textQf":null,"attr":{"id":"com.qiyi.video:id/unused_res_a","name":"android.widget.RelativeLayout","text":null,"desc":null,"clickable":false,"focusable":false,"checkable":false,"checked":false,"longClickable":false,"visibleToUser":true,"left":0,"top":0,"right":2400,"bottom":1080,"width":2400,"height":1080,"childCount":0,"index":3,"depth":8}},{"id":13,"pid":8,"index":4,"idQf":false,"textQf":null,"attr":{"id":"com.qiyi.video:id/danmakuLayout","name":"android.widget.RelativeLayout","text":null,"desc":null,"clickable":false,"focusable":false,"checkable":false,"checked":false,"longClickable":false,"visibleToUser":true,"left":0,"top":0,"right":2400,"bottom":1080,"width":2400,"height":1080,"childCount":4,"index":4,"depth":8}},{"id":14,"pid":8,"index":5,"idQf":false,"textQf":null,"attr":{"id":"com.qiyi.video:id/unused_res_a","name":"android.widget.RelativeLayout","text":null,"desc":null,"clickable":false,"focusable":false,"checkable":false,"checked":false,"longClickable":false,"visibleToUser":true,"left":0,"top":0,"right":2400,"bottom":1080,"width":2400,"height":1080,"childCount":0,"index":5,"depth":8}},{"id":15,"pid":8,"index":6,"idQf":false,"textQf":null,"attr":{"id":"com.qiyi.video:id/unused_res_a","name":"android.widget.RelativeLayout","text":null,"desc":null,"clickable":false,"focusable":false,"checkable":false,"checked":false,"longClickable":false,"visibleToUser":true,"left":0,"top":0,"right":2400,"bottom":1080,"width":2400,"height":1080,"childCount":0,"index":6,"depth":8}},{"id":16,"pid":8,"index":7,"idQf":null,"textQf":null,"attr":{"id":null,"name":"android.widget.RelativeLayout","text":null,"desc":null,"clickable":false,"focusable":false,"checkable":false,"checked":false,"longClickable":false,"visibleToUser":true,"left":0,"top":0,"right":2400,"bottom":1080,"width":2400,"height":1080,"childCount":1,"index":7,"depth":8}},{"id":17,"pid":8,"index":8,"idQf":false,"textQf":null,"attr":{"id":"com.qiyi.video:id/unused_res_a","name":"android.widget.RelativeLayout","text":null,"desc":null,"clickable":false,"focusable":true,"checkable":false,"checked":false,"longClickable":false,"visibleToUser":true,"left":0,"top":0,"right":2400,"bottom":1080,"width":2400,"height":1080,"childCount":1,"index":8,"depth":8}},{"id":18,"pid":17,"index":0,"idQf":null,"textQf":null,"attr":{"id":null,"name":"android.widget.RelativeLayout","text":null,"desc":null,"clickable":false,"focusable":false,"checkable":false,"checked":false,"longClickable":false,"visibleToUser":true,"left":0,"top":0,"right":2400,"bottom":1080,"width":2400,"height":1080,"childCount":1,"index":0,"depth":9}},{"id":19,"pid":18,"index":0,"idQf":null,"textQf":null,"attr":{"id":null,"name":"android.widget.RelativeLayout","text":null,"desc":null,"clickable":false,"focusable":false,"checkable":false,"checked":false,"longClickable":false,"visibleToUser":true,"left":0,"top":0,"right":2400,"bottom":1080,"width":2400,"height":1080,"childCount":2,"index":0,"depth":10}},{"id":20,"pid":19,"index":0,"idQf":false,"textQf":null,"attr":{"id":"com.qiyi.video:id/unused_res_a","name":"android.widget.RelativeLayout","text":null,"desc":null,"clickable":false,"focusable":false,"checkable":false,"checked":false,"longClickable":false,"visibleToUser":true,"left":0,"top":0,"right":2400,"bottom":1080,"width":2400,"height":1080,"childCount":1,"index":0,"depth":11}},{"id":21,"pid":19,"index":1,"idQf":false,"textQf":null,"attr":{"id":"com.qiyi.video:id/unused_res_a","name":"android.view.View","text":null,"desc":"视频播放器","clickable":false,"focusable":false,"checkable":false,"checked":false,"longClickable":false,"visibleToUser":true,"left":240,"top":0,"right":2160,"bottom":1080,"width":1920,"height":1080,"childCount":0,"index":1,"depth":11}},{"id":22,"pid":20,"index":0,"idQf":false,"textQf":null,"attr":{"id":"com.qiyi.video:id/unused_res_a","name":"android.widget.ImageView","text":null,"desc":null,"clickable":false,"focusable":false,"checkable":false,"checked":false,"longClickable":false,"visibleToUser":true,"left":1770,"top":86,"right":2064,"bottom":144,"width":294,"height":58,"childCount":0,"index":0,"depth":12}},{"id":23,"pid":16,"index":0,"idQf":false,"textQf":null,"attr":{"id":"com.qiyi.video:id/unused_res_a","name":"android.widget.RelativeLayout","text":null,"desc":null,"clickable":false,"focusable":false,"checkable":false,"checked":false,"longClickable":false,"visibleToUser":true,"left":0,"top":0,"right":2400,"bottom":1080,"width":2400,"height":1080,"childCount":16,"index":0,"depth":9}},{"id":24,"pid":23,"index":0,"idQf":false,"textQf":null,"attr":{"id":"com.qiyi.video:id/danmaku_biz_container","name":"android.widget.RelativeLayout","text":null,"desc":null,"clickable":false,"focusable":false,"checkable":false,"checked":false,"longClickable":false,"visibleToUser":true,"left":0,"top":0,"right":2400,"bottom":1080,"width":2400,"height":1080,"childCount":0,"index":0,"depth":10}},{"id":25,"pid":23,"index":1,"idQf":false,"textQf":null,"attr":{"id":"com.qiyi.video:id/unused_res_a","name":"android.widget.RelativeLayout","text":null,"desc":null,"clickable":false,"focusable":false,"checkable":false,"checked":false,"longClickable":false,"visibleToUser":true,"left":0,"top":0,"right":2400,"bottom":1080,"width":2400,"height":1080,"childCount":0,"index":1,"depth":10}},{"id":26,"pid":23,"index":2,"idQf":false,"textQf":null,"attr":{"id":"com.qiyi.video:id/unused_res_a","name":"android.widget.FrameLayout","text":null,"desc":null,"clickable":false,"focusable":false,"checkable":false,"checked":false,"longClickable":false,"visibleToUser":true,"left":0,"top":0,"right":2400,"bottom":1080,"width":2400,"height":1080,"childCount":0,"index":2,"depth":10}},{"id":27,"pid":23,"index":3,"idQf":null,"textQf":null,"attr":{"id":null,"name":"android.widget.FrameLayout","text":null,"desc":null,"clickable":false,"focusable":false,"checkable":false,"checked":false,"longClickable":false,"visibleToUser":true,"left":0,"top":0,"right":2400,"bottom":1080,"width":2400,"height":1080,"childCount":0,"index":3,"depth":10}},{"id":28,"pid":23,"index":4,"idQf":null,"textQf":null,"attr":{"id":null,"name":"android.widget.RelativeLayout","text":null,"desc":null,"clickable":false,"focusable":false,"checkable":false,"checked":false,"longClickable":false,"visibleToUser":true,"left":0,"top":0,"right":2400,"bottom":1080,"width":2400,"height":1080,"childCount":1,"index":4,"depth":10}},{"id":29,"pid":23,"index":5,"idQf":null,"textQf":null,"attr":{"id":null,"name":"android.widget.RelativeLayout","text":null,"desc":null,"clickable":false,"focusable":false,"checkable":false,"checked":false,"longClickable":false,"visibleToUser":true,"left":0,"top":0,"right":2400,"bottom":1080,"width":2400,"height":1080,"childCount":0,"index":5,"depth":10}},{"id":30,"pid":23,"index":6,"idQf":null,"textQf":null,"attr":{"id":null,"name":"android.widget.RelativeLayout","text":null,"desc":null,"clickable":false,"focusable":false,"checkable":false,"checked":false,"longClickable":false,"visibleToUser":true,"left":0,"top":0,"right":2400,"bottom":1080,"width":2400,"height":1080,"childCount":0,"index":6,"depth":10}},{"id":31,"pid":23,"index":7,"idQf":null,"textQf":null,"attr":{"id":null,"name":"android.widget.RelativeLayout","text":null,"desc":null,"clickable":false,"focusable":false,"checkable":false,"checked":false,"longClickable":false,"visibleToUser":true,"left":0,"top":0,"right":2400,"bottom":1080,"width":2400,"height":1080,"childCount":0,"index":7,"depth":10}},{"id":32,"pid":23,"index":8,"idQf":null,"textQf":null,"attr":{"id":null,"name":"android.widget.RelativeLayout","text":null,"desc":null,"clickable":false,"focusable":false,"checkable":false,"checked":false,"longClickable":false,"visibleToUser":true,"left":0,"top":0,"right":2400,"bottom":1080,"width":2400,"height":1080,"childCount":0,"index":8,"depth":10}},{"id":33,"pid":23,"index":9,"idQf":null,"textQf":null,"attr":{"id":null,"name":"android.widget.RelativeLayout","text":null,"desc":null,"clickable":false,"focusable":false,"checkable":false,"checked":false,"longClickable":false,"visibleToUser":true,"left":0,"top":0,"right":2400,"bottom":1080,"width":2400,"height":1080,"childCount":3,"index":9,"depth":10}},{"id":34,"pid":23,"index":10,"idQf":false,"textQf":null,"attr":{"id":"com.qiyi.video:id/unused_res_a","name":"android.widget.RelativeLayout","text":null,"desc":null,"clickable":false,"focusable":false,"checkable":false,"checked":false,"longClickable":false,"visibleToUser":true,"left":0,"top":0,"right":2400,"bottom":1080,"width":2400,"height":1080,"childCount":2,"index":10,"depth":10}},{"id":35,"pid":23,"index":11,"idQf":null,"textQf":null,"attr":{"id":null,"name":"android.widget.RelativeLayout","text":null,"desc":null,"clickable":false,"focusable":false,"checkable":false,"checked":false,"longClickable":false,"visibleToUser":true,"left":0,"top":0,"right":2400,"bottom":1080,"width":2400,"height":1080,"childCount":2,"index":11,"depth":10}},{"id":36,"pid":23,"index":12,"idQf":null,"textQf":null,"attr":{"id":null,"name":"android.widget.RelativeLayout","text":null,"desc":null,"clickable":false,"focusable":false,"checkable":false,"checked":false,"longClickable":false,"visibleToUser":true,"left":0,"top":0,"right":2400,"bottom":1080,"width":2400,"height":1080,"childCount":1,"index":12,"depth":10}},{"id":37,"pid":23,"index":13,"idQf":null,"textQf":null,"attr":{"id":null,"name":"android.widget.RelativeLayout","text":null,"desc":null,"clickable":false,"focusable":false,"checkable":false,"checked":false,"longClickable":false,"visibleToUser":true,"left":0,"top":0,"right":2400,"bottom":1080,"width":2400,"height":1080,"childCount":2,"index":13,"depth":10}},{"id":38,"pid":23,"index":14,"idQf":false,"textQf":null,"attr":{"id":"com.qiyi.video:id/unused_res_a","name":"android.widget.RelativeLayout","text":null,"desc":null,"clickable":false,"focusable":false,"checkable":false,"checked":false,"longClickable":false,"visibleToUser":true,"left":0,"top":0,"right":2400,"bottom":1080,"width":2400,"height":1080,"childCount":1,"index":14,"depth":10}},{"id":39,"pid":23,"index":15,"idQf":null,"textQf":null,"attr":{"id":null,"name":"android.widget.RelativeLayout","text":null,"desc":null,"clickable":false,"focusable":false,"checkable":false,"checked":false,"longClickable":false,"visibleToUser":false,"left":2400,"top":0,"right":2400,"bottom":1080,"width":0,"height":1080,"childCount":0,"index":15,"depth":10}},{"id":40,"pid":38,"index":0,"idQf":null,"textQf":null,"attr":{"id":null,"name":"android.widget.RelativeLayout","text":null,"desc":null,"clickable":false,"focusable":false,"checkable":false,"checked":false,"longClickable":false,"visibleToUser":true,"left":0,"top":0,"right":2400,"bottom":1080,"width":2400,"height":1080,"childCount":1,"index":0,"depth":11}},{"id":41,"pid":40,"index":0,"idQf":false,"textQf":null,"attr":{"id":"com.qiyi.video:id/unused_res_a","name":"android.widget.RelativeLayout","text":null,"desc":null,"clickable":false,"focusable":false,"checkable":false,"checked":false,"longClickable":false,"visibleToUser":true,"left":1907,"top":76,"right":2298,"bottom":901,"width":391,"height":825,"childCount":1,"index":0,"depth":12}},{"id":42,"pid":41,"index":0,"idQf":false,"textQf":null,"attr":{"id":"com.qiyi.video:id/unused_res_a","name":"android.widget.ImageView","text":null,"desc":null,"clickable":false,"focusable":false,"checkable":false,"checked":false,"longClickable":false,"visibleToUser":false,"left":1915,"top":728,"right":2289,"bottom":835,"width":374,"height":107,"childCount":0,"index":0,"depth":13}},{"id":43,"pid":37,"index":0,"idQf":false,"textQf":null,"attr":{"id":"com.qiyi.video:id/unused_res_a","name":"android.widget.FrameLayout","text":null,"desc":null,"clickable":false,"focusable":false,"checkable":false,"checked":false,"longClickable":false,"visibleToUser":true,"left":0,"top":0,"right":2400,"bottom":1080,"width":2400,"height":1080,"childCount":0,"index":0,"depth":11}},{"id":44,"pid":37,"index":1,"idQf":false,"textQf":null,"attr":{"id":"com.qiyi.video:id/unused_res_a","name":"android.widget.RelativeLayout","text":null,"desc":null,"clickable":false,"focusable":false,"checkable":false,"checked":false,"longClickable":false,"visibleToUser":false,"left":1200,"top":540,"right":1200,"bottom":540,"width":0,"height":0,"childCount":0,"index":1,"depth":11}},{"id":45,"pid":36,"index":0,"idQf":false,"textQf":null,"attr":{"id":"com.qiyi.video:id/unused_res_a","name":"android.widget.RelativeLayout","text":null,"desc":null,"clickable":false,"focusable":false,"checkable":false,"checked":false,"longClickable":false,"visibleToUser":true,"left":0,"top":0,"right":2400,"bottom":1080,"width":2400,"height":1080,"childCount":1,"index":0,"depth":11}},{"id":46,"pid":45,"index":0,"idQf":false,"textQf":null,"attr":{"id":"com.qiyi.video:id/unused_res_a","name":"android.widget.RelativeLayout","text":null,"desc":null,"clickable":false,"focusable":false,"checkable":false,"checked":false,"longClickable":false,"visibleToUser":true,"left":0,"top":0,"right":2400,"bottom":1080,"width":2400,"height":1080,"childCount":3,"index":0,"depth":12}},{"id":47,"pid":46,"index":0,"idQf":false,"textQf":null,"attr":{"id":"com.qiyi.video:id/content_layout","name":"android.widget.RelativeLayout","text":null,"desc":null,"clickable":false,"focusable":false,"checkable":false,"checked":false,"longClickable":false,"visibleToUser":true,"left":240,"top":0,"right":2160,"bottom":1080,"width":1920,"height":1080,"childCount":6,"index":0,"depth":13}},{"id":48,"pid":46,"index":1,"idQf":false,"textQf":null,"attr":{"id":"com.qiyi.video:id/unused_res_a","name":"android.widget.RelativeLayout","text":null,"desc":null,"clickable":false,"focusable":false,"checkable":false,"checked":false,"longClickable":false,"visibleToUser":true,"left":265,"top":0,"right":2160,"bottom":124,"width":1895,"height":124,"childCount":2,"index":1,"depth":13}},{"id":49,"pid":46,"index":2,"idQf":false,"textQf":null,"attr":{"id":"com.qiyi.video:id/unused_res_a","name":"android.view.View","text":null,"desc":null,"clickable":true,"focusable":true,"checkable":false,"checked":false,"longClickable":false,"visibleToUser":true,"left":1731,"top":0,"right":2251,"bottom":248,"width":520,"height":248,"childCount":0,"index":2,"depth":13}},{"id":50,"pid":48,"index":0,"idQf":false,"textQf":null,"attr":{"id":"com.qiyi.video:id/unused_res_a","name":"android.widget.ImageView","text":null,"desc":null,"clickable":true,"focusable":true,"checkable":false,"checked":false,"longClickable":false,"visibleToUser":true,"left":1747,"top":41,"right":1830,"bottom":124,"width":83,"height":83,"childCount":0,"index":0,"depth":14}},{"id":51,"pid":48,"index":1,"idQf":false,"textQf":null,"attr":{"id":"com.qiyi.video:id/unused_res_a","name":"android.widget.RelativeLayout","text":null,"desc":null,"clickable":true,"focusable":true,"checkable":false,"checked":false,"longClickable":false,"visibleToUser":true,"left":1855,"top":41,"right":2127,"bottom":124,"width":272,"height":83,"childCount":2,"index":1,"depth":14}},{"id":52,"pid":51,"index":0,"idQf":false,"textQf":false,"attr":{"id":"com.qiyi.video:id/unused_res_a","name":"android.widget.TextView","text":"关闭广告","desc":null,"clickable":false,"focusable":false,"checkable":false,"checked":false,"longClickable":false,"visibleToUser":true,"left":1888,"top":56,"right":2044,"bottom":108,"width":156,"height":52,"childCount":0,"index":0,"depth":15}},{"id":53,"pid":51,"index":1,"idQf":false,"textQf":null,"attr":{"id":"com.qiyi.video:id/unused_res_a","name":"android.widget.ImageView","text":null,"desc":null,"clickable":false,"focusable":false,"checkable":false,"checked":false,"longClickable":false,"visibleToUser":true,"left":2055,"top":63,"right":2094,"bottom":102,"width":39,"height":39,"childCount":0,"index":1,"depth":15}},{"id":54,"pid":47,"index":0,"idQf":false,"textQf":null,"attr":{"id":"com.qiyi.video:id/unused_res_a","name":"android.widget.ImageView","text":null,"desc":null,"clickable":false,"focusable":false,"checkable":false,"checked":false,"longClickable":false,"visibleToUser":true,"left":240,"top":0,"right":2160,"bottom":1080,"width":1920,"height":1080,"childCount":0,"index":0,"depth":14}},{"id":55,"pid":47,"index":1,"idQf":false,"textQf":null,"attr":{"id":"com.qiyi.video:id/unused_res_a","name":"android.view.View","text":null,"desc":null,"clickable":true,"focusable":true,"checkable":false,"checked":false,"longClickable":false,"visibleToUser":true,"left":297,"top":173,"right":1602,"bottom":907,"width":1305,"height":734,"childCount":0,"index":1,"depth":14}},{"id":56,"pid":47,"index":2,"idQf":false,"textQf":null,"attr":{"id":"com.qiyi.video:id/unused_res_a","name":"android.widget.RelativeLayout","text":null,"desc":null,"clickable":false,"focusable":false,"checkable":false,"checked":false,"longClickable":false,"visibleToUser":true,"left":302,"top":173,"right":1597,"bottom":907,"width":1295,"height":734,"childCount":3,"index":2,"depth":14}},{"id":57,"pid":47,"index":3,"idQf":false,"textQf":null,"attr":{"id":"com.qiyi.video:id/unused_res_a","name":"android.widget.RelativeLayout","text":null,"desc":null,"clickable":true,"focusable":true,"checkable":false,"checked":false,"longClickable":false,"visibleToUser":true,"left":1667,"top":169,"right":2127,"bottom":738,"width":460,"height":569,"childCount":3,"index":3,"depth":14}},{"id":58,"pid":47,"index":4,"idQf":false,"textQf":null,"attr":{"id":"com.qiyi.video:id/unused_res_a","name":"android.widget.ImageView","text":null,"desc":null,"clickable":true,"focusable":true,"checkable":false,"checked":false,"longClickable":false,"visibleToUser":true,"left":1687,"top":791,"right":2127,"bottom":1039,"width":440,"height":248,"childCount":0,"index":4,"depth":14}},{"id":59,"pid":47,"index":5,"idQf":null,"textQf":null,"attr":{"id":null,"name":"android.widget.RelativeLayout","text":null,"desc":null,"clickable":false,"focusable":false,"checkable":false,"checked":false,"longClickable":false,"visibleToUser":true,"left":1687,"top":791,"right":2127,"bottom":1039,"width":440,"height":248,"childCount":1,"index":5,"depth":14}},{"id":60,"pid":59,"index":0,"idQf":false,"textQf":null,"attr":{"id":"com.qiyi.video:id/unused_res_a","name":"android.widget.ImageView","text":null,"desc":"继续播放正片","clickable":false,"focusable":false,"checkable":false,"checked":false,"longClickable":false,"visibleToUser":true,"left":1856,"top":864,"right":1958,"bottom":966,"width":102,"height":102,"childCount":0,"index":0,"depth":15}},{"id":61,"pid":57,"index":0,"idQf":false,"textQf":null,"attr":{"id":"com.qiyi.video:id/unused_res_a","name":"android.widget.ImageView","text":null,"desc":null,"clickable":false,"focusable":false,"checkable":false,"checked":false,"longClickable":false,"visibleToUser":true,"left":1818,"top":252,"right":1975,"bottom":409,"width":157,"height":157,"childCount":0,"index":0,"depth":15}},{"id":62,"pid":57,"index":1,"idQf":false,"textQf":false,"attr":{"id":"com.qiyi.video:id/unused_res_a","name":"android.widget.TextView","text":"UC浏览器免费小说","desc":null,"clickable":false,"focusable":false,"checkable":false,"checked":false,"longClickable":false,"visibleToUser":true,"left":1723,"top":442,"right":2071,"bottom":500,"width":348,"height":58,"childCount":0,"index":1,"depth":15}},{"id":63,"pid":57,"index":2,"idQf":false,"textQf":null,"attr":{"id":"com.qiyi.video:id/unused_res_a","name":"android.widget.TextView","text":null,"desc":null,"clickable":true,"focusable":true,"checkable":false,"checked":false,"longClickable":false,"visibleToUser":true,"left":1759,"top":566,"right":2034,"bottom":649,"width":275,"height":83,"childCount":0,"index":2,"depth":15}},{"id":64,"pid":56,"index":0,"idQf":false,"textQf":null,"attr":{"id":"com.qiyi.video:id/unused_res_a","name":"android.view.View","text":null,"desc":"视频播放器","clickable":false,"focusable":false,"checkable":false,"checked":false,"longClickable":false,"visibleToUser":true,"left":302,"top":173,"right":1597,"bottom":907,"width":1295,"height":734,"childCount":0,"index":0,"depth":15}},{"id":65,"pid":56,"index":1,"idQf":false,"textQf":null,"attr":{"id":"com.qiyi.video:id/unused_res_a","name":"android.widget.RelativeLayout","text":null,"desc":null,"clickable":false,"focusable":false,"checkable":false,"checked":false,"longClickable":false,"visibleToUser":true,"left":302,"top":173,"right":1597,"bottom":907,"width":1295,"height":734,"childCount":2,"index":1,"depth":15}},{"id":66,"pid":56,"index":2,"idQf":false,"textQf":null,"attr":{"id":"com.qiyi.video:id/unused_res_a","name":"android.widget.RelativeLayout","text":null,"desc":null,"clickable":false,"focusable":false,"checkable":false,"checked":false,"longClickable":false,"visibleToUser":true,"left":302,"top":173,"right":1597,"bottom":907,"width":1295,"height":734,"childCount":0,"index":2,"depth":15}},{"id":67,"pid":65,"index":0,"idQf":false,"textQf":null,"attr":{"id":"com.qiyi.video:id/unused_res_a","name":"android.widget.RelativeLayout","text":null,"desc":null,"clickable":false,"focusable":false,"checkable":false,"checked":false,"longClickable":false,"visibleToUser":true,"left":302,"top":173,"right":1597,"bottom":907,"width":1295,"height":734,"childCount":0,"index":0,"depth":16}},{"id":68,"pid":65,"index":1,"idQf":false,"textQf":null,"attr":{"id":"com.qiyi.video:id/unused_res_a","name":"android.widget.RelativeLayout","text":null,"desc":null,"clickable":false,"focusable":false,"checkable":false,"checked":false,"longClickable":false,"visibleToUser":true,"left":302,"top":173,"right":1597,"bottom":907,"width":1295,"height":734,"childCount":0,"index":1,"depth":16}},{"id":69,"pid":35,"index":0,"idQf":true,"textQf":null,"attr":{"id":"com.qiyi.video:id/bottomLayout","name":"android.widget.RelativeLayout","text":null,"desc":null,"clickable":false,"focusable":false,"checkable":false,"checked":false,"longClickable":false,"visibleToUser":true,"left":0,"top":0,"right":2400,"bottom":1080,"width":2400,"height":1080,"childCount":0,"index":0,"depth":11}},{"id":70,"pid":35,"index":1,"idQf":false,"textQf":null,"attr":{"id":"com.qiyi.video:id/unused_res_a","name":"android.widget.RelativeLayout","text":null,"desc":null,"clickable":false,"focusable":false,"checkable":false,"checked":false,"longClickable":false,"visibleToUser":true,"left":124,"top":149,"right":2276,"bottom":925,"width":2152,"height":776,"childCount":2,"index":1,"depth":11}},{"id":71,"pid":70,"index":0,"idQf":false,"textQf":null,"attr":{"id":"com.qiyi.video:id/unused_res_a","name":"android.widget.RelativeLayout","text":null,"desc":null,"clickable":false,"focusable":false,"checkable":false,"checked":false,"longClickable":false,"visibleToUser":true,"left":143,"top":403,"right":281,"bottom":670,"width":138,"height":267,"childCount":0,"index":0,"depth":12}},{"id":72,"pid":70,"index":1,"idQf":false,"textQf":null,"attr":{"id":"com.qiyi.video:id/unused_res_a","name":"android.widget.RelativeLayout","text":null,"desc":null,"clickable":false,"focusable":false,"checkable":false,"checked":false,"longClickable":false,"visibleToUser":false,"left":322,"top":334,"right":322,"bottom":670,"width":0,"height":336,"childCount":0,"index":1,"depth":12}},{"id":73,"pid":34,"index":0,"idQf":null,"textQf":null,"attr":{"id":null,"name":"android.widget.RelativeLayout","text":null,"desc":null,"clickable":false,"focusable":false,"checkable":false,"checked":false,"longClickable":false,"visibleToUser":true,"left":0,"top":0,"right":2400,"bottom":1080,"width":2400,"height":1080,"childCount":0,"index":0,"depth":11}},{"id":74,"pid":34,"index":1,"idQf":false,"textQf":null,"attr":{"id":"com.qiyi.video:id/unused_res_a","name":"android.widget.RelativeLayout","text":null,"desc":null,"clickable":false,"focusable":false,"checkable":false,"checked":false,"longClickable":false,"visibleToUser":true,"left":0,"top":0,"right":2400,"bottom":1080,"width":2400,"height":1080,"childCount":1,"index":1,"depth":11}},{"id":75,"pid":74,"index":0,"idQf":null,"textQf":null,"attr":{"id":null,"name":"android.widget.RelativeLayout","text":null,"desc":null,"clickable":false,"focusable":false,"checkable":false,"checked":false,"longClickable":false,"visibleToUser":true,"left":0,"top":0,"right":2400,"bottom":1080,"width":2400,"height":1080,"childCount":1,"index":0,"depth":12}},{"id":76,"pid":75,"index":0,"idQf":false,"textQf":null,"attr":{"id":"com.qiyi.video:id/unused_res_a","name":"android.widget.RelativeLayout","text":null,"desc":null,"clickable":false,"focusable":false,"checkable":false,"checked":false,"longClickable":false,"visibleToUser":true,"left":0,"top":0,"right":2400,"bottom":1080,"width":2400,"height":1080,"childCount":2,"index":0,"depth":13}},{"id":77,"pid":76,"index":0,"idQf":false,"textQf":null,"attr":{"id":"com.qiyi.video:id/unused_res_a","name":"android.widget.RelativeLayout","text":null,"desc":null,"clickable":false,"focusable":false,"checkable":false,"checked":false,"longClickable":false,"visibleToUser":true,"left":0,"top":0,"right":2400,"bottom":1080,"width":2400,"height":1080,"childCount":0,"index":0,"depth":14}},{"id":78,"pid":76,"index":1,"idQf":false,"textQf":null,"attr":{"id":"com.qiyi.video:id/unused_res_a","name":"android.widget.RelativeLayout","text":null,"desc":null,"clickable":false,"focusable":false,"checkable":false,"checked":false,"longClickable":false,"visibleToUser":true,"left":0,"top":0,"right":2400,"bottom":1080,"width":2400,"height":1080,"childCount":0,"index":1,"depth":14}},{"id":79,"pid":33,"index":0,"idQf":false,"textQf":null,"attr":{"id":"com.qiyi.video:id/unused_res_a","name":"android.widget.LinearLayout","text":null,"desc":null,"clickable":false,"focusable":false,"checkable":false,"checked":false,"longClickable":false,"visibleToUser":true,"left":0,"top":0,"right":2400,"bottom":1080,"width":2400,"height":1080,"childCount":1,"index":0,"depth":11}},{"id":80,"pid":33,"index":1,"idQf":false,"textQf":null,"attr":{"id":"com.qiyi.video:id/unused_res_a","name":"android.widget.LinearLayout","text":null,"desc":null,"clickable":false,"focusable":false,"checkable":false,"checked":false,"longClickable":false,"visibleToUser":true,"left":0,"top":0,"right":2400,"bottom":1080,"width":2400,"height":1080,"childCount":1,"index":1,"depth":11}},{"id":81,"pid":33,"index":2,"idQf":false,"textQf":null,"attr":{"id":"com.qiyi.video:id/unused_res_a","name":"android.widget.RelativeLayout","text":null,"desc":null,"clickable":false,"focusable":false,"checkable":false,"checked":false,"longClickable":false,"visibleToUser":false,"left":0,"top":1080,"right":2400,"bottom":1080,"width":2400,"height":0,"childCount":0,"index":2,"depth":11}},{"id":82,"pid":80,"index":0,"idQf":false,"textQf":null,"attr":{"id":"com.qiyi.video:id/unused_res_a","name":"android.widget.LinearLayout","text":null,"desc":null,"clickable":false,"focusable":false,"checkable":false,"checked":false,"longClickable":false,"visibleToUser":true,"left":0,"top":0,"right":2400,"bottom":1080,"width":2400,"height":1080,"childCount":1,"index":0,"depth":12}},{"id":83,"pid":82,"index":0,"idQf":false,"textQf":null,"attr":{"id":"com.qiyi.video:id/unused_res_a","name":"android.widget.LinearLayout","text":null,"desc":null,"clickable":false,"focusable":false,"checkable":false,"checked":false,"longClickable":false,"visibleToUser":false,"left":1200,"top":540,"right":1200,"bottom":540,"width":0,"height":0,"childCount":0,"index":0,"depth":13}},{"id":84,"pid":79,"index":0,"idQf":false,"textQf":null,"attr":{"id":"com.qiyi.video:id/unused_res_a","name":"android.widget.FrameLayout","text":null,"desc":null,"clickable":false,"focusable":false,"checkable":false,"checked":false,"longClickable":false,"visibleToUser":true,"left":0,"top":0,"right":2400,"bottom":1080,"width":2400,"height":1080,"childCount":1,"index":0,"depth":12}},{"id":85,"pid":84,"index":0,"idQf":false,"textQf":null,"attr":{"id":"com.qiyi.video:id/unused_res_a","name":"android.widget.RelativeLayout","text":null,"desc":null,"clickable":false,"focusable":false,"checkable":false,"checked":false,"longClickable":false,"visibleToUser":true,"left":0,"top":0,"right":2400,"bottom":1080,"width":2400,"height":1080,"childCount":0,"index":0,"depth":13}},{"id":86,"pid":28,"index":0,"idQf":false,"textQf":null,"attr":{"id":"com.qiyi.video:id/unused_res_a","name":"android.widget.RelativeLayout","text":null,"desc":null,"clickable":false,"focusable":false,"checkable":false,"checked":false,"longClickable":false,"visibleToUser":true,"left":0,"top":0,"right":2400,"bottom":1080,"width":2400,"height":1080,"childCount":0,"index":0,"depth":11}},{"id":87,"pid":13,"index":0,"idQf":false,"textQf":null,"attr":{"id":"com.qiyi.video:id/unused_res_a","name":"android.widget.RelativeLayout","text":null,"desc":null,"clickable":false,"focusable":false,"checkable":false,"checked":false,"longClickable":false,"visibleToUser":true,"left":0,"top":0,"right":2400,"bottom":1080,"width":2400,"height":1080,"childCount":1,"index":0,"depth":9}},{"id":88,"pid":13,"index":1,"idQf":false,"textQf":null,"attr":{"id":"com.qiyi.video:id/unused_res_a","name":"android.widget.RelativeLayout","text":null,"desc":null,"clickable":false,"focusable":false,"checkable":false,"checked":false,"longClickable":false,"visibleToUser":true,"left":0,"top":0,"right":2400,"bottom":1080,"width":2400,"height":1080,"childCount":0,"index":1,"depth":9}},{"id":89,"pid":13,"index":2,"idQf":false,"textQf":null,"attr":{"id":"com.qiyi.video:id/unused_res_a","name":"android.widget.RelativeLayout","text":null,"desc":null,"clickable":false,"focusable":false,"checkable":false,"checked":false,"longClickable":false,"visibleToUser":true,"left":0,"top":0,"right":2400,"bottom":1080,"width":2400,"height":1080,"childCount":0,"index":2,"depth":9}},{"id":90,"pid":13,"index":3,"idQf":false,"textQf":null,"attr":{"id":"com.qiyi.video:id/unused_res_a","name":"android.widget.RelativeLayout","text":null,"desc":null,"clickable":false,"focusable":false,"checkable":false,"checked":false,"longClickable":false,"visibleToUser":true,"left":0,"top":0,"right":2400,"bottom":1080,"width":2400,"height":1080,"childCount":0,"index":3,"depth":9}},{"id":91,"pid":87,"index":0,"idQf":null,"textQf":null,"attr":{"id":null,"name":"android.widget.RelativeLayout","text":null,"desc":null,"clickable":false,"focusable":false,"checkable":false,"checked":false,"longClickable":false,"visibleToUser":true,"left":0,"top":0,"right":2400,"bottom":1080,"width":2400,"height":1080,"childCount":1,"index":0,"depth":10}},{"id":92,"pid":91,"index":0,"idQf":false,"textQf":null,"attr":{"id":"com.qiyi.video:id/unused_res_a","name":"android.view.View","text":null,"desc":null,"clickable":false,"focusable":false,"checkable":false,"checked":false,"longClickable":false,"visibleToUser":true,"left":0,"top":0,"right":2400,"bottom":1080,"width":2400,"height":1080,"childCount":0,"index":0,"depth":11}}]}