{"id":1701944562394,"appId":"com.bilibili.app.in","activityId":null,"appName":"bilibili","appVersionCode":7420500,"appVersionName":"3.18.1","screenHeight":2400,"screenWidth":1080,"isLandscape":false,"gkdVersionCode":14,"gkdVersionName":"1.5.4","device":{"device":"fuxi","model":"2211133C","manufacturer":"Xiaomi","brand":"Xiaomi","sdkInt":34,"release":"14"},"nodes":[{"id":0,"pid":-1,"index":0,"idQf":null,"textQf":null,"attr":{"id":null,"name":"android.widget.FrameLayout","text":null,"desc":null,"clickable":false,"focusable":false,"checkable":false,"checked":false,"longClickable":false,"visibleToUser":true,"left":0,"top":1475,"right":1080,"bottom":2400,"width":1080,"height":925,"childCount":1,"index":0,"depth":0}},{"id":1,"pid":0,"index":0,"idQf":null,"textQf":null,"attr":{"id":null,"name":"android.widget.LinearLayout","text":null,"desc":null,"clickable":false,"focusable":false,"checkable":false,"checked":false,"longClickable":false,"visibleToUser":true,"left":0,"top":1475,"right":1080,"bottom":2400,"width":1080,"height":925,"childCount":1,"index":0,"depth":1}},{"id":2,"pid":1,"index":0,"idQf":true,"textQf":null,"attr":{"id":"android:id/content","name":"android.widget.FrameLayout","text":null,"desc":null,"clickable":false,"focusable":false,"checkable":false,"checked":false,"longClickable":false,"visibleToUser":true,"left":0,"top":1475,"right":1080,"bottom":2400,"width":1080,"height":925,"childCount":1,"index":0,"depth":2}},{"id":3,"pid":2,"index":0,"idQf":null,"textQf":null,"attr":{"id":null,"name":"android.widget.LinearLayout","text":null,"desc":null,"clickable":false,"focusable":false,"checkable":false,"checked":false,"longClickable":false,"visibleToUser":true,"left":0,"top":1475,"right":1080,"bottom":2400,"width":1080,"height":925,"childCount":2,"index":0,"depth":3}},{"id":4,"pid":3,"index":0,"idQf":true,"textQf":null,"attr":{"id":"com.bilibili.app.in:id/top_banner","name":"android.widget.ImageView","text":null,"desc":null,"clickable":false,"focusable":false,"checkable":false,"checked":false,"longClickable":false,"visibleToUser":true,"left":0,"top":1475,"right":1080,"bottom":1881,"width":1080,"height":406,"childCount":0,"index":0,"depth":4}},{"id":5,"pid":3,"index":1,"idQf":null,"textQf":null,"attr":{"id":null,"name":"android.widget.LinearLayout","text":null,"desc":null,"clickable":false,"focusable":false,"checkable":false,"checked":false,"longClickable":false,"visibleToUser":true,"left":0,"top":1881,"right":1080,"bottom":2400,"width":1080,"height":519,"childCount":3,"index":1,"depth":4}},{"id":6,"pid":5,"index":0,"idQf":true,"textQf":true,"attr":{"id":"com.bilibili.app.in:id/title","name":"android.widget.TextView","text":"打开推送通知","desc":null,"clickable":false,"focusable":false,"checkable":false,"checked":false,"longClickable":false,"visibleToUser":true,"left":44,"top":1914,"right":1036,"bottom":1973,"width":992,"height":59,"childCount":0,"index":0,"depth":5}},{"id":7,"pid":5,"index":1,"idQf":true,"textQf":true,"attr":{"id":"com.bilibili.app.in:id/contents","name":"android.widget.TextView","text":"● 发现有趣视频 \n● 了解最新热点 \n● 秒收up主更新","desc":null,"clickable":false,"focusable":false,"checkable":false,"checked":false,"longClickable":false,"visibleToUser":true,"left":55,"top":1990,"right":1025,"bottom":2169,"width":970,"height":179,"childCount":0,"index":1,"depth":5}},{"id":8,"pid":5,"index":2,"idQf":null,"textQf":null,"attr":{"id":null,"name":"android.widget.LinearLayout","text":null,"desc":null,"clickable":false,"focusable":false,"checkable":false,"checked":false,"longClickable":false,"visibleToUser":true,"left":0,"top":2202,"right":1080,"bottom":2367,"width":1080,"height":165,"childCount":2,"index":2,"depth":5}},{"id":9,"pid":8,"index":0,"idQf":true,"textQf":true,"attr":{"id":"com.bilibili.app.in:id/close","name":"android.widget.TextView","text":"暂不","desc":null,"clickable":true,"focusable":true,"checkable":false,"checked":false,"longClickable":false,"visibleToUser":true,"left":44,"top":2224,"right":518,"bottom":2345,"width":474,"height":121,"childCount":0,"index":0,"depth":6}},{"id":10,"pid":8,"index":1,"idQf":true,"textQf":true,"attr":{"id":"com.bilibili.app.in:id/open","name":"android.widget.TextView","text":"去开启","desc":null,"clickable":true,"focusable":true,"checkable":false,"checked":false,"longClickable":false,"visibleToUser":true,"left":562,"top":2224,"right":1036,"bottom":2345,"width":474,"height":121,"childCount":0,"index":1,"depth":6}}]}