{"id":1701665201437,"appId":"moc.nauxuoyoaixoaix.www","activityId":"moc.nauxuoyoaixoaix.www.ui.activity.SplashActivity","appName":"晓晓优选","appVersionCode":20055,"appVersionName":"3.0.2","screenHeight":2712,"screenWidth":1220,"isLandscape":false,"gkdVersionCode":14,"gkdVersionName":"1.5.4","device":{"device":"diting","model":"22081212C","manufacturer":"Xiaomi","brand":"Redmi","sdkInt":33,"release":"13"},"nodes":[{"id":0,"pid":-1,"index":0,"idQf":null,"textQf":null,"attr":{"id":null,"name":"android.widget.FrameLayout","text":null,"desc":null,"clickable":false,"focusable":false,"checkable":false,"checked":false,"longClickable":false,"visibleToUser":true,"left":0,"top":0,"right":1220,"bottom":2712,"width":1220,"height":2712,"childCount":1,"index":0,"depth":0}},{"id":1,"pid":0,"index":0,"idQf":null,"textQf":null,"attr":{"id":null,"name":"android.widget.LinearLayout","text":null,"desc":null,"clickable":false,"focusable":false,"checkable":false,"checked":false,"longClickable":false,"visibleToUser":true,"left":0,"top":0,"right":1220,"bottom":2712,"width":1220,"height":2712,"childCount":1,"index":0,"depth":1}},{"id":2,"pid":1,"index":0,"idQf":null,"textQf":null,"attr":{"id":null,"name":"android.widget.FrameLayout","text":null,"desc":null,"clickable":false,"focusable":false,"checkable":false,"checked":false,"longClickable":false,"visibleToUser":true,"left":0,"top":0,"right":1220,"bottom":2712,"width":1220,"height":2712,"childCount":1,"index":0,"depth":2}},{"id":3,"pid":2,"index":0,"idQf":true,"textQf":null,"attr":{"id":"moc.nauxuoyoaixoaix.www:id/action_bar_root","name":"android.widget.LinearLayout","text":null,"desc":null,"clickable":false,"focusable":false,"checkable":false,"checked":false,"longClickable":false,"visibleToUser":true,"left":0,"top":0,"right":1220,"bottom":2712,"width":1220,"height":2712,"childCount":1,"index":0,"depth":3}},{"id":4,"pid":3,"index":0,"idQf":true,"textQf":null,"attr":{"id":"android:id/content","name":"android.widget.FrameLayout","text":null,"desc":null,"clickable":false,"focusable":false,"checkable":false,"checked":false,"longClickable":false,"visibleToUser":true,"left":0,"top":0,"right":1220,"bottom":2712,"width":1220,"height":2712,"childCount":1,"index":0,"depth":4}},{"id":5,"pid":4,"index":0,"idQf":null,"textQf":null,"attr":{"id":null,"name":"android.widget.RelativeLayout","text":null,"desc":null,"clickable":false,"focusable":false,"checkable":false,"checked":false,"longClickable":false,"visibleToUser":true,"left":0,"top":0,"right":1220,"bottom":2712,"width":1220,"height":2712,"childCount":5,"index":0,"depth":5}},{"id":6,"pid":5,"index":0,"idQf":null,"textQf":null,"attr":{"id":null,"name":"android.widget.ImageView","text":null,"desc":null,"clickable":false,"focusable":false,"checkable":false,"checked":false,"longClickable":false,"visibleToUser":true,"left":0,"top":0,"right":1220,"bottom":2712,"width":1220,"height":2712,"childCount":0,"index":0,"depth":6}},{"id":7,"pid":5,"index":1,"idQf":true,"textQf":null,"attr":{"id":"moc.nauxuoyoaixoaix.www:id/adsFl","name":"android.widget.FrameLayout","text":null,"desc":null,"clickable":false,"focusable":false,"checkable":false,"checked":false,"longClickable":false,"visibleToUser":true,"left":0,"top":0,"right":1220,"bottom":2712,"width":1220,"height":2712,"childCount":1,"index":1,"depth":6}},{"id":8,"pid":5,"index":2,"idQf":true,"textQf":null,"attr":{"id":"moc.nauxuoyoaixoaix.www:id/ic_logo","name":"android.widget.ImageView","text":null,"desc":null,"clickable":false,"focusable":false,"checkable":false,"checked":false,"longClickable":false,"visibleToUser":true,"left":424,"top":600,"right":796,"bottom":972,"width":372,"height":372,"childCount":0,"index":2,"depth":6}},{"id":9,"pid":5,"index":3,"idQf":null,"textQf":true,"attr":{"id":null,"name":"android.widget.TextView","text":"审核通过秒到账","desc":null,"clickable":false,"focusable":false,"checkable":false,"checked":false,"longClickable":false,"visibleToUser":true,"left":0,"top":972,"right":1220,"bottom":1056,"width":1220,"height":84,"childCount":0,"index":3,"depth":6}},{"id":10,"pid":5,"index":4,"idQf":null,"textQf":null,"attr":{"id":null,"name":"android.widget.ImageView","text":null,"desc":null,"clickable":false,"focusable":false,"checkable":false,"checked":false,"longClickable":false,"visibleToUser":true,"left":447,"top":2485,"right":773,"bottom":2562,"width":326,"height":77,"childCount":0,"index":4,"depth":6}},{"id":11,"pid":7,"index":0,"idQf":null,"textQf":null,"attr":{"id":null,"name":"android.widget.FrameLayout","text":null,"desc":null,"clickable":false,"focusable":false,"checkable":false,"checked":false,"longClickable":false,"visibleToUser":true,"left":0,"top":0,"right":1220,"bottom":2712,"width":1220,"height":2712,"childCount":1,"index":0,"depth":7}},{"id":12,"pid":11,"index":0,"idQf":null,"textQf":null,"attr":{"id":null,"name":"android.widget.FrameLayout","text":null,"desc":null,"clickable":false,"focusable":false,"checkable":false,"checked":false,"longClickable":false,"visibleToUser":true,"left":0,"top":0,"right":1220,"bottom":2712,"width":1220,"height":2712,"childCount":1,"index":0,"depth":8}},{"id":13,"pid":12,"index":0,"idQf":null,"textQf":null,"attr":{"id":null,"name":"android.widget.FrameLayout","text":null,"desc":null,"clickable":false,"focusable":false,"checkable":false,"checked":false,"longClickable":false,"visibleToUser":true,"left":0,"top":0,"right":1220,"bottom":2712,"width":1220,"height":2712,"childCount":2,"index":0,"depth":9}},{"id":14,"pid":13,"index":0,"idQf":null,"textQf":null,"attr":{"id":null,"name":"android.widget.FrameLayout","text":null,"desc":null,"clickable":false,"focusable":false,"checkable":false,"checked":false,"longClickable":false,"visibleToUser":false,"left":0,"top":0,"right":0,"bottom":0,"width":0,"height":0,"childCount":0,"index":0,"depth":10}},{"id":15,"pid":13,"index":1,"idQf":true,"textQf":null,"attr":{"id":"com.byted.pangle.m:id/tt_splash_view","name":"android.widget.FrameLayout","text":null,"desc":null,"clickable":false,"focusable":false,"checkable":false,"checked":false,"longClickable":false,"visibleToUser":true,"left":0,"top":0,"right":1220,"bottom":2712,"width":1220,"height":2712,"childCount":4,"index":1,"depth":10}},{"id":16,"pid":15,"index":0,"idQf":true,"textQf":null,"attr":{"id":"com.byted.pangle.m:id/tt_splash_express_container","name":"android.widget.FrameLayout","text":null,"desc":null,"clickable":false,"focusable":false,"checkable":false,"checked":false,"longClickable":false,"visibleToUser":true,"left":0,"top":0,"right":1220,"bottom":2712,"width":1220,"height":2712,"childCount":1,"index":0,"depth":11}},{"id":17,"pid":15,"index":1,"idQf":true,"textQf":null,"attr":{"id":"com.byted.pangle.m:id/tt_splash_video_ad_mute","name":"android.widget.ImageView","text":null,"desc":null,"clickable":true,"focusable":true,"checkable":false,"checked":false,"longClickable":false,"visibleToUser":true,"left":48,"top":136,"right":138,"bottom":226,"width":90,"height":90,"childCount":0,"index":1,"depth":11}},{"id":18,"pid":15,"index":2,"idQf":true,"textQf":null,"attr":{"id":"com.byted.pangle.m:id/tt_splash_skip_btn","name":"android.view.View","text":null,"desc":null,"clickable":true,"focusable":true,"checkable":false,"checked":false,"longClickable":false,"visibleToUser":true,"left":1052,"top":136,"right":1172,"bottom":256,"width":120,"height":120,"childCount":0,"index":2,"depth":11}},{"id":19,"pid":15,"index":3,"idQf":true,"textQf":null,"attr":{"id":"com.byted.pangle.m:id/tt_splash_ad_logo","name":"android.widget.TextView","text":null,"desc":null,"clickable":true,"focusable":true,"checkable":false,"checked":false,"longClickable":false,"visibleToUser":true,"left":60,"top":2550,"right":156,"bottom":2592,"width":96,"height":42,"childCount":0,"index":3,"depth":11}},{"id":20,"pid":16,"index":0,"idQf":null,"textQf":null,"attr":{"id":null,"name":"android.widget.FrameLayout","text":null,"desc":null,"clickable":false,"focusable":false,"checkable":false,"checked":false,"longClickable":false,"visibleToUser":true,"left":0,"top":0,"right":1220,"bottom":2712,"width":1220,"height":2712,"childCount":2,"index":0,"depth":12}},{"id":21,"pid":20,"index":0,"idQf":null,"textQf":null,"attr":{"id":null,"name":"android.widget.FrameLayout","text":null,"desc":null,"clickable":false,"focusable":false,"checkable":false,"checked":false,"longClickable":false,"visibleToUser":true,"left":0,"top":0,"right":1220,"bottom":2712,"width":1220,"height":2712,"childCount":1,"index":0,"depth":13}},{"id":22,"pid":20,"index":1,"idQf":null,"textQf":null,"attr":{"id":null,"name":"android.widget.FrameLayout","text":null,"desc":null,"clickable":false,"focusable":false,"checkable":false,"checked":false,"longClickable":false,"visibleToUser":true,"left":177,"top":564,"right":1044,"bottom":2106,"width":867,"height":1542,"childCount":1,"index":1,"depth":13}},{"id":23,"pid":22,"index":0,"idQf":null,"textQf":null,"attr":{"id":null,"name":"android.widget.FrameLayout","text":null,"desc":"NativeVideoAdView","clickable":true,"focusable":true,"checkable":false,"checked":false,"longClickable":false,"visibleToUser":true,"left":177,"top":564,"right":1044,"bottom":2106,"width":867,"height":1542,"childCount":1,"index":0,"depth":14}},{"id":24,"pid":23,"index":0,"idQf":true,"textQf":null,"attr":{"id":"com.byted.pangle.m:id/tt_native_video_layout","name":"android.widget.FrameLayout","text":null,"desc":null,"clickable":false,"focusable":false,"checkable":false,"checked":false,"longClickable":false,"visibleToUser":true,"left":177,"top":564,"right":1044,"bottom":2106,"width":867,"height":1542,"childCount":1,"index":0,"depth":15}},{"id":25,"pid":24,"index":0,"idQf":true,"textQf":null,"attr":{"id":"com.byted.pangle.m:id/tt_native_video_frame","name":"android.widget.FrameLayout","text":null,"desc":null,"clickable":false,"focusable":false,"checkable":false,"checked":false,"longClickable":false,"visibleToUser":true,"left":177,"top":564,"right":1044,"bottom":2106,"width":867,"height":1542,"childCount":1,"index":0,"depth":16}},{"id":26,"pid":25,"index":0,"idQf":true,"textQf":null,"attr":{"id":"com.byted.pangle.m:id/tt_root_view","name":"android.widget.RelativeLayout","text":null,"desc":null,"clickable":false,"focusable":false,"checkable":false,"checked":false,"longClickable":false,"visibleToUser":true,"left":177,"top":564,"right":1044,"bottom":2106,"width":867,"height":1542,"childCount":3,"index":0,"depth":17}},{"id":27,"pid":26,"index":0,"idQf":null,"textQf":null,"attr":{"id":null,"name":"android.view.View","text":null,"desc":null,"clickable":false,"focusable":false,"checkable":false,"checked":false,"longClickable":false,"visibleToUser":false,"left":177,"top":564,"right":177,"bottom":564,"width":0,"height":0,"childCount":0,"index":0,"depth":18}},{"id":28,"pid":26,"index":1,"idQf":null,"textQf":null,"attr":{"id":null,"name":"android.view.View","text":null,"desc":null,"clickable":false,"focusable":false,"checkable":false,"checked":false,"longClickable":false,"visibleToUser":true,"left":177,"top":564,"right":1044,"bottom":2106,"width":867,"height":1542,"childCount":0,"index":1,"depth":18}},{"id":29,"pid":26,"index":2,"idQf":true,"textQf":null,"attr":{"id":"com.byted.pangle.m:id/tt_video_progress","name":"android.widget.ProgressBar","text":null,"desc":null,"clickable":false,"focusable":false,"checkable":false,"checked":false,"longClickable":false,"visibleToUser":true,"left":177,"top":2102,"right":1044,"bottom":2106,"width":867,"height":4,"childCount":0,"index":2,"depth":18}},{"id":30,"pid":21,"index":0,"idQf":null,"textQf":null,"attr":{"id":null,"name":"android.widget.FrameLayout","text":null,"desc":"root:root:0:0","clickable":true,"focusable":true,"checkable":false,"checked":false,"longClickable":false,"visibleToUser":true,"left":0,"top":0,"right":1220,"bottom":2625,"width":1220,"height":2625,"childCount":4,"index":0,"depth":14}},{"id":31,"pid":30,"index":0,"idQf":null,"textQf":null,"attr":{"id":null,"name":"android.widget.FrameLayout","text":null,"desc":null,"clickable":false,"focusable":false,"checkable":false,"checked":false,"longClickable":false,"visibleToUser":true,"left":0,"top":0,"right":1220,"bottom":2625,"width":1220,"height":2625,"childCount":1,"index":0,"depth":15}},{"id":32,"pid":30,"index":1,"idQf":null,"textQf":null,"attr":{"id":null,"name":"android.widget.FrameLayout","text":null,"desc":"source:24981e:0:0","clickable":false,"focusable":false,"checkable":false,"checked":false,"longClickable":false,"visibleToUser":true,"left":459,"top":240,"right":762,"bottom":348,"width":303,"height":108,"childCount":1,"index":1,"depth":15}},{"id":33,"pid":30,"index":2,"idQf":null,"textQf":null,"attr":{"id":null,"name":"android.widget.FrameLayout","text":null,"desc":"title:b692dd:0:0","clickable":false,"focusable":false,"checkable":false,"checked":false,"longClickable":false,"visibleToUser":true,"left":0,"top":414,"right":1220,"bottom":480,"width":1220,"height":66,"childCount":1,"index":2,"depth":15}},{"id":34,"pid":30,"index":3,"idQf":null,"textQf":null,"attr":{"id":null,"name":"android.widget.FrameLayout","text":null,"desc":"video-vd:008336:0:0","clickable":false,"focusable":false,"checkable":false,"checked":false,"longClickable":false,"visibleToUser":true,"left":177,"top":564,"right":1044,"bottom":2106,"width":867,"height":1542,"childCount":2,"index":3,"depth":15}},{"id":35,"pid":34,"index":0,"idQf":null,"textQf":null,"attr":{"id":null,"name":"android.view.View","text":null,"desc":null,"clickable":true,"focusable":true,"checkable":false,"checked":false,"longClickable":false,"visibleToUser":true,"left":177,"top":564,"right":1044,"bottom":2106,"width":867,"height":1542,"childCount":0,"index":0,"depth":16}},{"id":36,"pid":34,"index":1,"idQf":null,"textQf":null,"attr":{"id":null,"name":"android.widget.FrameLayout","text":null,"desc":null,"clickable":false,"focusable":false,"checkable":false,"checked":false,"longClickable":false,"visibleToUser":true,"left":177,"top":564,"right":1044,"bottom":2106,"width":867,"height":1542,"childCount":0,"index":1,"depth":16}},{"id":37,"pid":33,"index":0,"idQf":null,"textQf":true,"attr":{"id":null,"name":"android.widget.TextView","text":"女帝被追杀，无意掉出杂役送的戒指，神魔仙三界至尊竟当场跪拜","desc":null,"clickable":true,"focusable":true,"checkable":false,"checked":false,"longClickable":false,"visibleToUser":true,"left":0,"top":414,"right":1220,"bottom":480,"width":1220,"height":66,"childCount":0,"index":0,"depth":16}},{"id":38,"pid":32,"index":0,"idQf":null,"textQf":true,"attr":{"id":null,"name":"android.widget.TextView","text":"起点读书","desc":null,"clickable":true,"focusable":true,"checkable":false,"checked":false,"longClickable":false,"visibleToUser":true,"left":459,"top":240,"right":762,"bottom":348,"width":303,"height":108,"childCount":0,"index":0,"depth":16}},{"id":39,"pid":31,"index":0,"idQf":null,"textQf":null,"attr":{"id":null,"name":"android.widget.LinearLayout","text":null,"desc":null,"clickable":false,"focusable":false,"checkable":false,"checked":false,"longClickable":false,"visibleToUser":true,"left":0,"top":391,"right":1220,"bottom":2625,"width":1220,"height":2234,"childCount":1,"index":0,"depth":16}},{"id":40,"pid":39,"index":0,"idQf":null,"textQf":null,"attr":{"id":null,"name":"android.widget.LinearLayout","text":null,"desc":null,"clickable":false,"focusable":false,"checkable":false,"checked":false,"longClickable":false,"visibleToUser":true,"left":358,"top":1448,"right":862,"bottom":1958,"width":504,"height":510,"childCount":3,"index":0,"depth":17}},{"id":41,"pid":40,"index":0,"idQf":true,"textQf":null,"attr":{"id":"com.byted.pangle.m:id/tt_hand_container","name":"android.widget.LinearLayout","text":null,"desc":null,"clickable":true,"focusable":true,"checkable":false,"checked":false,"longClickable":false,"visibleToUser":true,"left":520,"top":1613,"right":700,"bottom":1793,"width":180,"height":180,"childCount":1,"index":0,"depth":18}},{"id":42,"pid":40,"index":1,"idQf":true,"textQf":true,"attr":{"id":"com.byted.pangle.m:id/tt_splash_rock_top_text","name":"android.widget.TextView","text":"摇一摇 或 点击图标","desc":null,"clickable":false,"focusable":false,"checkable":false,"checked":false,"longClickable":false,"visibleToUser":true,"left":378,"top":1829,"right":842,"bottom":1902,"width":464,"height":73,"childCount":0,"index":1,"depth":18}},{"id":43,"pid":40,"index":2,"idQf":true,"textQf":true,"attr":{"id":"com.byted.pangle.m:id/tt_splash_rock_text","name":"android.widget.TextView","text":"跳转至详情页或第三方应用","desc":null,"clickable":false,"focusable":false,"checkable":false,"checked":false,"longClickable":false,"visibleToUser":true,"left":358,"top":1902,"right":862,"bottom":1958,"width":504,"height":56,"childCount":0,"index":2,"depth":18}},{"id":44,"pid":41,"index":0,"idQf":true,"textQf":null,"attr":{"id":"com.byted.pangle.m:id/tt_splash_rock_img","name":"android.widget.ImageView","text":null,"desc":null,"clickable":false,"focusable":false,"checkable":false,"checked":false,"longClickable":false,"visibleToUser":true,"left":520,"top":1613,"right":700,"bottom":1793,"width":180,"height":180,"childCount":0,"index":0,"depth":19}}]}