{"id":1701872605719,"appId":"client.android.yixiaotong","activityId":null,"appName":"乐校通","appVersionCode":1373,"appVersionName":"3.7.3","screenHeight":2400,"screenWidth":1080,"isLandscape":false,"gkdVersionCode":14,"gkdVersionName":"1.5.4","device":{"device":"fuxi","model":"2211133C","manufacturer":"Xiaomi","brand":"Xiaomi","sdkInt":34,"release":"14"},"nodes":[{"id":0,"pid":-1,"index":0,"idQf":null,"textQf":null,"attr":{"id":null,"name":"android.widget.FrameLayout","text":null,"desc":null,"clickable":false,"focusable":false,"checkable":false,"checked":false,"longClickable":false,"visibleToUser":true,"left":0,"top":104,"right":1080,"bottom":2356,"width":1080,"height":2252,"childCount":1,"index":0,"depth":0}},{"id":1,"pid":0,"index":0,"idQf":null,"textQf":null,"attr":{"id":null,"name":"android.widget.FrameLayout","text":null,"desc":null,"clickable":false,"focusable":false,"checkable":false,"checked":false,"longClickable":false,"visibleToUser":true,"left":0,"top":104,"right":1080,"bottom":2356,"width":1080,"height":2252,"childCount":1,"index":0,"depth":1}},{"id":2,"pid":1,"index":0,"idQf":true,"textQf":null,"attr":{"id":"android:id/content","name":"android.widget.FrameLayout","text":null,"desc":null,"clickable":false,"focusable":false,"checkable":false,"checked":false,"longClickable":false,"visibleToUser":true,"left":0,"top":104,"right":1080,"bottom":2356,"width":1080,"height":2252,"childCount":1,"index":0,"depth":2}},{"id":3,"pid":2,"index":0,"idQf":null,"textQf":null,"attr":{"id":null,"name":"android.widget.FrameLayout","text":null,"desc":null,"clickable":false,"focusable":false,"checkable":false,"checked":false,"longClickable":false,"visibleToUser":true,"left":0,"top":104,"right":1080,"bottom":2356,"width":1080,"height":2252,"childCount":1,"index":0,"depth":3}},{"id":4,"pid":3,"index":0,"idQf":null,"textQf":null,"attr":{"id":null,"name":"android.widget.FrameLayout","text":null,"desc":null,"clickable":false,"focusable":false,"checkable":false,"checked":false,"longClickable":false,"visibleToUser":true,"left":0,"top":104,"right":1080,"bottom":2356,"width":1080,"height":2252,"childCount":1,"index":0,"depth":4}},{"id":5,"pid":4,"index":0,"idQf":true,"textQf":null,"attr":{"id":"client.android.yixiaotong:id/ksad_container","name":"android.widget.FrameLayout","text":null,"desc":null,"clickable":false,"focusable":false,"checkable":false,"checked":false,"longClickable":false,"visibleToUser":true,"left":0,"top":104,"right":1080,"bottom":2356,"width":1080,"height":2252,"childCount":2,"index":0,"depth":5}},{"id":6,"pid":5,"index":0,"idQf":true,"textQf":null,"attr":{"id":"client.android.yixiaotong:id/ksad_video_container","name":"android.widget.FrameLayout","text":null,"desc":null,"clickable":true,"focusable":true,"checkable":false,"checked":false,"longClickable":false,"visibleToUser":true,"left":0,"top":104,"right":1080,"bottom":2356,"width":1080,"height":2252,"childCount":1,"index":0,"depth":6}},{"id":7,"pid":5,"index":1,"idQf":true,"textQf":null,"attr":{"id":"client.android.yixiaotong:id/ksad_tk_view","name":"android.widget.FrameLayout","text":null,"desc":null,"clickable":false,"focusable":false,"checkable":false,"checked":false,"longClickable":false,"visibleToUser":true,"left":0,"top":104,"right":1080,"bottom":2356,"width":1080,"height":2252,"childCount":1,"index":1,"depth":6}},{"id":8,"pid":7,"index":0,"idQf":null,"textQf":null,"attr":{"id":null,"name":"android.widget.FrameLayout","text":null,"desc":null,"clickable":false,"focusable":false,"checkable":false,"checked":false,"longClickable":false,"visibleToUser":true,"left":0,"top":104,"right":1080,"bottom":2356,"width":1080,"height":2252,"childCount":1,"index":0,"depth":7}},{"id":9,"pid":8,"index":0,"idQf":null,"textQf":null,"attr":{"id":null,"name":"android.view.ViewGroup","text":null,"desc":null,"clickable":false,"focusable":false,"checkable":false,"checked":false,"longClickable":false,"visibleToUser":true,"left":0,"top":104,"right":1080,"bottom":2356,"width":1080,"height":2252,"childCount":1,"index":0,"depth":8}},{"id":10,"pid":9,"index":0,"idQf":null,"textQf":null,"attr":{"id":null,"name":"android.view.ViewGroup","text":null,"desc":null,"clickable":false,"focusable":false,"checkable":false,"checked":false,"longClickable":false,"visibleToUser":true,"left":0,"top":104,"right":1080,"bottom":2356,"width":1080,"height":2252,"childCount":1,"index":0,"depth":9}},{"id":11,"pid":10,"index":0,"idQf":null,"textQf":null,"attr":{"id":null,"name":"android.view.ViewGroup","text":null,"desc":null,"clickable":false,"focusable":false,"checkable":false,"checked":false,"longClickable":false,"visibleToUser":true,"left":0,"top":104,"right":1080,"bottom":2356,"width":1080,"height":2252,"childCount":3,"index":0,"depth":10}},{"id":12,"pid":11,"index":0,"idQf":null,"textQf":null,"attr":{"id":null,"name":"android.view.ViewGroup","text":null,"desc":null,"clickable":false,"focusable":false,"checkable":false,"checked":false,"longClickable":false,"visibleToUser":true,"left":0,"top":104,"right":1080,"bottom":2356,"width":1080,"height":2252,"childCount":1,"index":0,"depth":11}},{"id":13,"pid":11,"index":1,"idQf":null,"textQf":null,"attr":{"id":null,"name":"android.view.ViewGroup","text":null,"desc":null,"clickable":false,"focusable":false,"checkable":false,"checked":false,"longClickable":false,"visibleToUser":true,"left":108,"top":461,"right":972,"bottom":1999,"width":864,"height":1538,"childCount":1,"index":1,"depth":11}},{"id":14,"pid":11,"index":2,"idQf":null,"textQf":null,"attr":{"id":null,"name":"android.view.ViewGroup","text":null,"desc":null,"clickable":false,"focusable":false,"checkable":false,"checked":false,"longClickable":false,"visibleToUser":true,"left":0,"top":2136,"right":1080,"bottom":2356,"width":1080,"height":220,"childCount":0,"index":2,"depth":11}},{"id":15,"pid":13,"index":0,"idQf":null,"textQf":null,"attr":{"id":null,"name":"android.view.ViewGroup","text":null,"desc":null,"clickable":false,"focusable":false,"checkable":false,"checked":false,"longClickable":false,"visibleToUser":true,"left":108,"top":461,"right":972,"bottom":1999,"width":864,"height":1538,"childCount":1,"index":0,"depth":12}},{"id":16,"pid":15,"index":0,"idQf":null,"textQf":null,"attr":{"id":null,"name":"android.view.ViewGroup","text":null,"desc":null,"clickable":false,"focusable":false,"checkable":false,"checked":false,"longClickable":false,"visibleToUser":true,"left":108,"top":461,"right":972,"bottom":1999,"width":864,"height":1538,"childCount":5,"index":0,"depth":13}},{"id":17,"pid":16,"index":0,"idQf":null,"textQf":null,"attr":{"id":null,"name":"android.widget.FrameLayout","text":null,"desc":null,"clickable":true,"focusable":true,"checkable":false,"checked":false,"longClickable":false,"visibleToUser":true,"left":108,"top":461,"right":972,"bottom":1999,"width":864,"height":1538,"childCount":1,"index":0,"depth":14}},{"id":18,"pid":16,"index":1,"idQf":null,"textQf":null,"attr":{"id":null,"name":"android.view.ViewGroup","text":null,"desc":null,"clickable":false,"focusable":false,"checkable":false,"checked":false,"longClickable":false,"visibleToUser":true,"left":141,"top":494,"right":262,"bottom":571,"width":121,"height":77,"childCount":1,"index":1,"depth":14}},{"id":19,"pid":16,"index":2,"idQf":null,"textQf":null,"attr":{"id":null,"name":"android.widget.ImageView","text":null,"desc":null,"clickable":true,"focusable":true,"checkable":false,"checked":false,"longClickable":false,"visibleToUser":true,"left":862,"top":494,"right":939,"bottom":571,"width":77,"height":77,"childCount":0,"index":2,"depth":14}},{"id":20,"pid":16,"index":3,"idQf":null,"textQf":null,"attr":{"id":null,"name":"android.view.ViewGroup","text":null,"desc":null,"clickable":false,"focusable":false,"checkable":false,"checked":false,"longClickable":false,"visibleToUser":true,"left":130,"top":1745,"right":244,"bottom":1789,"width":114,"height":44,"childCount":2,"index":3,"depth":14}},{"id":21,"pid":16,"index":4,"idQf":null,"textQf":null,"attr":{"id":null,"name":"android.view.ViewGroup","text":null,"desc":null,"clickable":true,"focusable":true,"checkable":false,"checked":false,"longClickable":false,"visibleToUser":true,"left":108,"top":1806,"right":972,"bottom":1999,"width":864,"height":193,"childCount":2,"index":4,"depth":14}},{"id":22,"pid":21,"index":0,"idQf":null,"textQf":null,"attr":{"id":null,"name":"android.view.ViewGroup","text":null,"desc":null,"clickable":false,"focusable":false,"checkable":false,"checked":false,"longClickable":false,"visibleToUser":true,"left":136,"top":1839,"right":687,"bottom":1966,"width":551,"height":127,"childCount":2,"index":0,"depth":15}},{"id":23,"pid":21,"index":1,"idQf":null,"textQf":null,"attr":{"id":null,"name":"android.view.ViewGroup","text":null,"desc":null,"clickable":true,"focusable":true,"checkable":false,"checked":false,"longClickable":false,"visibleToUser":true,"left":703,"top":1853,"right":945,"bottom":1952,"width":242,"height":99,"childCount":1,"index":1,"depth":15}},{"id":24,"pid":23,"index":0,"idQf":null,"textQf":true,"attr":{"id":null,"name":"android.widget.TextView","text":"立即阅读","desc":null,"clickable":false,"focusable":false,"checkable":false,"checked":false,"longClickable":false,"visibleToUser":true,"left":748,"top":1876,"right":900,"bottom":1928,"width":152,"height":52,"childCount":0,"index":0,"depth":16}},{"id":25,"pid":22,"index":0,"idQf":null,"textQf":null,"attr":{"id":null,"name":"android.view.ViewGroup","text":null,"desc":null,"clickable":false,"focusable":false,"checkable":false,"checked":false,"longClickable":false,"visibleToUser":true,"left":136,"top":1839,"right":433,"bottom":1905,"width":297,"height":66,"childCount":2,"index":0,"depth":16}},{"id":26,"pid":22,"index":1,"idQf":null,"textQf":true,"attr":{"id":null,"name":"android.widget.TextView","text":"读好书，来途书馆","desc":null,"clickable":true,"focusable":true,"checkable":false,"checked":false,"longClickable":false,"visibleToUser":true,"left":136,"top":1918,"right":400,"bottom":1966,"width":264,"height":48,"childCount":0,"index":1,"depth":16}},{"id":27,"pid":25,"index":0,"idQf":null,"textQf":null,"attr":{"id":null,"name":"android.widget.ImageView","text":null,"desc":null,"clickable":true,"focusable":true,"checkable":false,"checked":false,"longClickable":false,"visibleToUser":true,"left":136,"top":1839,"right":202,"bottom":1905,"width":66,"height":66,"childCount":0,"index":0,"depth":17}},{"id":28,"pid":25,"index":1,"idQf":null,"textQf":true,"attr":{"id":null,"name":"android.widget.TextView","text":"途书馆","desc":null,"clickable":true,"focusable":true,"checkable":false,"checked":false,"longClickable":false,"visibleToUser":true,"left":218,"top":1842,"right":350,"bottom":1901,"width":132,"height":59,"childCount":0,"index":1,"depth":17}},{"id":29,"pid":20,"index":0,"idQf":null,"textQf":null,"attr":{"id":null,"name":"android.widget.ImageView","text":null,"desc":null,"clickable":false,"focusable":false,"checkable":false,"checked":false,"longClickable":false,"visibleToUser":true,"left":138,"top":1750,"right":171,"bottom":1783,"width":33,"height":33,"childCount":0,"index":0,"depth":15}},{"id":30,"pid":20,"index":1,"idQf":null,"textQf":true,"attr":{"id":null,"name":"android.widget.TextView","text":"广告","desc":null,"clickable":false,"focusable":false,"checkable":false,"checked":false,"longClickable":false,"visibleToUser":true,"left":182,"top":1748,"right":236,"bottom":1785,"width":54,"height":37,"childCount":0,"index":1,"depth":15}},{"id":31,"pid":18,"index":0,"idQf":null,"textQf":null,"attr":{"id":null,"name":"android.view.ViewGroup","text":null,"desc":null,"clickable":true,"focusable":true,"checkable":false,"checked":false,"longClickable":false,"visibleToUser":true,"left":141,"top":494,"right":218,"bottom":571,"width":77,"height":77,"childCount":1,"index":0,"depth":15}},{"id":32,"pid":31,"index":0,"idQf":null,"textQf":null,"attr":{"id":null,"name":"android.widget.ImageView","text":null,"desc":null,"clickable":false,"focusable":false,"checkable":false,"checked":false,"longClickable":false,"visibleToUser":true,"left":165,"top":518,"right":193,"bottom":546,"width":28,"height":28,"childCount":0,"index":0,"depth":16}},{"id":33,"pid":17,"index":0,"idQf":null,"textQf":null,"attr":{"id":null,"name":"android.widget.FrameLayout","text":null,"desc":null,"clickable":false,"focusable":false,"checkable":false,"checked":false,"longClickable":false,"visibleToUser":true,"left":108,"top":461,"right":972,"bottom":1999,"width":864,"height":1538,"childCount":1,"index":0,"depth":15}},{"id":34,"pid":33,"index":0,"idQf":null,"textQf":null,"attr":{"id":null,"name":"android.view.View","text":null,"desc":null,"clickable":false,"focusable":false,"checkable":false,"checked":false,"longClickable":false,"visibleToUser":true,"left":108,"top":461,"right":972,"bottom":1999,"width":864,"height":1538,"childCount":0,"index":0,"depth":16}},{"id":35,"pid":12,"index":0,"idQf":null,"textQf":null,"attr":{"id":null,"name":"android.view.ViewGroup","text":null,"desc":null,"clickable":false,"focusable":false,"checkable":false,"checked":false,"longClickable":false,"visibleToUser":true,"left":0,"top":104,"right":1080,"bottom":2356,"width":1080,"height":2252,"childCount":0,"index":0,"depth":12}},{"id":36,"pid":6,"index":0,"idQf":true,"textQf":null,"attr":{"id":"client.android.yixiaotong:id/ksad_video_first_frame_container","name":"android.widget.ImageView","text":null,"desc":null,"clickable":true,"focusable":true,"checkable":false,"checked":false,"longClickable":false,"visibleToUser":true,"left":0,"top":104,"right":1080,"bottom":2356,"width":1080,"height":2252,"childCount":0,"index":0,"depth":7}}]}