{"id":1701961157701,"appId":"com.fan.app","activityId":"com.mvc.activity.HomepageActivity2","appName":"十六番旅行","appVersionCode":20231101,"appVersionName":"8.8.0","screenHeight":2720,"screenWidth":1260,"isLandscape":false,"gkdVersionCode":14,"gkdVersionName":"1.5.4","device":{"device":"HWALN","model":"ALN-AL00","manufacturer":"HUAWEI","brand":"HUAWEI","sdkInt":31,"release":"12"},"nodes":[{"id":0,"pid":-1,"index":0,"idQf":null,"textQf":null,"attr":{"id":null,"name":"android.widget.FrameLayout","text":null,"desc":null,"clickable":false,"focusable":false,"checkable":false,"checked":false,"longClickable":false,"visibleToUser":true,"left":229,"top":851,"right":1031,"bottom":1999,"width":802,"height":1148,"childCount":1,"index":0,"depth":0}},{"id":1,"pid":0,"index":0,"idQf":null,"textQf":null,"attr":{"id":null,"name":"android.widget.FrameLayout","text":null,"desc":null,"clickable":false,"focusable":false,"checkable":false,"checked":false,"longClickable":false,"visibleToUser":true,"left":229,"top":851,"right":1031,"bottom":1999,"width":802,"height":1148,"childCount":1,"index":0,"depth":1}},{"id":2,"pid":1,"index":0,"idQf":true,"textQf":null,"attr":{"id":"android:id/content","name":"android.widget.FrameLayout","text":null,"desc":null,"clickable":false,"focusable":false,"checkable":false,"checked":false,"longClickable":false,"visibleToUser":true,"left":229,"top":851,"right":1031,"bottom":1999,"width":802,"height":1148,"childCount":1,"index":0,"depth":2}},{"id":3,"pid":2,"index":0,"idQf":null,"textQf":null,"attr":{"id":null,"name":"android.widget.RelativeLayout","text":null,"desc":null,"clickable":false,"focusable":false,"checkable":false,"checked":false,"longClickable":false,"visibleToUser":true,"left":229,"top":851,"right":1031,"bottom":1999,"width":802,"height":1148,"childCount":2,"index":0,"depth":3}},{"id":4,"pid":3,"index":0,"idQf":true,"textQf":null,"attr":{"id":"com.fan.app:id/rl_top_all","name":"android.widget.RelativeLayout","text":null,"desc":null,"clickable":false,"focusable":false,"checkable":false,"checked":false,"longClickable":false,"visibleToUser":true,"left":229,"top":851,"right":1031,"bottom":1761,"width":802,"height":910,"childCount":4,"index":0,"depth":4}},{"id":5,"pid":3,"index":1,"idQf":true,"textQf":null,"attr":{"id":"com.fan.app:id/img_open_notify_gesture","name":"android.widget.ImageView","text":null,"desc":null,"clickable":true,"focusable":true,"checkable":false,"checked":false,"longClickable":false,"visibleToUser":true,"left":787,"top":1790,"right":916,"bottom":1999,"width":129,"height":209,"childCount":0,"index":1,"depth":4}},{"id":6,"pid":4,"index":0,"idQf":true,"textQf":null,"attr":{"id":"com.fan.app:id/img_nj","name":"android.widget.ImageView","text":null,"desc":null,"clickable":false,"focusable":false,"checkable":false,"checked":false,"longClickable":false,"visibleToUser":true,"left":229,"top":851,"right":1031,"bottom":1323,"width":802,"height":472,"childCount":0,"index":0,"depth":5}},{"id":7,"pid":4,"index":1,"idQf":true,"textQf":true,"attr":{"id":"com.fan.app:id/tv_nj_des","name":"android.widget.TextView","text":"开启通知\n第一时间获得特价信息","desc":null,"clickable":false,"focusable":false,"checkable":false,"checked":false,"longClickable":false,"visibleToUser":true,"left":229,"top":1323,"right":1031,"bottom":1595,"width":802,"height":272,"childCount":0,"index":1,"depth":5}},{"id":8,"pid":4,"index":2,"idQf":true,"textQf":null,"attr":{"id":"com.fan.app:id/tv_nj_divider1","name":"android.widget.TextView","text":null,"desc":null,"clickable":false,"focusable":false,"checkable":false,"checked":false,"longClickable":false,"visibleToUser":true,"left":229,"top":1595,"right":1031,"bottom":1598,"width":802,"height":3,"childCount":0,"index":2,"depth":5}},{"id":9,"pid":4,"index":3,"idQf":true,"textQf":null,"attr":{"id":"com.fan.app:id/linearLayout_nj","name":"android.widget.LinearLayout","text":null,"desc":null,"clickable":false,"focusable":false,"checkable":false,"checked":false,"longClickable":false,"visibleToUser":true,"left":229,"top":1598,"right":1031,"bottom":1761,"width":802,"height":163,"childCount":3,"index":3,"depth":5}},{"id":10,"pid":9,"index":0,"idQf":true,"textQf":true,"attr":{"id":"com.fan.app:id/tv_nj_later","name":"android.widget.TextView","text":"以后再说","desc":null,"clickable":true,"focusable":true,"checkable":false,"checked":false,"longClickable":false,"visibleToUser":true,"left":229,"top":1598,"right":628,"bottom":1761,"width":399,"height":163,"childCount":0,"index":0,"depth":6}},{"id":11,"pid":9,"index":1,"idQf":null,"textQf":null,"attr":{"id":null,"name":"android.widget.TextView","text":null,"desc":null,"clickable":false,"focusable":false,"checkable":false,"checked":false,"longClickable":false,"visibleToUser":true,"left":628,"top":1598,"right":631,"bottom":1761,"width":3,"height":163,"childCount":0,"index":1,"depth":6}},{"id":12,"pid":9,"index":2,"idQf":true,"textQf":true,"attr":{"id":"com.fan.app:id/tv_nj_now","name":"android.widget.TextView","text":"立即开启","desc":null,"clickable":true,"focusable":true,"checkable":false,"checked":false,"longClickable":false,"visibleToUser":true,"left":631,"top":1598,"right":1031,"bottom":1761,"width":400,"height":163,"childCount":0,"index":2,"depth":6}}]}