{"id":1701614177403,"appId":"cn.ccspeed","activityId":"cn.ccspeed.app.MainActivity","appName":"CC加速器","appVersionCode":2023080310,"appVersionName":"2.7","screenHeight":2400,"screenWidth":1080,"isLandscape":false,"gkdVersionCode":14,"gkdVersionName":"1.5.4","device":{"device":"PD2154","model":"V2154A","manufacturer":"vivo","brand":"vivo","sdkInt":33,"release":"13"},"nodes":[{"id":0,"pid":-1,"index":0,"idQf":null,"textQf":null,"attr":{"id":null,"name":"android.widget.FrameLayout","text":null,"desc":null,"clickable":false,"focusable":false,"checkable":false,"checked":false,"longClickable":false,"visibleToUser":true,"left":0,"top":0,"right":1080,"bottom":2400,"width":1080,"height":2400,"childCount":2,"index":0,"depth":0}},{"id":1,"pid":0,"index":0,"idQf":null,"textQf":null,"attr":{"id":null,"name":"android.widget.LinearLayout","text":null,"desc":null,"clickable":false,"focusable":false,"checkable":false,"checked":false,"longClickable":false,"visibleToUser":true,"left":0,"top":0,"right":1080,"bottom":2400,"width":1080,"height":2400,"childCount":1,"index":0,"depth":1}},{"id":2,"pid":0,"index":1,"idQf":true,"textQf":null,"attr":{"id":"android:id/statusBarBackground","name":"android.view.View","text":null,"desc":null,"clickable":false,"focusable":false,"checkable":false,"checked":false,"longClickable":false,"visibleToUser":false,"left":0,"top":0,"right":1080,"bottom":84,"width":1080,"height":84,"childCount":0,"index":1,"depth":1}},{"id":3,"pid":1,"index":0,"idQf":null,"textQf":null,"attr":{"id":null,"name":"android.widget.FrameLayout","text":null,"desc":null,"clickable":false,"focusable":false,"checkable":false,"checked":false,"longClickable":false,"visibleToUser":true,"left":0,"top":0,"right":1080,"bottom":2400,"width":1080,"height":2400,"childCount":1,"index":0,"depth":2}},{"id":4,"pid":3,"index":0,"idQf":true,"textQf":null,"attr":{"id":"cn.ccspeed:id/action_bar_root","name":"android.widget.LinearLayout","text":null,"desc":null,"clickable":false,"focusable":false,"checkable":false,"checked":false,"longClickable":false,"visibleToUser":true,"left":0,"top":0,"right":1080,"bottom":2400,"width":1080,"height":2400,"childCount":1,"index":0,"depth":3}},{"id":5,"pid":4,"index":0,"idQf":true,"textQf":null,"attr":{"id":"android:id/content","name":"android.widget.FrameLayout","text":null,"desc":null,"clickable":false,"focusable":false,"checkable":false,"checked":false,"longClickable":false,"visibleToUser":true,"left":0,"top":0,"right":1080,"bottom":2400,"width":1080,"height":2400,"childCount":1,"index":0,"depth":4}},{"id":6,"pid":5,"index":0,"idQf":null,"textQf":null,"attr":{"id":null,"name":"android.widget.RelativeLayout","text":null,"desc":null,"clickable":false,"focusable":false,"checkable":false,"checked":false,"longClickable":false,"visibleToUser":true,"left":0,"top":0,"right":1080,"bottom":2400,"width":1080,"height":2400,"childCount":2,"index":0,"depth":5}},{"id":7,"pid":6,"index":0,"idQf":null,"textQf":null,"attr":{"id":null,"name":"android.widget.LinearLayout","text":null,"desc":null,"clickable":false,"focusable":false,"checkable":false,"checked":false,"longClickable":false,"visibleToUser":true,"left":0,"top":0,"right":1080,"bottom":2400,"width":1080,"height":2400,"childCount":2,"index":0,"depth":6}},{"id":8,"pid":6,"index":1,"idQf":true,"textQf":null,"attr":{"id":"cn.ccspeed:id/float_layout","name":"android.widget.FrameLayout","text":null,"desc":null,"clickable":false,"focusable":false,"checkable":false,"checked":false,"longClickable":false,"visibleToUser":true,"left":829,"top":1813,"right":1065,"bottom":2016,"width":236,"height":203,"childCount":2,"index":1,"depth":6}},{"id":9,"pid":8,"index":0,"idQf":null,"textQf":null,"attr":{"id":null,"name":"android.widget.ImageView","text":null,"desc":null,"clickable":false,"focusable":false,"checkable":false,"checked":false,"longClickable":false,"visibleToUser":true,"left":998,"top":1813,"right":1047,"bottom":1862,"width":49,"height":49,"childCount":0,"index":0,"depth":7}},{"id":10,"pid":8,"index":1,"idQf":true,"textQf":null,"attr":{"id":"cn.ccspeed:id/iv_float","name":"android.widget.ImageView","text":null,"desc":null,"clickable":false,"focusable":false,"checkable":false,"checked":false,"longClickable":false,"visibleToUser":true,"left":829,"top":1864,"right":1065,"bottom":2016,"width":236,"height":152,"childCount":0,"index":1,"depth":7}},{"id":11,"pid":7,"index":0,"idQf":true,"textQf":null,"attr":{"id":"cn.ccspeed:id/layout_viewpager","name":"androidx.viewpager.widget.ViewPager","text":null,"desc":null,"clickable":false,"focusable":true,"checkable":false,"checked":false,"longClickable":false,"visibleToUser":true,"left":0,"top":0,"right":1080,"bottom":2250,"width":1080,"height":2250,"childCount":3,"index":0,"depth":7}},{"id":12,"pid":7,"index":1,"idQf":true,"textQf":null,"attr":{"id":"cn.ccspeed:id/fragment_main_tab","name":"android.widget.LinearLayout","text":null,"desc":null,"clickable":false,"focusable":false,"checkable":false,"checked":false,"longClickable":false,"visibleToUser":true,"left":0,"top":2250,"right":1080,"bottom":2400,"width":1080,"height":150,"childCount":3,"index":1,"depth":7}},{"id":13,"pid":12,"index":0,"idQf":true,"textQf":true,"attr":{"id":"cn.ccspeed:id/layout_main_tab_home","name":"android.widget.TextView","text":"游戏","desc":null,"clickable":true,"focusable":true,"checkable":false,"checked":false,"longClickable":false,"visibleToUser":true,"left":0,"top":2265,"right":360,"bottom":2384,"width":360,"height":119,"childCount":0,"index":0,"depth":8}},{"id":14,"pid":12,"index":1,"idQf":true,"textQf":true,"attr":{"id":"cn.ccspeed:id/layout_main_tab_speed","name":"android.widget.TextView","text":"加速","desc":null,"clickable":true,"focusable":true,"checkable":false,"checked":false,"longClickable":false,"visibleToUser":true,"left":360,"top":2265,"right":720,"bottom":2384,"width":360,"height":119,"childCount":0,"index":1,"depth":8}},{"id":15,"pid":12,"index":2,"idQf":true,"textQf":true,"attr":{"id":"cn.ccspeed:id/layout_main_tab_user","name":"android.widget.TextView","text":"我的","desc":null,"clickable":true,"focusable":true,"checkable":false,"checked":false,"longClickable":false,"visibleToUser":true,"left":720,"top":2265,"right":1080,"bottom":2384,"width":360,"height":119,"childCount":0,"index":2,"depth":8}},{"id":16,"pid":11,"index":0,"idQf":null,"textQf":null,"attr":{"id":null,"name":"android.widget.FrameLayout","text":null,"desc":null,"clickable":false,"focusable":false,"checkable":false,"checked":false,"longClickable":false,"visibleToUser":false,"left":0,"top":0,"right":0,"bottom":2250,"width":0,"height":2250,"childCount":2,"index":0,"depth":8}},{"id":17,"pid":11,"index":1,"idQf":null,"textQf":null,"attr":{"id":null,"name":"android.widget.FrameLayout","text":null,"desc":null,"clickable":false,"focusable":false,"checkable":false,"checked":false,"longClickable":false,"visibleToUser":true,"left":0,"top":0,"right":1080,"bottom":2250,"width":1080,"height":2250,"childCount":2,"index":1,"depth":8}},{"id":18,"pid":11,"index":2,"idQf":null,"textQf":null,"attr":{"id":null,"name":"android.widget.FrameLayout","text":null,"desc":null,"clickable":false,"focusable":false,"checkable":false,"checked":false,"longClickable":false,"visibleToUser":false,"left":1080,"top":0,"right":1080,"bottom":2250,"width":0,"height":2250,"childCount":2,"index":2,"depth":8}},{"id":19,"pid":18,"index":0,"idQf":true,"textQf":null,"attr":{"id":"cn.ccspeed:id/fragment_manager_refresh","name":"android.view.ViewGroup","text":null,"desc":null,"clickable":false,"focusable":false,"checkable":false,"checked":false,"longClickable":false,"visibleToUser":false,"left":1080,"top":0,"right":1080,"bottom":2250,"width":0,"height":2250,"childCount":1,"index":0,"depth":9}},{"id":20,"pid":18,"index":1,"idQf":true,"textQf":null,"attr":{"id":"cn.ccspeed:id/toolbar","name":"android.view.ViewGroup","text":null,"desc":null,"clickable":false,"focusable":false,"checkable":false,"checked":false,"longClickable":false,"visibleToUser":false,"left":1080,"top":0,"right":1080,"bottom":228,"width":0,"height":228,"childCount":4,"index":1,"depth":9}},{"id":21,"pid":20,"index":0,"idQf":true,"textQf":null,"attr":{"id":"cn.ccspeed:id/actionbar_title_layout_title","name":"android.widget.TextView","text":null,"desc":null,"clickable":true,"focusable":true,"checkable":false,"checked":false,"longClickable":false,"visibleToUser":false,"left":1080,"top":84,"right":1080,"bottom":228,"width":0,"height":144,"childCount":0,"index":0,"depth":10}},{"id":22,"pid":20,"index":1,"idQf":true,"textQf":null,"attr":{"id":"cn.ccspeed:id/actionbar_title_layout_left_icon","name":"android.widget.TextView","text":null,"desc":null,"clickable":true,"focusable":true,"checkable":false,"checked":false,"longClickable":false,"visibleToUser":false,"left":1080,"top":84,"right":1080,"bottom":228,"width":0,"height":144,"childCount":0,"index":1,"depth":10}},{"id":23,"pid":20,"index":2,"idQf":null,"textQf":null,"attr":{"id":null,"name":"androidx.appcompat.widget.LinearLayoutCompat","text":null,"desc":null,"clickable":false,"focusable":false,"checkable":false,"checked":false,"longClickable":false,"visibleToUser":false,"left":2160,"top":84,"right":1080,"bottom":228,"width":-1080,"height":144,"childCount":0,"index":2,"depth":10}},{"id":24,"pid":20,"index":3,"idQf":true,"textQf":null,"attr":{"id":"cn.ccspeed:id/actionbar_title_layout_menu","name":"android.widget.LinearLayout","text":null,"desc":null,"clickable":false,"focusable":false,"checkable":false,"checked":false,"longClickable":false,"visibleToUser":false,"left":2304,"top":84,"right":1080,"bottom":228,"width":-1224,"height":144,"childCount":0,"index":3,"depth":10}},{"id":25,"pid":19,"index":0,"idQf":true,"textQf":null,"attr":{"id":"cn.ccspeed:id/fragment_manager_scrollview","name":"android.widget.ScrollView","text":null,"desc":null,"clickable":false,"focusable":true,"checkable":false,"checked":false,"longClickable":false,"visibleToUser":false,"left":1080,"top":0,"right":1080,"bottom":2250,"width":0,"height":2250,"childCount":1,"index":0,"depth":10}},{"id":26,"pid":25,"index":0,"idQf":null,"textQf":null,"attr":{"id":null,"name":"android.widget.LinearLayout","text":null,"desc":null,"clickable":false,"focusable":false,"checkable":false,"checked":false,"longClickable":false,"visibleToUser":false,"left":1080,"top":0,"right":1080,"bottom":2250,"width":0,"height":2250,"childCount":6,"index":0,"depth":11}},{"id":27,"pid":26,"index":0,"idQf":null,"textQf":null,"attr":{"id":null,"name":"android.view.ViewGroup","text":null,"desc":null,"clickable":false,"focusable":false,"checkable":false,"checked":false,"longClickable":false,"visibleToUser":false,"left":1080,"top":0,"right":1080,"bottom":768,"width":0,"height":768,"childCount":6,"index":0,"depth":12}},{"id":28,"pid":26,"index":1,"idQf":null,"textQf":null,"attr":{"id":null,"name":"android.widget.LinearLayout","text":null,"desc":null,"clickable":false,"focusable":false,"checkable":false,"checked":false,"longClickable":false,"visibleToUser":false,"left":1080,"top":768,"right":1080,"bottom":996,"width":0,"height":228,"childCount":2,"index":1,"depth":12}},{"id":29,"pid":26,"index":2,"idQf":null,"textQf":null,"attr":{"id":null,"name":"android.widget.LinearLayout","text":null,"desc":null,"clickable":false,"focusable":false,"checkable":false,"checked":false,"longClickable":false,"visibleToUser":false,"left":1119,"top":1041,"right":1080,"bottom":1224,"width":-39,"height":183,"childCount":2,"index":2,"depth":12}},{"id":30,"pid":26,"index":3,"idQf":true,"textQf":null,"attr":{"id":"cn.ccspeed:id/recycler_more","name":"androidx.recyclerview.widget.RecyclerView","text":null,"desc":null,"clickable":false,"focusable":true,"checkable":false,"checked":false,"longClickable":false,"visibleToUser":false,"left":1119,"top":1269,"right":1080,"bottom":1694,"width":-39,"height":425,"childCount":2,"index":3,"depth":12}},{"id":31,"pid":26,"index":4,"idQf":true,"textQf":null,"attr":{"id":"cn.ccspeed:id/fragment_manager_content_grid_view","name":"androidx.recyclerview.widget.RecyclerView","text":null,"desc":null,"clickable":false,"focusable":true,"checkable":false,"checked":false,"longClickable":false,"visibleToUser":false,"left":1119,"top":1739,"right":1080,"bottom":2250,"width":-39,"height":511,"childCount":10,"index":4,"depth":12}},{"id":32,"pid":26,"index":5,"idQf":null,"textQf":null,"attr":{"id":null,"name":"android.view.View","text":null,"desc":null,"clickable":false,"focusable":false,"checkable":false,"checked":false,"longClickable":false,"visibleToUser":false,"left":1080,"top":2684,"right":1080,"bottom":2250,"width":0,"height":-434,"childCount":0,"index":5,"depth":12}},{"id":33,"pid":31,"index":0,"idQf":null,"textQf":null,"attr":{"id":null,"name":"android.widget.LinearLayout","text":null,"desc":null,"clickable":false,"focusable":false,"checkable":false,"checked":false,"longClickable":false,"visibleToUser":false,"left":1119,"top":1739,"right":1080,"bottom":1904,"width":-39,"height":165,"childCount":1,"index":0,"depth":13}},{"id":34,"pid":31,"index":1,"idQf":null,"textQf":null,"attr":{"id":null,"name":"android.widget.RelativeLayout","text":null,"desc":null,"clickable":true,"focusable":true,"checkable":false,"checked":false,"longClickable":false,"visibleToUser":false,"left":1119,"top":1904,"right":1080,"bottom":2164,"width":-39,"height":260,"childCount":1,"index":1,"depth":13}},{"id":35,"pid":31,"index":2,"idQf":null,"textQf":null,"attr":{"id":null,"name":"android.widget.RelativeLayout","text":null,"desc":null,"clickable":true,"focusable":true,"checkable":false,"checked":false,"longClickable":false,"visibleToUser":false,"left":1369,"top":1904,"right":1080,"bottom":2164,"width":-289,"height":260,"childCount":1,"index":2,"depth":13}},{"id":36,"pid":31,"index":3,"idQf":null,"textQf":null,"attr":{"id":null,"name":"android.widget.RelativeLayout","text":null,"desc":null,"clickable":true,"focusable":true,"checkable":false,"checked":false,"longClickable":false,"visibleToUser":false,"left":1620,"top":1904,"right":1080,"bottom":2164,"width":-540,"height":260,"childCount":1,"index":3,"depth":13}},{"id":37,"pid":31,"index":4,"idQf":null,"textQf":null,"attr":{"id":null,"name":"android.widget.RelativeLayout","text":null,"desc":null,"clickable":true,"focusable":true,"checkable":false,"checked":false,"longClickable":false,"visibleToUser":false,"left":1870,"top":1904,"right":1080,"bottom":2164,"width":-790,"height":260,"childCount":1,"index":4,"depth":13}},{"id":38,"pid":31,"index":5,"idQf":null,"textQf":null,"attr":{"id":null,"name":"android.widget.RelativeLayout","text":null,"desc":null,"clickable":true,"focusable":true,"checkable":false,"checked":false,"longClickable":false,"visibleToUser":false,"left":1119,"top":2164,"right":1080,"bottom":2250,"width":-39,"height":86,"childCount":1,"index":5,"depth":13}},{"id":39,"pid":31,"index":6,"idQf":null,"textQf":null,"attr":{"id":null,"name":"android.widget.RelativeLayout","text":null,"desc":null,"clickable":true,"focusable":true,"checkable":false,"checked":false,"longClickable":false,"visibleToUser":false,"left":1369,"top":2164,"right":1080,"bottom":2250,"width":-289,"height":86,"childCount":1,"index":6,"depth":13}},{"id":40,"pid":31,"index":7,"idQf":null,"textQf":null,"attr":{"id":null,"name":"android.widget.RelativeLayout","text":null,"desc":null,"clickable":true,"focusable":true,"checkable":false,"checked":false,"longClickable":false,"visibleToUser":false,"left":1620,"top":2164,"right":1080,"bottom":2250,"width":-540,"height":86,"childCount":1,"index":7,"depth":13}},{"id":41,"pid":31,"index":8,"idQf":null,"textQf":null,"attr":{"id":null,"name":"android.widget.RelativeLayout","text":null,"desc":null,"clickable":true,"focusable":true,"checkable":false,"checked":false,"longClickable":false,"visibleToUser":false,"left":1870,"top":2164,"right":1080,"bottom":2250,"width":-790,"height":86,"childCount":1,"index":8,"depth":13}},{"id":42,"pid":31,"index":9,"idQf":null,"textQf":null,"attr":{"id":null,"name":"android.widget.RelativeLayout","text":null,"desc":null,"clickable":true,"focusable":true,"checkable":false,"checked":false,"longClickable":false,"visibleToUser":false,"left":1119,"top":2424,"right":1080,"bottom":2250,"width":-39,"height":-174,"childCount":1,"index":9,"depth":13}},{"id":43,"pid":42,"index":0,"idQf":true,"textQf":true,"attr":{"id":"cn.ccspeed:id/manager_menu_title","name":"android.widget.TextView","text":"实名认证","desc":null,"clickable":false,"focusable":false,"checkable":false,"checked":false,"longClickable":false,"visibleToUser":false,"left":1172,"top":2424,"right":1080,"bottom":2250,"width":-92,"height":-174,"childCount":0,"index":0,"depth":14}},{"id":44,"pid":41,"index":0,"idQf":true,"textQf":true,"attr":{"id":"cn.ccspeed:id/manager_menu_title","name":"android.widget.TextView","text":"隐私政策","desc":null,"clickable":false,"focusable":false,"checkable":false,"checked":false,"longClickable":false,"visibleToUser":false,"left":1923,"top":2164,"right":1080,"bottom":2250,"width":-843,"height":86,"childCount":0,"index":0,"depth":14}},{"id":45,"pid":40,"index":0,"idQf":true,"textQf":true,"attr":{"id":"cn.ccspeed:id/manager_menu_title","name":"android.widget.TextView","text":"官方玩家群","desc":null,"clickable":false,"focusable":false,"checkable":false,"checked":false,"longClickable":false,"visibleToUser":false,"left":1655,"top":2164,"right":1080,"bottom":2250,"width":-575,"height":86,"childCount":0,"index":0,"depth":14}},{"id":46,"pid":39,"index":0,"idQf":true,"textQf":true,"attr":{"id":"cn.ccspeed:id/manager_menu_title","name":"android.widget.TextView","text":"我的邀请码","desc":null,"clickable":false,"focusable":false,"checkable":false,"checked":false,"longClickable":false,"visibleToUser":false,"left":1404,"top":2164,"right":1080,"bottom":2250,"width":-324,"height":86,"childCount":0,"index":0,"depth":14}},{"id":47,"pid":38,"index":0,"idQf":true,"textQf":true,"attr":{"id":"cn.ccspeed:id/manager_menu_title","name":"android.widget.TextView","text":"填写邀请码","desc":null,"clickable":false,"focusable":false,"checkable":false,"checked":false,"longClickable":false,"visibleToUser":false,"left":1154,"top":2164,"right":1080,"bottom":2250,"width":-74,"height":86,"childCount":0,"index":0,"depth":14}},{"id":48,"pid":37,"index":0,"idQf":true,"textQf":true,"attr":{"id":"cn.ccspeed:id/manager_menu_title","name":"android.widget.TextView","text":"分享APP","desc":null,"clickable":false,"focusable":false,"checkable":false,"checked":false,"longClickable":false,"visibleToUser":false,"left":1919,"top":1904,"right":1080,"bottom":2089,"width":-839,"height":185,"childCount":0,"index":0,"depth":14}},{"id":49,"pid":36,"index":0,"idQf":true,"textQf":true,"attr":{"id":"cn.ccspeed:id/manager_menu_title","name":"android.widget.TextView","text":"兑换会员","desc":null,"clickable":false,"focusable":false,"checkable":false,"checked":false,"longClickable":false,"visibleToUser":false,"left":1673,"top":1904,"right":1080,"bottom":2089,"width":-593,"height":185,"childCount":0,"index":0,"depth":14}},{"id":50,"pid":35,"index":0,"idQf":true,"textQf":true,"attr":{"id":"cn.ccspeed:id/manager_menu_title","name":"android.widget.TextView","text":"常见问题","desc":null,"clickable":false,"focusable":false,"checkable":false,"checked":false,"longClickable":false,"visibleToUser":false,"left":1422,"top":1904,"right":1080,"bottom":2089,"width":-342,"height":185,"childCount":0,"index":0,"depth":14}},{"id":51,"pid":34,"index":0,"idQf":true,"textQf":true,"attr":{"id":"cn.ccspeed:id/manager_menu_title","name":"android.widget.TextView","text":"我关注的","desc":null,"clickable":false,"focusable":false,"checkable":false,"checked":false,"longClickable":false,"visibleToUser":false,"left":1172,"top":1904,"right":1080,"bottom":2089,"width":-92,"height":185,"childCount":0,"index":0,"depth":14}},{"id":52,"pid":33,"index":0,"idQf":null,"textQf":null,"attr":{"id":null,"name":"android.widget.LinearLayout","text":null,"desc":null,"clickable":false,"focusable":false,"checkable":false,"checked":false,"longClickable":false,"visibleToUser":false,"left":1119,"top":1739,"right":1080,"bottom":1904,"width":-39,"height":165,"childCount":1,"index":0,"depth":14}},{"id":53,"pid":52,"index":0,"idQf":null,"textQf":true,"attr":{"id":null,"name":"android.widget.TextView","text":"常用工具","desc":null,"clickable":false,"focusable":false,"checkable":false,"checked":false,"longClickable":false,"visibleToUser":false,"left":1119,"top":1739,"right":1080,"bottom":1880,"width":-39,"height":141,"childCount":0,"index":0,"depth":15}},{"id":54,"pid":30,"index":0,"idQf":null,"textQf":null,"attr":{"id":null,"name":"android.widget.LinearLayout","text":null,"desc":null,"clickable":false,"focusable":false,"checkable":false,"checked":false,"longClickable":false,"visibleToUser":false,"left":1119,"top":1269,"right":1080,"bottom":1434,"width":-39,"height":165,"childCount":1,"index":0,"depth":13}},{"id":55,"pid":30,"index":1,"idQf":null,"textQf":null,"attr":{"id":null,"name":"android.widget.RelativeLayout","text":null,"desc":null,"clickable":true,"focusable":true,"checkable":false,"checked":false,"longClickable":false,"visibleToUser":false,"left":1119,"top":1434,"right":1080,"bottom":1694,"width":-39,"height":260,"childCount":2,"index":1,"depth":13}},{"id":56,"pid":55,"index":0,"idQf":true,"textQf":true,"attr":{"id":"cn.ccspeed:id/manager_menu_title","name":"android.widget.TextView","text":"账号购买","desc":null,"clickable":false,"focusable":false,"checkable":false,"checked":false,"longClickable":false,"visibleToUser":false,"left":1172,"top":1434,"right":1080,"bottom":1619,"width":-92,"height":185,"childCount":0,"index":0,"depth":14}},{"id":57,"pid":55,"index":1,"idQf":true,"textQf":null,"attr":{"id":"cn.ccspeed:id/iv_tag","name":"android.widget.ImageView","text":null,"desc":null,"clickable":false,"focusable":false,"checkable":false,"checked":false,"longClickable":false,"visibleToUser":false,"left":1256,"top":1434,"right":1080,"bottom":1466,"width":-176,"height":32,"childCount":0,"index":1,"depth":14}},{"id":58,"pid":54,"index":0,"idQf":null,"textQf":true,"attr":{"id":null,"name":"android.widget.TextView","text":"游戏服务","desc":null,"clickable":false,"focusable":false,"checkable":false,"checked":false,"longClickable":false,"visibleToUser":false,"left":1119,"top":1269,"right":1080,"bottom":1410,"width":-39,"height":141,"childCount":0,"index":0,"depth":14}},{"id":59,"pid":29,"index":0,"idQf":true,"textQf":null,"attr":{"id":"cn.ccspeed:id/fragment_manager_activity_square","name":"android.view.ViewGroup","text":null,"desc":null,"clickable":true,"focusable":true,"checkable":false,"checked":false,"longClickable":false,"visibleToUser":false,"left":1119,"top":1041,"right":1080,"bottom":1224,"width":-39,"height":183,"childCount":4,"index":0,"depth":13}},{"id":60,"pid":29,"index":1,"idQf":true,"textQf":null,"attr":{"id":"cn.ccspeed:id/fragment_manager_problem_feedback","name":"android.view.ViewGroup","text":null,"desc":null,"clickable":true,"focusable":true,"checkable":false,"checked":false,"longClickable":false,"visibleToUser":false,"left":1633,"top":1041,"right":1080,"bottom":1224,"width":-553,"height":183,"childCount":4,"index":1,"depth":13}},{"id":61,"pid":60,"index":0,"idQf":true,"textQf":true,"attr":{"id":"cn.ccspeed:id/tv_problem_feedback_title","name":"android.widget.TextView","text":"加速问题反馈","desc":null,"clickable":false,"focusable":false,"checkable":false,"checked":false,"longClickable":false,"visibleToUser":false,"left":1675,"top":1078,"right":1080,"bottom":1132,"width":-595,"height":54,"childCount":0,"index":0,"depth":14}},{"id":62,"pid":60,"index":1,"idQf":true,"textQf":true,"attr":{"id":"cn.ccspeed:id/tv_problem_feedback_desc","name":"android.widget.TextView","text":"BUG/建议提交","desc":null,"clickable":false,"focusable":false,"checkable":false,"checked":false,"longClickable":false,"visibleToUser":false,"left":1675,"top":1141,"right":1080,"bottom":1188,"width":-595,"height":47,"childCount":0,"index":1,"depth":14}},{"id":63,"pid":60,"index":2,"idQf":null,"textQf":null,"attr":{"id":null,"name":"android.widget.ImageView","text":null,"desc":null,"clickable":false,"focusable":false,"checkable":false,"checked":false,"longClickable":false,"visibleToUser":false,"left":1965,"top":1088,"right":1080,"bottom":1178,"width":-885,"height":90,"childCount":0,"index":2,"depth":14}},{"id":64,"pid":60,"index":3,"idQf":true,"textQf":null,"attr":{"id":"cn.ccspeed:id/image_problem_feedback_arrow","name":"android.widget.ImageView","text":null,"desc":null,"clickable":false,"focusable":false,"checkable":false,"checked":false,"longClickable":false,"visibleToUser":false,"left":2073,"top":1116,"right":1080,"bottom":1149,"width":-993,"height":33,"childCount":0,"index":3,"depth":14}},{"id":65,"pid":59,"index":0,"idQf":true,"textQf":true,"attr":{"id":"cn.ccspeed:id/tv_activity_square_title","name":"android.widget.TextView","text":"活动广场","desc":null,"clickable":false,"focusable":false,"checkable":false,"checked":false,"longClickable":false,"visibleToUser":false,"left":1161,"top":1078,"right":1080,"bottom":1132,"width":-81,"height":54,"childCount":0,"index":0,"depth":14}},{"id":66,"pid":59,"index":1,"idQf":true,"textQf":true,"attr":{"id":"cn.ccspeed:id/tv_activity_square_desc","name":"android.widget.TextView","text":"超多福利等你来","desc":null,"clickable":false,"focusable":false,"checkable":false,"checked":false,"longClickable":false,"visibleToUser":false,"left":1161,"top":1141,"right":1080,"bottom":1188,"width":-81,"height":47,"childCount":0,"index":1,"depth":14}},{"id":67,"pid":59,"index":2,"idQf":null,"textQf":null,"attr":{"id":null,"name":"android.widget.ImageView","text":null,"desc":null,"clickable":false,"focusable":false,"checkable":false,"checked":false,"longClickable":false,"visibleToUser":false,"left":1450,"top":1088,"right":1080,"bottom":1178,"width":-370,"height":90,"childCount":0,"index":2,"depth":14}},{"id":68,"pid":59,"index":3,"idQf":true,"textQf":null,"attr":{"id":"cn.ccspeed:id/image_activity_square_arrow","name":"android.widget.ImageView","text":null,"desc":null,"clickable":false,"focusable":false,"checkable":false,"checked":false,"longClickable":false,"visibleToUser":false,"left":1558,"top":1116,"right":1080,"bottom":1149,"width":-478,"height":33,"childCount":0,"index":3,"depth":14}},{"id":69,"pid":28,"index":0,"idQf":true,"textQf":null,"attr":{"id":"cn.ccspeed:id/fragment_manager_header_localization","name":"android.widget.ImageView","text":null,"desc":null,"clickable":true,"focusable":true,"checkable":false,"checked":false,"longClickable":false,"visibleToUser":false,"left":1119,"top":813,"right":1080,"bottom":996,"width":-39,"height":183,"childCount":0,"index":0,"depth":13}},{"id":70,"pid":28,"index":1,"idQf":true,"textQf":null,"attr":{"id":"cn.ccspeed:id/fragment_manager_header_get_speed_time_free","name":"android.widget.ImageView","text":null,"desc":null,"clickable":true,"focusable":true,"checkable":false,"checked":false,"longClickable":false,"visibleToUser":false,"left":1633,"top":813,"right":1080,"bottom":996,"width":-553,"height":183,"childCount":0,"index":1,"depth":13}},{"id":71,"pid":27,"index":0,"idQf":true,"textQf":null,"attr":{"id":"cn.ccspeed:id/fragment_manager_header_bg","name":"android.widget.ImageView","text":null,"desc":null,"clickable":false,"focusable":false,"checkable":false,"checked":false,"longClickable":false,"visibleToUser":false,"left":1080,"top":0,"right":1080,"bottom":643,"width":0,"height":643,"childCount":0,"index":0,"depth":13}},{"id":72,"pid":27,"index":1,"idQf":true,"textQf":null,"attr":{"id":"cn.ccspeed:id/toolbar","name":"android.view.View","text":null,"desc":null,"clickable":false,"focusable":false,"checkable":false,"checked":false,"longClickable":false,"visibleToUser":false,"left":1080,"top":0,"right":1080,"bottom":228,"width":0,"height":228,"childCount":0,"index":1,"depth":13}},{"id":73,"pid":27,"index":2,"idQf":true,"textQf":null,"attr":{"id":"cn.ccspeed:id/fragment_manager_header_user_icon","name":"android.widget.ImageView","text":null,"desc":null,"clickable":true,"focusable":true,"checkable":false,"checked":false,"longClickable":false,"visibleToUser":false,"left":1119,"top":261,"right":1080,"bottom":471,"width":-39,"height":210,"childCount":0,"index":2,"depth":13}},{"id":74,"pid":27,"index":3,"idQf":null,"textQf":null,"attr":{"id":null,"name":"android.view.ViewGroup","text":null,"desc":null,"clickable":false,"focusable":false,"checkable":false,"checked":false,"longClickable":false,"visibleToUser":false,"left":1368,"top":333,"right":1080,"bottom":399,"width":-288,"height":66,"childCount":1,"index":3,"depth":13}},{"id":75,"pid":27,"index":4,"idQf":true,"textQf":true,"attr":{"id":"cn.ccspeed:id/fragment_manager_header_modify_btn","name":"android.widget.TextView","text":"修改资料","desc":null,"clickable":true,"focusable":true,"checkable":false,"checked":false,"longClickable":false,"visibleToUser":false,"left":1941,"top":335,"right":1080,"bottom":398,"width":-861,"height":63,"childCount":0,"index":4,"depth":13}},{"id":76,"pid":27,"index":5,"idQf":true,"textQf":null,"attr":{"id":"cn.ccspeed:id/fragment_manager_header_member_layout","name":"android.view.ViewGroup","text":null,"desc":null,"clickable":false,"focusable":false,"checkable":false,"checked":false,"longClickable":false,"visibleToUser":false,"left":1119,"top":537,"right":1080,"bottom":768,"width":-39,"height":231,"childCount":2,"index":5,"depth":13}},{"id":77,"pid":76,"index":0,"idQf":true,"textQf":null,"attr":{"id":"cn.ccspeed:id/fragment_manager_header_member","name":"android.widget.ImageView","text":null,"desc":null,"clickable":true,"focusable":true,"checkable":false,"checked":false,"longClickable":false,"visibleToUser":false,"left":1119,"top":537,"right":1080,"bottom":768,"width":-39,"height":231,"childCount":0,"index":0,"depth":14}},{"id":78,"pid":76,"index":1,"idQf":null,"textQf":true,"attr":{"id":null,"name":"android.widget.TextView","text":"成为会员","desc":null,"clickable":false,"focusable":false,"checkable":false,"checked":false,"longClickable":false,"visibleToUser":false,"left":1857,"top":617,"right":1080,"bottom":689,"width":-777,"height":72,"childCount":0,"index":1,"depth":14}},{"id":79,"pid":74,"index":0,"idQf":true,"textQf":true,"attr":{"id":"cn.ccspeed:id/fragment_manager_header_nick_name","name":"android.widget.TextView","text":"CC6013835","desc":null,"clickable":true,"focusable":true,"checkable":false,"checked":false,"longClickable":false,"visibleToUser":false,"left":1368,"top":333,"right":1080,"bottom":399,"width":-288,"height":66,"childCount":0,"index":0,"depth":14}},{"id":80,"pid":17,"index":0,"idQf":true,"textQf":null,"attr":{"id":"cn.ccspeed:id/fragment_game_speed_list_layout","name":"android.view.ViewGroup","text":null,"desc":null,"clickable":false,"focusable":false,"checkable":false,"checked":false,"longClickable":false,"visibleToUser":true,"left":0,"top":0,"right":1080,"bottom":2250,"width":1080,"height":2250,"childCount":7,"index":0,"depth":9}},{"id":81,"pid":17,"index":1,"idQf":true,"textQf":null,"attr":{"id":"cn.ccspeed:id/toolbar","name":"android.view.ViewGroup","text":null,"desc":null,"clickable":false,"focusable":false,"checkable":false,"checked":false,"longClickable":false,"visibleToUser":true,"left":0,"top":0,"right":1080,"bottom":228,"width":1080,"height":228,"childCount":4,"index":1,"depth":9}},{"id":82,"pid":81,"index":0,"idQf":true,"textQf":null,"attr":{"id":"cn.ccspeed:id/actionbar_title_layout_title","name":"android.widget.TextView","text":null,"desc":null,"clickable":true,"focusable":true,"checkable":false,"checked":false,"longClickable":false,"visibleToUser":true,"left":0,"top":84,"right":1080,"bottom":228,"width":1080,"height":144,"childCount":0,"index":0,"depth":10}},{"id":83,"pid":81,"index":1,"idQf":true,"textQf":null,"attr":{"id":"cn.ccspeed:id/actionbar_title_layout_left_icon","name":"android.widget.TextView","text":null,"desc":null,"clickable":true,"focusable":true,"checkable":false,"checked":false,"longClickable":false,"visibleToUser":true,"left":0,"top":84,"right":144,"bottom":228,"width":144,"height":144,"childCount":0,"index":1,"depth":10}},{"id":84,"pid":81,"index":2,"idQf":null,"textQf":null,"attr":{"id":null,"name":"androidx.appcompat.widget.LinearLayoutCompat","text":null,"desc":null,"clickable":false,"focusable":false,"checkable":false,"checked":false,"longClickable":false,"visibleToUser":true,"left":780,"top":84,"right":1080,"bottom":228,"width":300,"height":144,"childCount":2,"index":2,"depth":10}},{"id":85,"pid":81,"index":3,"idQf":true,"textQf":null,"attr":{"id":"cn.ccspeed:id/actionbar_title_layout_menu","name":"android.widget.LinearLayout","text":null,"desc":null,"clickable":false,"focusable":false,"checkable":false,"checked":false,"longClickable":false,"visibleToUser":false,"left":1224,"top":84,"right":1080,"bottom":228,"width":-144,"height":144,"childCount":0,"index":3,"depth":10}},{"id":86,"pid":84,"index":0,"idQf":true,"textQf":null,"attr":{"id":"cn.ccspeed:id/menu_switch","name":"android.widget.ImageView","text":null,"desc":null,"clickable":true,"focusable":true,"checkable":false,"checked":false,"longClickable":true,"visibleToUser":true,"left":780,"top":84,"right":920,"bottom":228,"width":140,"height":144,"childCount":0,"index":0,"depth":11}},{"id":87,"pid":84,"index":1,"idQf":true,"textQf":null,"attr":{"id":"cn.ccspeed:id/menu_manager_msg","name":"android.widget.ImageView","text":null,"desc":null,"clickable":true,"focusable":true,"checkable":false,"checked":false,"longClickable":true,"visibleToUser":true,"left":920,"top":84,"right":1080,"bottom":228,"width":160,"height":144,"childCount":0,"index":1,"depth":11}},{"id":88,"pid":80,"index":0,"idQf":true,"textQf":null,"attr":{"id":"cn.ccspeed:id/layout_popup_group","name":"android.view.View","text":null,"desc":null,"clickable":false,"focusable":false,"checkable":false,"checked":false,"longClickable":false,"visibleToUser":false,"left":0,"top":0,"right":0,"bottom":0,"width":0,"height":0,"childCount":0,"index":0,"depth":10}},{"id":89,"pid":80,"index":1,"idQf":true,"textQf":null,"attr":{"id":"cn.ccspeed:id/actionbar_layout","name":"android.view.ViewGroup","text":null,"desc":null,"clickable":false,"focusable":false,"checkable":false,"checked":false,"longClickable":false,"visibleToUser":true,"left":0,"top":0,"right":1080,"bottom":228,"width":1080,"height":228,"childCount":1,"index":1,"depth":10}},{"id":90,"pid":80,"index":2,"idQf":true,"textQf":null,"attr":{"id":"cn.ccspeed:id/actionbar_search_layout","name":"android.view.ViewGroup","text":null,"desc":null,"clickable":true,"focusable":true,"checkable":false,"checked":false,"longClickable":false,"visibleToUser":true,"left":39,"top":228,"right":1041,"bottom":372,"width":1002,"height":144,"childCount":1,"index":2,"depth":10}},{"id":91,"pid":80,"index":3,"idQf":true,"textQf":null,"attr":{"id":"cn.ccspeed:id/view_game_speed_list_time","name":"android.widget.LinearLayout","text":null,"desc":null,"clickable":false,"focusable":false,"checkable":false,"checked":false,"longClickable":false,"visibleToUser":true,"left":0,"top":372,"right":1080,"bottom":462,"width":1080,"height":90,"childCount":1,"index":3,"depth":10}},{"id":92,"pid":80,"index":4,"idQf":null,"textQf":null,"attr":{"id":null,"name":"android.widget.FrameLayout","text":null,"desc":null,"clickable":false,"focusable":false,"checkable":false,"checked":false,"longClickable":false,"visibleToUser":true,"left":0,"top":462,"right":1080,"bottom":2049,"width":1080,"height":1587,"childCount":1,"index":4,"depth":10}},{"id":93,"pid":80,"index":5,"idQf":true,"textQf":null,"attr":{"id":"cn.ccspeed:id/image_popup_top","name":"android.widget.ImageView","text":null,"desc":null,"clickable":false,"focusable":false,"checkable":false,"checked":false,"longClickable":false,"visibleToUser":true,"left":0,"top":2008,"right":1080,"bottom":2049,"width":1080,"height":41,"childCount":0,"index":5,"depth":10}},{"id":94,"pid":80,"index":6,"idQf":true,"textQf":null,"attr":{"id":"cn.ccspeed:id/layout_popup_activity","name":"android.view.ViewGroup","text":null,"desc":null,"clickable":true,"focusable":true,"checkable":false,"checked":false,"longClickable":false,"visibleToUser":true,"left":0,"top":2049,"right":1080,"bottom":2250,"width":1080,"height":201,"childCount":4,"index":6,"depth":10}},{"id":95,"pid":94,"index":0,"idQf":true,"textQf":null,"attr":{"id":"cn.ccspeed:id/popup_activity_icon","name":"android.widget.FrameLayout","text":null,"desc":null,"clickable":false,"focusable":false,"checkable":false,"checked":false,"longClickable":false,"visibleToUser":true,"left":39,"top":2073,"right":192,"bottom":2226,"width":153,"height":153,"childCount":1,"index":0,"depth":11}},{"id":96,"pid":94,"index":1,"idQf":true,"textQf":true,"attr":{"id":"cn.ccspeed:id/popup_activity_title","name":"android.widget.TextView","text":"CC加速器PC版正式上线","desc":null,"clickable":false,"focusable":false,"checkable":false,"checked":false,"longClickable":false,"visibleToUser":true,"left":222,"top":2093,"right":993,"bottom":2144,"width":771,"height":51,"childCount":0,"index":1,"depth":11}},{"id":97,"pid":94,"index":2,"idQf":true,"textQf":true,"attr":{"id":"cn.ccspeed:id/popup_activity_desc","name":"android.widget.TextView","text":"登录即送会员，诸多好礼等你来抽>>>>>>","desc":null,"clickable":false,"focusable":false,"checkable":false,"checked":false,"longClickable":false,"visibleToUser":true,"left":222,"top":2159,"right":993,"bottom":2206,"width":771,"height":47,"childCount":0,"index":2,"depth":11}},{"id":98,"pid":94,"index":3,"idQf":true,"textQf":null,"attr":{"id":"cn.ccspeed:id/popup_activity_close","name":"android.widget.ImageView","text":null,"desc":null,"clickable":true,"focusable":true,"checkable":false,"checked":false,"longClickable":false,"visibleToUser":true,"left":993,"top":2114,"right":1065,"bottom":2186,"width":72,"height":72,"childCount":0,"index":3,"depth":11}},{"id":99,"pid":95,"index":0,"idQf":null,"textQf":null,"attr":{"id":null,"name":"android.widget.ImageView","text":null,"desc":null,"clickable":false,"focusable":false,"checkable":false,"checked":false,"longClickable":false,"visibleToUser":true,"left":42,"top":2076,"right":192,"bottom":2226,"width":150,"height":150,"childCount":0,"index":0,"depth":12}},{"id":100,"pid":92,"index":0,"idQf":true,"textQf":null,"attr":{"id":"cn.ccspeed:id/layout_recycleview","name":"androidx.recyclerview.widget.RecyclerView","text":null,"desc":null,"clickable":false,"focusable":true,"checkable":false,"checked":false,"longClickable":false,"visibleToUser":true,"left":0,"top":462,"right":1080,"bottom":2049,"width":1080,"height":1587,"childCount":4,"index":0,"depth":11}},{"id":101,"pid":100,"index":0,"idQf":null,"textQf":null,"attr":{"id":null,"name":"android.widget.LinearLayout","text":null,"desc":null,"clickable":false,"focusable":false,"checkable":false,"checked":false,"longClickable":false,"visibleToUser":true,"left":0,"top":462,"right":1080,"bottom":995,"width":1080,"height":533,"childCount":1,"index":0,"depth":12}},{"id":102,"pid":100,"index":1,"idQf":null,"textQf":null,"attr":{"id":null,"name":"android.widget.LinearLayout","text":null,"desc":null,"clickable":true,"focusable":true,"checkable":false,"checked":false,"longClickable":false,"visibleToUser":true,"left":0,"top":995,"right":1080,"bottom":1365,"width":1080,"height":370,"childCount":3,"index":1,"depth":12}},{"id":103,"pid":100,"index":2,"idQf":null,"textQf":null,"attr":{"id":null,"name":"android.widget.LinearLayout","text":null,"desc":null,"clickable":true,"focusable":true,"checkable":false,"checked":false,"longClickable":false,"visibleToUser":true,"left":0,"top":1398,"right":1080,"bottom":1768,"width":1080,"height":370,"childCount":3,"index":2,"depth":12}},{"id":104,"pid":100,"index":3,"idQf":null,"textQf":null,"attr":{"id":null,"name":"android.widget.LinearLayout","text":null,"desc":null,"clickable":true,"focusable":true,"checkable":false,"checked":false,"longClickable":false,"visibleToUser":true,"left":0,"top":1801,"right":1080,"bottom":2049,"width":1080,"height":248,"childCount":3,"index":3,"depth":12}},{"id":105,"pid":104,"index":0,"idQf":null,"textQf":null,"attr":{"id":null,"name":"android.widget.LinearLayout","text":null,"desc":null,"clickable":false,"focusable":false,"checkable":false,"checked":false,"longClickable":false,"visibleToUser":true,"left":39,"top":1801,"right":1041,"bottom":2041,"width":1002,"height":240,"childCount":3,"index":0,"depth":13}},{"id":106,"pid":104,"index":1,"idQf":true,"textQf":null,"attr":{"id":"cn.ccspeed:id/line_helper","name":"android.view.View","text":null,"desc":null,"clickable":false,"focusable":false,"checkable":false,"checked":false,"longClickable":false,"visibleToUser":true,"left":39,"top":2041,"right":1041,"bottom":2042,"width":1002,"height":1,"childCount":0,"index":1,"depth":13}},{"id":107,"pid":104,"index":2,"idQf":true,"textQf":null,"attr":{"id":"cn.ccspeed:id/game_helper_type_recycleview","name":"androidx.recyclerview.widget.RecyclerView","text":null,"desc":null,"clickable":false,"focusable":true,"checkable":false,"checked":false,"longClickable":false,"visibleToUser":true,"left":39,"top":2042,"right":1041,"bottom":2049,"width":1002,"height":7,"childCount":4,"index":2,"depth":13}},{"id":108,"pid":107,"index":0,"idQf":true,"textQf":true,"attr":{"id":"cn.ccspeed:id/tv_game_helper_name","name":"android.widget.TextView","text":"分享抽奖","desc":null,"clickable":true,"focusable":true,"checkable":false,"checked":false,"longClickable":false,"visibleToUser":true,"left":39,"top":2042,"right":255,"bottom":2049,"width":216,"height":7,"childCount":0,"index":0,"depth":14}},{"id":109,"pid":107,"index":1,"idQf":true,"textQf":true,"attr":{"id":"cn.ccspeed:id/tv_game_helper_name","name":"android.widget.TextView","text":"游戏代充","desc":null,"clickable":true,"focusable":true,"checkable":false,"checked":false,"longClickable":false,"visibleToUser":true,"left":255,"top":2042,"right":471,"bottom":2049,"width":216,"height":7,"childCount":0,"index":1,"depth":14}},{"id":110,"pid":107,"index":2,"idQf":true,"textQf":true,"attr":{"id":"cn.ccspeed:id/tv_game_helper_name","name":"android.widget.TextView","text":"常见问题","desc":null,"clickable":true,"focusable":true,"checkable":false,"checked":false,"longClickable":false,"visibleToUser":true,"left":471,"top":2042,"right":687,"bottom":2049,"width":216,"height":7,"childCount":0,"index":2,"depth":14}},{"id":111,"pid":107,"index":3,"idQf":true,"textQf":true,"attr":{"id":"cn.ccspeed:id/tv_game_helper_name","name":"android.widget.TextView","text":"更多手游充值","desc":null,"clickable":true,"focusable":true,"checkable":false,"checked":false,"longClickable":false,"visibleToUser":true,"left":687,"top":2042,"right":981,"bottom":2049,"width":294,"height":7,"childCount":0,"index":3,"depth":14}},{"id":112,"pid":105,"index":0,"idQf":true,"textQf":null,"attr":{"id":"cn.ccspeed:id/fragment_game_speed_adapter_item_icon","name":"android.widget.FrameLayout","text":null,"desc":null,"clickable":true,"focusable":true,"checkable":false,"checked":false,"longClickable":false,"visibleToUser":true,"left":60,"top":1828,"right":246,"bottom":2014,"width":186,"height":186,"childCount":1,"index":0,"depth":14}},{"id":113,"pid":105,"index":1,"idQf":true,"textQf":null,"attr":{"id":"cn.ccspeed:id/fragment_game_speed_adapter_item_update","name":"android.widget.LinearLayout","text":null,"desc":null,"clickable":true,"focusable":true,"checkable":false,"checked":false,"longClickable":false,"visibleToUser":true,"left":246,"top":1801,"right":840,"bottom":2041,"width":594,"height":240,"childCount":2,"index":1,"depth":14}},{"id":114,"pid":105,"index":2,"idQf":true,"textQf":null,"attr":{"id":"cn.ccspeed:id/fragment_adapter_layout_game_speed_btn","name":"android.widget.LinearLayout","text":null,"desc":null,"clickable":true,"focusable":true,"checkable":false,"checked":false,"longClickable":false,"visibleToUser":true,"left":840,"top":1880,"right":1002,"bottom":1961,"width":162,"height":81,"childCount":1,"index":2,"depth":14}},{"id":115,"pid":114,"index":0,"idQf":true,"textQf":null,"attr":{"id":"cn.ccspeed:id/layout_name","name":"android.widget.LinearLayout","text":null,"desc":null,"clickable":false,"focusable":false,"checkable":false,"checked":false,"longClickable":false,"visibleToUser":true,"left":882,"top":1895,"right":960,"bottom":1946,"width":78,"height":51,"childCount":1,"index":0,"depth":15}},{"id":116,"pid":115,"index":0,"idQf":true,"textQf":true,"attr":{"id":"cn.ccspeed:id/tv_game_speed_name","name":"android.widget.TextView","text":"加速","desc":null,"clickable":true,"focusable":true,"checkable":false,"checked":false,"longClickable":false,"visibleToUser":true,"left":882,"top":1895,"right":960,"bottom":1946,"width":78,"height":51,"childCount":0,"index":0,"depth":16}},{"id":117,"pid":113,"index":0,"idQf":true,"textQf":true,"attr":{"id":"cn.ccspeed:id/fragment_game_speed_adapter_item_title","name":"android.widget.TextView","text":"在我们之间(国际服)","desc":null,"clickable":false,"focusable":true,"checkable":false,"checked":false,"longClickable":false,"visibleToUser":true,"left":276,"top":1852,"right":810,"bottom":1910,"width":534,"height":58,"childCount":0,"index":0,"depth":15}},{"id":118,"pid":113,"index":1,"idQf":null,"textQf":null,"attr":{"id":null,"name":"android.widget.FrameLayout","text":null,"desc":null,"clickable":false,"focusable":false,"checkable":false,"checked":false,"longClickable":false,"visibleToUser":true,"left":276,"top":1943,"right":516,"bottom":1990,"width":240,"height":47,"childCount":1,"index":1,"depth":15}},{"id":119,"pid":118,"index":0,"idQf":true,"textQf":true,"attr":{"id":"cn.ccspeed:id/fragment_game_speed_adapter_item_info","name":"android.widget.TextView","text":"2023.10.24","desc":null,"clickable":true,"focusable":true,"checkable":false,"checked":false,"longClickable":false,"visibleToUser":true,"left":276,"top":1943,"right":516,"bottom":1990,"width":240,"height":47,"childCount":0,"index":0,"depth":16}},{"id":120,"pid":112,"index":0,"idQf":null,"textQf":null,"attr":{"id":null,"name":"android.widget.ImageView","text":null,"desc":null,"clickable":false,"focusable":false,"checkable":false,"checked":false,"longClickable":false,"visibleToUser":true,"left":63,"top":1831,"right":246,"bottom":2014,"width":183,"height":183,"childCount":0,"index":0,"depth":15}},{"id":121,"pid":103,"index":0,"idQf":null,"textQf":null,"attr":{"id":null,"name":"android.widget.LinearLayout","text":null,"desc":null,"clickable":false,"focusable":false,"checkable":false,"checked":false,"longClickable":false,"visibleToUser":true,"left":39,"top":1398,"right":1041,"bottom":1638,"width":1002,"height":240,"childCount":3,"index":0,"depth":13}},{"id":122,"pid":103,"index":1,"idQf":true,"textQf":null,"attr":{"id":"cn.ccspeed:id/line_helper","name":"android.view.View","text":null,"desc":null,"clickable":false,"focusable":false,"checkable":false,"checked":false,"longClickable":false,"visibleToUser":true,"left":39,"top":1638,"right":1041,"bottom":1639,"width":1002,"height":1,"childCount":0,"index":1,"depth":13}},{"id":123,"pid":103,"index":2,"idQf":true,"textQf":null,"attr":{"id":"cn.ccspeed:id/game_helper_type_recycleview","name":"androidx.recyclerview.widget.RecyclerView","text":null,"desc":null,"clickable":false,"focusable":true,"checkable":false,"checked":false,"longClickable":false,"visibleToUser":true,"left":39,"top":1639,"right":1041,"bottom":1768,"width":1002,"height":129,"childCount":4,"index":2,"depth":13}},{"id":124,"pid":123,"index":0,"idQf":true,"textQf":true,"attr":{"id":"cn.ccspeed:id/tv_game_helper_name","name":"android.widget.TextView","text":"分享抽奖","desc":null,"clickable":true,"focusable":true,"checkable":false,"checked":false,"longClickable":false,"visibleToUser":true,"left":39,"top":1639,"right":255,"bottom":1768,"width":216,"height":129,"childCount":0,"index":0,"depth":14}},{"id":125,"pid":123,"index":1,"idQf":true,"textQf":true,"attr":{"id":"cn.ccspeed:id/tv_game_helper_name","name":"android.widget.TextView","text":"Steam代充","desc":null,"clickable":true,"focusable":true,"checkable":false,"checked":false,"longClickable":false,"visibleToUser":true,"left":255,"top":1639,"right":532,"bottom":1768,"width":277,"height":129,"childCount":0,"index":1,"depth":14}},{"id":126,"pid":123,"index":2,"idQf":true,"textQf":true,"attr":{"id":"cn.ccspeed:id/tv_game_helper_name","name":"android.widget.TextView","text":"热门手游代充","desc":null,"clickable":true,"focusable":true,"checkable":false,"checked":false,"longClickable":false,"visibleToUser":true,"left":532,"top":1639,"right":826,"bottom":1768,"width":294,"height":129,"childCount":0,"index":2,"depth":14}},{"id":127,"pid":123,"index":3,"idQf":true,"textQf":true,"attr":{"id":"cn.ccspeed:id/tv_game_helper_name","name":"android.widget.TextView","text":"常见问题","desc":null,"clickable":true,"focusable":true,"checkable":false,"checked":false,"longClickable":false,"visibleToUser":true,"left":826,"top":1639,"right":1041,"bottom":1768,"width":215,"height":129,"childCount":0,"index":3,"depth":14}},{"id":128,"pid":121,"index":0,"idQf":true,"textQf":null,"attr":{"id":"cn.ccspeed:id/fragment_game_speed_adapter_item_icon","name":"android.widget.FrameLayout","text":null,"desc":null,"clickable":true,"focusable":true,"checkable":false,"checked":false,"longClickable":false,"visibleToUser":true,"left":60,"top":1425,"right":246,"bottom":1611,"width":186,"height":186,"childCount":1,"index":0,"depth":14}},{"id":129,"pid":121,"index":1,"idQf":true,"textQf":null,"attr":{"id":"cn.ccspeed:id/fragment_game_speed_adapter_item_update","name":"android.widget.LinearLayout","text":null,"desc":null,"clickable":true,"focusable":true,"checkable":false,"checked":false,"longClickable":false,"visibleToUser":true,"left":246,"top":1398,"right":687,"bottom":1638,"width":441,"height":240,"childCount":2,"index":1,"depth":14}},{"id":130,"pid":121,"index":2,"idQf":true,"textQf":null,"attr":{"id":"cn.ccspeed:id/fragment_adapter_layout_game_speed_btn","name":"android.widget.LinearLayout","text":null,"desc":null,"clickable":true,"focusable":true,"checkable":false,"checked":false,"longClickable":false,"visibleToUser":true,"left":687,"top":1477,"right":1002,"bottom":1558,"width":315,"height":81,"childCount":2,"index":2,"depth":14}},{"id":131,"pid":130,"index":0,"idQf":true,"textQf":null,"attr":{"id":"cn.ccspeed:id/layout_name","name":"android.widget.LinearLayout","text":null,"desc":null,"clickable":false,"focusable":false,"checkable":false,"checked":false,"longClickable":false,"visibleToUser":true,"left":717,"top":1492,"right":912,"bottom":1543,"width":195,"height":51,"childCount":1,"index":0,"depth":15}},{"id":132,"pid":130,"index":1,"idQf":true,"textQf":null,"attr":{"id":"cn.ccspeed:id/layout_choice","name":"android.widget.LinearLayout","text":null,"desc":null,"clickable":true,"focusable":true,"checkable":false,"checked":false,"longClickable":false,"visibleToUser":true,"left":912,"top":1477,"right":1002,"bottom":1558,"width":90,"height":81,"childCount":2,"index":1,"depth":15}},{"id":133,"pid":132,"index":0,"idQf":true,"textQf":null,"attr":{"id":"cn.ccspeed:id/view_line","name":"android.view.View","text":null,"desc":null,"clickable":false,"focusable":false,"checkable":false,"checked":false,"longClickable":false,"visibleToUser":true,"left":927,"top":1490,"right":929,"bottom":1544,"width":2,"height":54,"childCount":0,"index":0,"depth":16}},{"id":134,"pid":132,"index":1,"idQf":true,"textQf":null,"attr":{"id":"cn.ccspeed:id/iv_down","name":"android.widget.ImageView","text":null,"desc":null,"clickable":false,"focusable":false,"checkable":false,"checked":false,"longClickable":false,"visibleToUser":true,"left":944,"top":1505,"right":972,"bottom":1530,"width":28,"height":25,"childCount":0,"index":1,"depth":16}},{"id":135,"pid":131,"index":0,"idQf":true,"textQf":true,"attr":{"id":"cn.ccspeed:id/tv_game_speed_name","name":"android.widget.TextView","text":"菲律宾线路","desc":null,"clickable":true,"focusable":true,"checkable":false,"checked":false,"longClickable":false,"visibleToUser":true,"left":717,"top":1492,"right":912,"bottom":1543,"width":195,"height":51,"childCount":0,"index":0,"depth":16}},{"id":136,"pid":129,"index":0,"idQf":true,"textQf":true,"attr":{"id":"cn.ccspeed:id/fragment_game_speed_adapter_item_title","name":"android.widget.TextView","text":"Steam","desc":null,"clickable":false,"focusable":true,"checkable":false,"checked":false,"longClickable":false,"visibleToUser":true,"left":276,"top":1449,"right":657,"bottom":1507,"width":381,"height":58,"childCount":0,"index":0,"depth":15}},{"id":137,"pid":129,"index":1,"idQf":null,"textQf":null,"attr":{"id":null,"name":"android.widget.FrameLayout","text":null,"desc":null,"clickable":false,"focusable":false,"checkable":false,"checked":false,"longClickable":false,"visibleToUser":true,"left":276,"top":1540,"right":407,"bottom":1587,"width":131,"height":47,"childCount":1,"index":1,"depth":15}},{"id":138,"pid":137,"index":0,"idQf":true,"textQf":true,"attr":{"id":"cn.ccspeed:id/fragment_game_speed_adapter_item_info","name":"android.widget.TextView","text":"3.7.2","desc":null,"clickable":true,"focusable":true,"checkable":false,"checked":false,"longClickable":false,"visibleToUser":true,"left":276,"top":1540,"right":407,"bottom":1587,"width":131,"height":47,"childCount":0,"index":0,"depth":16}},{"id":139,"pid":128,"index":0,"idQf":null,"textQf":null,"attr":{"id":null,"name":"android.widget.ImageView","text":null,"desc":null,"clickable":false,"focusable":false,"checkable":false,"checked":false,"longClickable":false,"visibleToUser":true,"left":63,"top":1428,"right":246,"bottom":1611,"width":183,"height":183,"childCount":0,"index":0,"depth":15}},{"id":140,"pid":102,"index":0,"idQf":null,"textQf":null,"attr":{"id":null,"name":"android.widget.LinearLayout","text":null,"desc":null,"clickable":false,"focusable":false,"checkable":false,"checked":false,"longClickable":false,"visibleToUser":true,"left":39,"top":995,"right":1041,"bottom":1235,"width":1002,"height":240,"childCount":3,"index":0,"depth":13}},{"id":141,"pid":102,"index":1,"idQf":true,"textQf":null,"attr":{"id":"cn.ccspeed:id/line_helper","name":"android.view.View","text":null,"desc":null,"clickable":false,"focusable":false,"checkable":false,"checked":false,"longClickable":false,"visibleToUser":true,"left":39,"top":1235,"right":1041,"bottom":1236,"width":1002,"height":1,"childCount":0,"index":1,"depth":13}},{"id":142,"pid":102,"index":2,"idQf":true,"textQf":null,"attr":{"id":"cn.ccspeed:id/game_helper_type_recycleview","name":"androidx.recyclerview.widget.RecyclerView","text":null,"desc":null,"clickable":false,"focusable":true,"checkable":false,"checked":false,"longClickable":false,"visibleToUser":true,"left":39,"top":1236,"right":1041,"bottom":1365,"width":1002,"height":129,"childCount":1,"index":2,"depth":13}},{"id":143,"pid":142,"index":0,"idQf":true,"textQf":true,"attr":{"id":"cn.ccspeed:id/tv_game_helper_name","name":"android.widget.TextView","text":"分享抽奖","desc":null,"clickable":true,"focusable":true,"checkable":false,"checked":false,"longClickable":false,"visibleToUser":true,"left":39,"top":1236,"right":255,"bottom":1365,"width":216,"height":129,"childCount":0,"index":0,"depth":14}},{"id":144,"pid":140,"index":0,"idQf":true,"textQf":null,"attr":{"id":"cn.ccspeed:id/fragment_game_speed_adapter_item_icon","name":"android.widget.FrameLayout","text":null,"desc":null,"clickable":true,"focusable":true,"checkable":false,"checked":false,"longClickable":false,"visibleToUser":true,"left":60,"top":1022,"right":246,"bottom":1208,"width":186,"height":186,"childCount":1,"index":0,"depth":14}},{"id":145,"pid":140,"index":1,"idQf":true,"textQf":null,"attr":{"id":"cn.ccspeed:id/fragment_game_speed_adapter_item_update","name":"android.widget.LinearLayout","text":null,"desc":null,"clickable":true,"focusable":true,"checkable":false,"checked":false,"longClickable":false,"visibleToUser":true,"left":246,"top":995,"right":840,"bottom":1235,"width":594,"height":240,"childCount":2,"index":1,"depth":14}},{"id":146,"pid":140,"index":2,"idQf":true,"textQf":null,"attr":{"id":"cn.ccspeed:id/fragment_adapter_layout_game_speed_btn","name":"android.widget.LinearLayout","text":null,"desc":null,"clickable":true,"focusable":true,"checkable":false,"checked":false,"longClickable":false,"visibleToUser":true,"left":840,"top":1074,"right":1002,"bottom":1155,"width":162,"height":81,"childCount":1,"index":2,"depth":14}},{"id":147,"pid":146,"index":0,"idQf":true,"textQf":null,"attr":{"id":"cn.ccspeed:id/layout_name","name":"android.widget.LinearLayout","text":null,"desc":null,"clickable":false,"focusable":false,"checkable":false,"checked":false,"longClickable":false,"visibleToUser":true,"left":882,"top":1089,"right":960,"bottom":1140,"width":78,"height":51,"childCount":1,"index":0,"depth":15}},{"id":148,"pid":147,"index":0,"idQf":true,"textQf":true,"attr":{"id":"cn.ccspeed:id/tv_game_speed_name","name":"android.widget.TextView","text":"加速","desc":null,"clickable":true,"focusable":true,"checkable":false,"checked":false,"longClickable":false,"visibleToUser":true,"left":882,"top":1089,"right":960,"bottom":1140,"width":78,"height":51,"childCount":0,"index":0,"depth":16}},{"id":149,"pid":145,"index":0,"idQf":true,"textQf":true,"attr":{"id":"cn.ccspeed:id/fragment_game_speed_adapter_item_title","name":"android.widget.TextView","text":"CapCut - Video Editor","desc":null,"clickable":false,"focusable":true,"checkable":false,"checked":false,"longClickable":false,"visibleToUser":true,"left":276,"top":1046,"right":810,"bottom":1104,"width":534,"height":58,"childCount":0,"index":0,"depth":15}},{"id":150,"pid":145,"index":1,"idQf":null,"textQf":null,"attr":{"id":null,"name":"android.widget.FrameLayout","text":null,"desc":null,"clickable":false,"focusable":false,"checkable":false,"checked":false,"longClickable":false,"visibleToUser":true,"left":276,"top":1137,"right":414,"bottom":1184,"width":138,"height":47,"childCount":1,"index":1,"depth":15}},{"id":151,"pid":150,"index":0,"idQf":true,"textQf":true,"attr":{"id":"cn.ccspeed:id/fragment_game_speed_adapter_item_info","name":"android.widget.TextView","text":"9.5.0","desc":null,"clickable":true,"focusable":true,"checkable":false,"checked":false,"longClickable":false,"visibleToUser":true,"left":276,"top":1137,"right":414,"bottom":1184,"width":138,"height":47,"childCount":0,"index":0,"depth":16}},{"id":152,"pid":144,"index":0,"idQf":null,"textQf":null,"attr":{"id":null,"name":"android.widget.ImageView","text":null,"desc":null,"clickable":false,"focusable":false,"checkable":false,"checked":false,"longClickable":false,"visibleToUser":true,"left":63,"top":1025,"right":246,"bottom":1208,"width":183,"height":183,"childCount":0,"index":0,"depth":15}},{"id":153,"pid":101,"index":0,"idQf":null,"textQf":null,"attr":{"id":null,"name":"android.widget.LinearLayout","text":null,"desc":null,"clickable":false,"focusable":false,"checkable":false,"checked":false,"longClickable":false,"visibleToUser":true,"left":0,"top":462,"right":1080,"bottom":995,"width":1080,"height":533,"childCount":1,"index":0,"depth":13}},{"id":154,"pid":153,"index":0,"idQf":null,"textQf":null,"attr":{"id":null,"name":"android.widget.LinearLayout","text":null,"desc":null,"clickable":false,"focusable":false,"checkable":false,"checked":false,"longClickable":false,"visibleToUser":true,"left":0,"top":462,"right":1080,"bottom":995,"width":1080,"height":533,"childCount":2,"index":0,"depth":14}},{"id":155,"pid":154,"index":0,"idQf":true,"textQf":null,"attr":{"id":"cn.ccspeed:id/fl_banner","name":"android.widget.FrameLayout","text":null,"desc":null,"clickable":false,"focusable":false,"checkable":false,"checked":false,"longClickable":false,"visibleToUser":true,"left":39,"top":510,"right":1041,"bottom":795,"width":1002,"height":285,"childCount":2,"index":0,"depth":15}},{"id":156,"pid":154,"index":1,"idQf":true,"textQf":null,"attr":{"id":"cn.ccspeed:id/fragment_game_speed_list_two_channel_mode","name":"android.view.ViewGroup","text":null,"desc":null,"clickable":false,"focusable":false,"checkable":false,"checked":false,"longClickable":false,"visibleToUser":true,"left":39,"top":843,"right":1041,"bottom":947,"width":1002,"height":104,"childCount":3,"index":1,"depth":15}},{"id":157,"pid":156,"index":0,"idQf":null,"textQf":null,"attr":{"id":null,"name":"android.widget.ImageView","text":null,"desc":null,"clickable":false,"focusable":false,"checkable":false,"checked":false,"longClickable":false,"visibleToUser":true,"left":39,"top":843,"right":359,"bottom":947,"width":320,"height":104,"childCount":0,"index":0,"depth":16}},{"id":158,"pid":156,"index":1,"idQf":true,"textQf":true,"attr":{"id":"cn.ccspeed:id/tv_desc","name":"android.widget.TextView","text":"基础模式: 锁定WiFi或4G单个网络，稳定加速","desc":null,"clickable":false,"focusable":false,"checkable":false,"checked":false,"longClickable":false,"visibleToUser":true,"left":63,"top":869,"right":864,"bottom":922,"width":801,"height":53,"childCount":0,"index":1,"depth":16}},{"id":159,"pid":156,"index":2,"idQf":true,"textQf":true,"attr":{"id":"cn.ccspeed:id/tv_change","name":"android.widget.TextView","text":"切换","desc":null,"clickable":true,"focusable":true,"checkable":false,"checked":false,"longClickable":false,"visibleToUser":true,"left":888,"top":862,"right":1023,"bottom":929,"width":135,"height":67,"childCount":0,"index":2,"depth":16}},{"id":160,"pid":155,"index":0,"idQf":true,"textQf":null,"attr":{"id":"cn.ccspeed:id/view_pager","name":"androidx.viewpager.widget.ViewPager","text":null,"desc":null,"clickable":false,"focusable":true,"checkable":false,"checked":false,"longClickable":false,"visibleToUser":true,"left":39,"top":510,"right":1041,"bottom":795,"width":1002,"height":285,"childCount":3,"index":0,"depth":16}},{"id":161,"pid":155,"index":1,"idQf":true,"textQf":null,"attr":{"id":"cn.ccspeed:id/layout_indicator","name":"android.widget.LinearLayout","text":null,"desc":null,"clickable":false,"focusable":false,"checkable":false,"checked":false,"longClickable":false,"visibleToUser":true,"left":903,"top":534,"right":1011,"bottom":549,"width":108,"height":15,"childCount":4,"index":1,"depth":16}},{"id":162,"pid":161,"index":0,"idQf":null,"textQf":null,"attr":{"id":null,"name":"android.view.View","text":null,"desc":null,"clickable":false,"focusable":false,"checkable":false,"checked":false,"longClickable":false,"visibleToUser":true,"left":903,"top":534,"right":918,"bottom":549,"width":15,"height":15,"childCount":0,"index":0,"depth":17}},{"id":163,"pid":161,"index":1,"idQf":null,"textQf":null,"attr":{"id":null,"name":"android.view.View","text":null,"desc":null,"clickable":false,"focusable":false,"checkable":false,"checked":false,"longClickable":false,"visibleToUser":true,"left":930,"top":534,"right":945,"bottom":549,"width":15,"height":15,"childCount":0,"index":1,"depth":17}},{"id":164,"pid":161,"index":2,"idQf":null,"textQf":null,"attr":{"id":null,"name":"android.view.View","text":null,"desc":null,"clickable":false,"focusable":false,"checkable":false,"checked":false,"longClickable":false,"visibleToUser":true,"left":957,"top":534,"right":972,"bottom":549,"width":15,"height":15,"childCount":0,"index":2,"depth":17}},{"id":165,"pid":161,"index":3,"idQf":null,"textQf":null,"attr":{"id":null,"name":"android.view.View","text":null,"desc":null,"clickable":false,"focusable":false,"checkable":false,"checked":false,"longClickable":false,"visibleToUser":true,"left":984,"top":534,"right":999,"bottom":549,"width":15,"height":15,"childCount":0,"index":3,"depth":17}},{"id":166,"pid":160,"index":0,"idQf":null,"textQf":null,"attr":{"id":null,"name":"android.widget.ImageView","text":null,"desc":null,"clickable":true,"focusable":true,"checkable":false,"checked":false,"longClickable":false,"visibleToUser":false,"left":39,"top":510,"right":39,"bottom":795,"width":0,"height":285,"childCount":0,"index":0,"depth":17}},{"id":167,"pid":160,"index":1,"idQf":null,"textQf":null,"attr":{"id":null,"name":"android.widget.ImageView","text":null,"desc":null,"clickable":true,"focusable":true,"checkable":false,"checked":false,"longClickable":false,"visibleToUser":true,"left":39,"top":510,"right":1041,"bottom":795,"width":1002,"height":285,"childCount":0,"index":1,"depth":17}},{"id":168,"pid":160,"index":2,"idQf":null,"textQf":null,"attr":{"id":null,"name":"android.widget.ImageView","text":null,"desc":null,"clickable":true,"focusable":true,"checkable":false,"checked":false,"longClickable":false,"visibleToUser":false,"left":1041,"top":510,"right":1041,"bottom":795,"width":0,"height":285,"childCount":0,"index":2,"depth":17}},{"id":169,"pid":91,"index":0,"idQf":null,"textQf":null,"attr":{"id":null,"name":"android.widget.LinearLayout","text":null,"desc":null,"clickable":false,"focusable":false,"checkable":false,"checked":false,"longClickable":false,"visibleToUser":true,"left":0,"top":372,"right":1080,"bottom":461,"width":1080,"height":89,"childCount":3,"index":0,"depth":11}},{"id":170,"pid":169,"index":0,"idQf":true,"textQf":true,"attr":{"id":"cn.ccspeed:id/tv_game_speed_time_label","name":"android.widget.TextView","text":"今日剩余免费时长","desc":null,"clickable":false,"focusable":false,"checkable":false,"checked":false,"longClickable":false,"visibleToUser":true,"left":39,"top":393,"right":386,"bottom":440,"width":347,"height":47,"childCount":0,"index":0,"depth":12}},{"id":171,"pid":169,"index":1,"idQf":true,"textQf":true,"attr":{"id":"cn.ccspeed:id/tv_game_speed_time","name":"android.widget.TextView","text":"00:00:00","desc":null,"clickable":false,"focusable":false,"checkable":false,"checked":false,"longClickable":false,"visibleToUser":true,"left":401,"top":393,"right":569,"bottom":440,"width":168,"height":47,"childCount":0,"index":1,"depth":12}},{"id":172,"pid":169,"index":2,"idQf":true,"textQf":true,"attr":{"id":"cn.ccspeed:id/tv_game_speed_time_btn","name":"android.widget.TextView","text":"免费获取加速时长","desc":null,"clickable":true,"focusable":true,"checkable":false,"checked":false,"longClickable":false,"visibleToUser":true,"left":725,"top":393,"right":1041,"bottom":440,"width":316,"height":47,"childCount":0,"index":2,"depth":12}},{"id":173,"pid":90,"index":0,"idQf":true,"textQf":null,"attr":{"id":"cn.ccspeed:id/actionbar_search_layout_input_layout","name":"android.widget.LinearLayout","text":null,"desc":null,"clickable":false,"focusable":false,"checkable":false,"checked":false,"longClickable":false,"visibleToUser":true,"left":39,"top":250,"right":1041,"bottom":349,"width":1002,"height":99,"childCount":1,"index":0,"depth":11}},{"id":174,"pid":173,"index":0,"idQf":true,"textQf":false,"attr":{"id":"cn.ccspeed:id/actionbar_search_layout_input","name":"android.widget.EditText","text":"现代战舰","desc":null,"clickable":true,"focusable":true,"checkable":false,"checked":false,"longClickable":true,"visibleToUser":true,"left":381,"top":250,"right":639,"bottom":349,"width":258,"height":99,"childCount":0,"index":0,"depth":12}},{"id":175,"pid":89,"index":0,"idQf":null,"textQf":true,"attr":{"id":null,"name":"android.widget.TextView","text":"CC加速器","desc":null,"clickable":false,"focusable":false,"checkable":false,"checked":false,"longClickable":false,"visibleToUser":true,"left":39,"top":84,"right":395,"bottom":228,"width":356,"height":144,"childCount":0,"index":0,"depth":11}},{"id":176,"pid":16,"index":0,"idQf":null,"textQf":null,"attr":{"id":null,"name":"android.widget.LinearLayout","text":null,"desc":null,"clickable":false,"focusable":false,"checkable":false,"checked":false,"longClickable":false,"visibleToUser":false,"left":0,"top":0,"right":0,"bottom":2250,"width":0,"height":2250,"childCount":4,"index":0,"depth":9}},{"id":177,"pid":16,"index":1,"idQf":true,"textQf":null,"attr":{"id":"cn.ccspeed:id/toolbar","name":"android.view.ViewGroup","text":null,"desc":null,"clickable":false,"focusable":false,"checkable":false,"checked":false,"longClickable":false,"visibleToUser":false,"left":0,"top":0,"right":0,"bottom":228,"width":0,"height":228,"childCount":3,"index":1,"depth":9}},{"id":178,"pid":177,"index":0,"idQf":true,"textQf":null,"attr":{"id":"cn.ccspeed:id/actionbar_title_layout_title","name":"android.widget.TextView","text":null,"desc":null,"clickable":true,"focusable":true,"checkable":false,"checked":false,"longClickable":false,"visibleToUser":false,"left":0,"top":84,"right":0,"bottom":228,"width":0,"height":144,"childCount":0,"index":0,"depth":10}},{"id":179,"pid":177,"index":1,"idQf":true,"textQf":null,"attr":{"id":"cn.ccspeed:id/actionbar_title_layout_left_icon","name":"android.widget.TextView","text":null,"desc":null,"clickable":true,"focusable":true,"checkable":false,"checked":false,"longClickable":false,"visibleToUser":false,"left":0,"top":84,"right":-936,"bottom":228,"width":-936,"height":144,"childCount":0,"index":1,"depth":10}},{"id":180,"pid":177,"index":2,"idQf":true,"textQf":null,"attr":{"id":"cn.ccspeed:id/actionbar_title_layout_menu","name":"android.widget.LinearLayout","text":null,"desc":null,"clickable":false,"focusable":false,"checkable":false,"checked":false,"longClickable":false,"visibleToUser":false,"left":144,"top":84,"right":0,"bottom":228,"width":-144,"height":144,"childCount":0,"index":2,"depth":10}},{"id":181,"pid":176,"index":0,"idQf":true,"textQf":null,"attr":{"id":"cn.ccspeed:id/toolbar","name":"android.view.ViewGroup","text":null,"desc":null,"clickable":false,"focusable":false,"checkable":false,"checked":false,"longClickable":false,"visibleToUser":false,"left":0,"top":0,"right":0,"bottom":228,"width":0,"height":228,"childCount":1,"index":0,"depth":10}},{"id":182,"pid":176,"index":1,"idQf":true,"textQf":null,"attr":{"id":"cn.ccspeed:id/actionbar_search_layout","name":"android.view.ViewGroup","text":null,"desc":null,"clickable":true,"focusable":true,"checkable":false,"checked":false,"longClickable":false,"visibleToUser":false,"left":0,"top":228,"right":-39,"bottom":372,"width":-39,"height":144,"childCount":1,"index":1,"depth":10}},{"id":183,"pid":176,"index":2,"idQf":true,"textQf":null,"attr":{"id":"cn.ccspeed:id/tab_widget","name":"android.widget.TextView","text":null,"desc":null,"clickable":true,"focusable":true,"checkable":false,"checked":false,"longClickable":false,"visibleToUser":false,"left":0,"top":372,"right":0,"bottom":516,"width":0,"height":144,"childCount":0,"index":2,"depth":10}},{"id":184,"pid":176,"index":3,"idQf":true,"textQf":null,"attr":{"id":"cn.ccspeed:id/layout_viewpager","name":"androidx.viewpager.widget.ViewPager","text":null,"desc":null,"clickable":false,"focusable":true,"checkable":false,"checked":false,"longClickable":false,"visibleToUser":false,"left":0,"top":516,"right":0,"bottom":2250,"width":0,"height":1734,"childCount":4,"index":3,"depth":10}},{"id":185,"pid":184,"index":0,"idQf":true,"textQf":null,"attr":{"id":"cn.ccspeed:id/fragment_recommend_refresh","name":"android.view.ViewGroup","text":null,"desc":null,"clickable":false,"focusable":false,"checkable":false,"checked":false,"longClickable":false,"visibleToUser":false,"left":0,"top":516,"right":0,"bottom":2250,"width":0,"height":1734,"childCount":1,"index":0,"depth":11}},{"id":186,"pid":184,"index":1,"idQf":true,"textQf":null,"attr":{"id":"cn.ccspeed:id/fragment_home_ranking_layout","name":"android.widget.LinearLayout","text":null,"desc":null,"clickable":false,"focusable":false,"checkable":false,"checked":false,"longClickable":false,"visibleToUser":false,"left":0,"top":516,"right":0,"bottom":2250,"width":0,"height":1734,"childCount":3,"index":1,"depth":11}},{"id":187,"pid":184,"index":2,"idQf":true,"textQf":null,"attr":{"id":"cn.ccspeed:id/layout_recycleview_pull","name":"android.view.ViewGroup","text":null,"desc":null,"clickable":false,"focusable":false,"checkable":false,"checked":false,"longClickable":false,"visibleToUser":false,"left":1080,"top":516,"right":0,"bottom":2250,"width":-1080,"height":1734,"childCount":1,"index":2,"depth":11}},{"id":188,"pid":184,"index":3,"idQf":null,"textQf":null,"attr":{"id":null,"name":"android.widget.FrameLayout","text":null,"desc":null,"clickable":false,"focusable":false,"checkable":false,"checked":false,"longClickable":false,"visibleToUser":false,"left":2160,"top":516,"right":0,"bottom":2250,"width":-2160,"height":1734,"childCount":1,"index":3,"depth":11}},{"id":189,"pid":188,"index":0,"idQf":true,"textQf":null,"attr":{"id":"cn.ccspeed:id/fragment_home_plug_layout","name":"android.widget.LinearLayout","text":null,"desc":null,"clickable":false,"focusable":false,"checkable":false,"checked":false,"longClickable":false,"visibleToUser":false,"left":2160,"top":516,"right":0,"bottom":2250,"width":-2160,"height":1734,"childCount":1,"index":0,"depth":12}},{"id":190,"pid":189,"index":0,"idQf":true,"textQf":null,"attr":{"id":"cn.ccspeed:id/frame_right","name":"android.widget.FrameLayout","text":null,"desc":null,"clickable":false,"focusable":false,"checkable":false,"checked":false,"longClickable":false,"visibleToUser":false,"left":2160,"top":516,"right":0,"bottom":2250,"width":-2160,"height":1734,"childCount":0,"index":0,"depth":13}},{"id":191,"pid":187,"index":0,"idQf":null,"textQf":null,"attr":{"id":null,"name":"android.widget.FrameLayout","text":null,"desc":null,"clickable":false,"focusable":false,"checkable":false,"checked":false,"longClickable":false,"visibleToUser":false,"left":1080,"top":516,"right":0,"bottom":2250,"width":-1080,"height":1734,"childCount":1,"index":0,"depth":12}},{"id":192,"pid":191,"index":0,"idQf":true,"textQf":null,"attr":{"id":"cn.ccspeed:id/layout_recycleview","name":"androidx.recyclerview.widget.RecyclerView","text":null,"desc":null,"clickable":false,"focusable":true,"checkable":false,"checked":false,"longClickable":false,"visibleToUser":false,"left":1080,"top":516,"right":0,"bottom":2250,"width":-1080,"height":1734,"childCount":0,"index":0,"depth":13}},{"id":193,"pid":186,"index":0,"idQf":null,"textQf":null,"attr":{"id":null,"name":"android.view.View","text":null,"desc":null,"clickable":false,"focusable":false,"checkable":false,"checked":false,"longClickable":false,"visibleToUser":false,"left":0,"top":516,"right":0,"bottom":517,"width":0,"height":1,"childCount":0,"index":0,"depth":12}},{"id":194,"pid":186,"index":1,"idQf":true,"textQf":null,"attr":{"id":"cn.ccspeed:id/fragment_home_ranking_layout_tab","name":"android.view.ViewGroup","text":null,"desc":null,"clickable":false,"focusable":false,"checkable":false,"checked":false,"longClickable":false,"visibleToUser":false,"left":0,"top":517,"right":0,"bottom":676,"width":0,"height":159,"childCount":4,"index":1,"depth":12}},{"id":195,"pid":186,"index":2,"idQf":true,"textQf":null,"attr":{"id":"cn.ccspeed:id/layout_viewpager","name":"androidx.viewpager.widget.ViewPager","text":null,"desc":null,"clickable":false,"focusable":true,"checkable":false,"checked":false,"longClickable":false,"visibleToUser":false,"left":0,"top":676,"right":0,"bottom":2250,"width":0,"height":1574,"childCount":4,"index":2,"depth":12}},{"id":196,"pid":195,"index":0,"idQf":true,"textQf":null,"attr":{"id":"cn.ccspeed:id/layout_recycleview_pull","name":"android.view.ViewGroup","text":null,"desc":null,"clickable":false,"focusable":false,"checkable":false,"checked":false,"longClickable":false,"visibleToUser":false,"left":0,"top":676,"right":0,"bottom":2250,"width":0,"height":1574,"childCount":1,"index":0,"depth":13}},{"id":197,"pid":195,"index":1,"idQf":true,"textQf":null,"attr":{"id":"cn.ccspeed:id/layout_recycleview_pull","name":"android.view.ViewGroup","text":null,"desc":null,"clickable":false,"focusable":false,"checkable":false,"checked":false,"longClickable":false,"visibleToUser":false,"left":1080,"top":676,"right":0,"bottom":2250,"width":-1080,"height":1574,"childCount":1,"index":1,"depth":13}},{"id":198,"pid":195,"index":2,"idQf":true,"textQf":null,"attr":{"id":"cn.ccspeed:id/layout_recycleview_pull","name":"android.view.ViewGroup","text":null,"desc":null,"clickable":false,"focusable":false,"checkable":false,"checked":false,"longClickable":false,"visibleToUser":false,"left":2160,"top":676,"right":0,"bottom":2250,"width":-2160,"height":1574,"childCount":1,"index":2,"depth":13}},{"id":199,"pid":195,"index":3,"idQf":true,"textQf":null,"attr":{"id":"cn.ccspeed:id/layout_recycleview_pull","name":"android.view.ViewGroup","text":null,"desc":null,"clickable":false,"focusable":false,"checkable":false,"checked":false,"longClickable":false,"visibleToUser":false,"left":3240,"top":676,"right":0,"bottom":2250,"width":-3240,"height":1574,"childCount":1,"index":3,"depth":13}},{"id":200,"pid":199,"index":0,"idQf":null,"textQf":null,"attr":{"id":null,"name":"android.widget.FrameLayout","text":null,"desc":null,"clickable":false,"focusable":false,"checkable":false,"checked":false,"longClickable":false,"visibleToUser":false,"left":3240,"top":676,"right":0,"bottom":2250,"width":-3240,"height":1574,"childCount":1,"index":0,"depth":14}},{"id":201,"pid":200,"index":0,"idQf":true,"textQf":null,"attr":{"id":"cn.ccspeed:id/layout_recycleview","name":"androidx.recyclerview.widget.RecyclerView","text":null,"desc":null,"clickable":false,"focusable":true,"checkable":false,"checked":false,"longClickable":false,"visibleToUser":false,"left":3240,"top":676,"right":0,"bottom":2250,"width":-3240,"height":1574,"childCount":0,"index":0,"depth":15}},{"id":202,"pid":198,"index":0,"idQf":null,"textQf":null,"attr":{"id":null,"name":"android.widget.FrameLayout","text":null,"desc":null,"clickable":false,"focusable":false,"checkable":false,"checked":false,"longClickable":false,"visibleToUser":false,"left":2160,"top":676,"right":0,"bottom":2250,"width":-2160,"height":1574,"childCount":1,"index":0,"depth":14}},{"id":203,"pid":202,"index":0,"idQf":true,"textQf":null,"attr":{"id":"cn.ccspeed:id/layout_recycleview","name":"androidx.recyclerview.widget.RecyclerView","text":null,"desc":null,"clickable":false,"focusable":true,"checkable":false,"checked":false,"longClickable":false,"visibleToUser":false,"left":2160,"top":676,"right":0,"bottom":2250,"width":-2160,"height":1574,"childCount":0,"index":0,"depth":15}},{"id":204,"pid":197,"index":0,"idQf":null,"textQf":null,"attr":{"id":null,"name":"android.widget.FrameLayout","text":null,"desc":null,"clickable":false,"focusable":false,"checkable":false,"checked":false,"longClickable":false,"visibleToUser":false,"left":1080,"top":676,"right":0,"bottom":2250,"width":-1080,"height":1574,"childCount":1,"index":0,"depth":14}},{"id":205,"pid":204,"index":0,"idQf":true,"textQf":null,"attr":{"id":"cn.ccspeed:id/layout_recycleview","name":"androidx.recyclerview.widget.RecyclerView","text":null,"desc":null,"clickable":false,"focusable":true,"checkable":false,"checked":false,"longClickable":false,"visibleToUser":false,"left":1080,"top":676,"right":0,"bottom":2250,"width":-1080,"height":1574,"childCount":0,"index":0,"depth":15}},{"id":206,"pid":196,"index":0,"idQf":null,"textQf":null,"attr":{"id":null,"name":"android.widget.FrameLayout","text":null,"desc":null,"clickable":false,"focusable":false,"checkable":false,"checked":false,"longClickable":false,"visibleToUser":false,"left":0,"top":676,"right":0,"bottom":2250,"width":0,"height":1574,"childCount":1,"index":0,"depth":14}},{"id":207,"pid":206,"index":0,"idQf":true,"textQf":null,"attr":{"id":"cn.ccspeed:id/layout_recycleview","name":"androidx.recyclerview.widget.RecyclerView","text":null,"desc":null,"clickable":false,"focusable":true,"checkable":false,"checked":false,"longClickable":false,"visibleToUser":false,"left":0,"top":676,"right":0,"bottom":2250,"width":0,"height":1574,"childCount":0,"index":0,"depth":15}},{"id":208,"pid":194,"index":0,"idQf":true,"textQf":true,"attr":{"id":"cn.ccspeed:id/fragment_home_ranking_layout_global","name":"android.widget.TextView","text":"全球榜","desc":null,"clickable":true,"focusable":true,"checkable":false,"checked":false,"longClickable":false,"visibleToUser":false,"left":39,"top":556,"right":0,"bottom":631,"width":-39,"height":75,"childCount":0,"index":0,"depth":13}},{"id":209,"pid":194,"index":1,"idQf":true,"textQf":true,"attr":{"id":"cn.ccspeed:id/fragment_home_ranking_layout_country","name":"android.widget.TextView","text":"国服榜","desc":null,"clickable":true,"focusable":true,"checkable":false,"checked":false,"longClickable":false,"visibleToUser":false,"left":303,"top":556,"right":0,"bottom":631,"width":-303,"height":75,"childCount":0,"index":1,"depth":13}},{"id":210,"pid":194,"index":2,"idQf":true,"textQf":true,"attr":{"id":"cn.ccspeed:id/fragment_home_ranking_layout_download","name":"android.widget.TextView","text":"下载榜","desc":null,"clickable":true,"focusable":true,"checkable":false,"checked":false,"longClickable":false,"visibleToUser":false,"left":567,"top":556,"right":0,"bottom":631,"width":-567,"height":75,"childCount":0,"index":2,"depth":13}},{"id":211,"pid":194,"index":3,"idQf":true,"textQf":true,"attr":{"id":"cn.ccspeed:id/fragment_home_ranking_layout_subscribe","name":"android.widget.TextView","text":"预约榜","desc":null,"clickable":true,"focusable":true,"checkable":false,"checked":false,"longClickable":false,"visibleToUser":false,"left":831,"top":556,"right":0,"bottom":631,"width":-831,"height":75,"childCount":0,"index":3,"depth":13}},{"id":212,"pid":185,"index":0,"idQf":null,"textQf":null,"attr":{"id":null,"name":"android.view.ViewGroup","text":null,"desc":null,"clickable":false,"focusable":false,"checkable":false,"checked":false,"longClickable":false,"visibleToUser":false,"left":0,"top":516,"right":0,"bottom":2250,"width":0,"height":1734,"childCount":1,"index":0,"depth":12}},{"id":213,"pid":212,"index":0,"idQf":null,"textQf":null,"attr":{"id":null,"name":"android.widget.FrameLayout","text":null,"desc":null,"clickable":false,"focusable":false,"checkable":false,"checked":false,"longClickable":false,"visibleToUser":false,"left":0,"top":516,"right":0,"bottom":2250,"width":0,"height":1734,"childCount":1,"index":0,"depth":13}},{"id":214,"pid":213,"index":0,"idQf":true,"textQf":null,"attr":{"id":"cn.ccspeed:id/layout_recycleview","name":"androidx.recyclerview.widget.RecyclerView","text":null,"desc":null,"clickable":false,"focusable":true,"checkable":false,"checked":false,"longClickable":false,"visibleToUser":false,"left":0,"top":516,"right":0,"bottom":2250,"width":0,"height":1734,"childCount":0,"index":0,"depth":14}},{"id":215,"pid":182,"index":0,"idQf":true,"textQf":null,"attr":{"id":"cn.ccspeed:id/actionbar_search_layout_input_layout","name":"android.widget.LinearLayout","text":null,"desc":null,"clickable":false,"focusable":false,"checkable":false,"checked":false,"longClickable":false,"visibleToUser":false,"left":0,"top":250,"right":-39,"bottom":349,"width":-39,"height":99,"childCount":1,"index":0,"depth":11}},{"id":216,"pid":215,"index":0,"idQf":true,"textQf":false,"attr":{"id":"cn.ccspeed:id/actionbar_search_layout_input","name":"android.widget.EditText","text":"现代战舰","desc":null,"clickable":true,"focusable":true,"checkable":false,"checked":false,"longClickable":true,"visibleToUser":false,"left":0,"top":250,"right":-441,"bottom":349,"width":-441,"height":99,"childCount":0,"index":0,"depth":12}},{"id":217,"pid":181,"index":0,"idQf":null,"textQf":true,"attr":{"id":null,"name":"android.widget.TextView","text":"CC加速器","desc":null,"clickable":false,"focusable":false,"checkable":false,"checked":false,"longClickable":false,"visibleToUser":false,"left":0,"top":84,"right":-685,"bottom":228,"width":-685,"height":144,"childCount":0,"index":0,"depth":11}}]}