{"id":1701965731288,"appId":"com.miui.systemAdSolution","activityId":null,"appName":"智能服务","appVersionCode":2023101911,"appVersionName":"2023.10.19.11-release","screenHeight":2400,"screenWidth":1080,"isLandscape":false,"gkdVersionCode":14,"gkdVersionName":"1.5.4","device":{"device":"alioth","model":"M2012K11AC","manufacturer":"Xiaomi","brand":"Redmi","sdkInt":33,"release":"13"},"nodes":[{"id":0,"pid":-1,"index":0,"idQf":null,"textQf":null,"attr":{"id":null,"name":"android.widget.FrameLayout","text":null,"desc":null,"clickable":false,"focusable":false,"checkable":false,"checked":false,"longClickable":false,"visibleToUser":true,"left":0,"top":0,"right":1080,"bottom":2400,"width":1080,"height":2400,"childCount":1,"index":0,"depth":0}},{"id":1,"pid":0,"index":0,"idQf":null,"textQf":null,"attr":{"id":null,"name":"android.widget.FrameLayout","text":null,"desc":null,"clickable":false,"focusable":false,"checkable":false,"checked":false,"longClickable":false,"visibleToUser":true,"left":0,"top":0,"right":1080,"bottom":2400,"width":1080,"height":2400,"childCount":1,"index":0,"depth":1}},{"id":2,"pid":1,"index":0,"idQf":true,"textQf":null,"attr":{"id":"com.miui.systemAdSolution:id/view_main_container","name":"android.widget.FrameLayout","text":null,"desc":null,"clickable":false,"focusable":false,"checkable":false,"checked":false,"longClickable":false,"visibleToUser":true,"left":0,"top":0,"right":1080,"bottom":2400,"width":1080,"height":2400,"childCount":3,"index":0,"depth":2}},{"id":3,"pid":2,"index":0,"idQf":true,"textQf":null,"attr":{"id":"com.miui.systemAdSolution:id/view_place_holder_image_nine","name":"android.widget.ImageView","text":null,"desc":null,"clickable":false,"focusable":false,"checkable":false,"checked":false,"longClickable":false,"visibleToUser":true,"left":0,"top":0,"right":1080,"bottom":2400,"width":1080,"height":2400,"childCount":0,"index":0,"depth":3}},{"id":4,"pid":2,"index":1,"idQf":true,"textQf":null,"attr":{"id":"com.miui.systemAdSolution:id/view_place_holder_image","name":"android.widget.ImageView","text":null,"desc":null,"clickable":false,"focusable":false,"checkable":false,"checked":false,"longClickable":false,"visibleToUser":true,"left":0,"top":0,"right":1080,"bottom":2400,"width":1080,"height":2400,"childCount":0,"index":1,"depth":3}},{"id":5,"pid":2,"index":2,"idQf":null,"textQf":null,"attr":{"id":null,"name":"android.widget.FrameLayout","text":null,"desc":null,"clickable":false,"focusable":false,"checkable":false,"checked":false,"longClickable":false,"visibleToUser":true,"left":0,"top":0,"right":1080,"bottom":2400,"width":1080,"height":2400,"childCount":1,"index":2,"depth":3}},{"id":6,"pid":5,"index":0,"idQf":null,"textQf":null,"attr":{"id":null,"name":"android.widget.LinearLayout","text":null,"desc":null,"clickable":false,"focusable":false,"checkable":false,"checked":false,"longClickable":false,"visibleToUser":true,"left":0,"top":0,"right":1080,"bottom":2400,"width":1080,"height":2400,"childCount":1,"index":0,"depth":4}},{"id":7,"pid":6,"index":0,"idQf":true,"textQf":null,"attr":{"id":"com.miui.systemAdSolution:id/view_ad_view_container","name":"android.widget.RelativeLayout","text":null,"desc":null,"clickable":true,"focusable":true,"checkable":false,"checked":false,"longClickable":false,"visibleToUser":true,"left":0,"top":0,"right":1080,"bottom":2400,"width":1080,"height":2400,"childCount":5,"index":0,"depth":5}},{"id":8,"pid":7,"index":0,"idQf":true,"textQf":null,"attr":{"id":"com.miui.systemAdSolution:id/image_text_material_bg","name":"android.view.View","text":null,"desc":null,"clickable":false,"focusable":false,"checkable":false,"checked":false,"longClickable":false,"visibleToUser":true,"left":0,"top":0,"right":1080,"bottom":2400,"width":1080,"height":2400,"childCount":0,"index":0,"depth":6}},{"id":9,"pid":7,"index":1,"idQf":true,"textQf":null,"attr":{"id":"com.miui.systemAdSolution:id/view_splashAdSloganFlagView","name":"android.widget.FrameLayout","text":null,"desc":null,"clickable":false,"focusable":false,"checkable":false,"checked":false,"longClickable":false,"visibleToUser":true,"left":0,"top":0,"right":1080,"bottom":2400,"width":1080,"height":2400,"childCount":1,"index":1,"depth":6}},{"id":10,"pid":7,"index":2,"idQf":true,"textQf":null,"attr":{"id":"com.miui.systemAdSolution:id/splash_ad_view_gesture_view","name":"android.widget.FrameLayout","text":null,"desc":null,"clickable":false,"focusable":false,"checkable":false,"checked":false,"longClickable":false,"visibleToUser":true,"left":0,"top":0,"right":1080,"bottom":2400,"width":1080,"height":2400,"childCount":1,"index":2,"depth":6}},{"id":11,"pid":7,"index":3,"idQf":true,"textQf":null,"attr":{"id":"com.miui.systemAdSolution:id/image_text_material_group","name":"android.widget.RelativeLayout","text":null,"desc":null,"clickable":false,"focusable":false,"checkable":false,"checked":false,"longClickable":false,"visibleToUser":true,"left":0,"top":0,"right":1080,"bottom":2139,"width":1080,"height":2139,"childCount":1,"index":3,"depth":6}},{"id":12,"pid":7,"index":4,"idQf":null,"textQf":null,"attr":{"id":null,"name":"android.widget.LinearLayout","text":null,"desc":null,"clickable":false,"focusable":false,"checkable":false,"checked":false,"longClickable":false,"visibleToUser":true,"left":0,"top":2033,"right":1080,"bottom":2119,"width":1080,"height":86,"childCount":2,"index":4,"depth":6}},{"id":13,"pid":12,"index":0,"idQf":null,"textQf":null,"attr":{"id":null,"name":"android.widget.LinearLayout","text":null,"desc":null,"clickable":false,"focusable":false,"checkable":false,"checked":false,"longClickable":false,"visibleToUser":true,"left":272,"top":2036,"right":807,"bottom":2073,"width":535,"height":37,"childCount":3,"index":0,"depth":7}},{"id":14,"pid":12,"index":1,"idQf":null,"textQf":null,"attr":{"id":null,"name":"android.widget.LinearLayout","text":null,"desc":null,"clickable":false,"focusable":false,"checkable":false,"checked":false,"longClickable":false,"visibleToUser":true,"left":329,"top":2079,"right":750,"bottom":2116,"width":421,"height":37,"childCount":7,"index":1,"depth":7}},{"id":15,"pid":14,"index":0,"idQf":null,"textQf":true,"attr":{"id":null,"name":"android.widget.TextView","text":"版本号：9.5.8.0","desc":null,"clickable":false,"focusable":false,"checkable":false,"checked":false,"longClickable":false,"visibleToUser":true,"left":329,"top":2079,"right":522,"bottom":2116,"width":193,"height":37,"childCount":0,"index":0,"depth":8}},{"id":16,"pid":14,"index":1,"idQf":null,"textQf":null,"attr":{"id":null,"name":"android.widget.LinearLayout","text":null,"desc":null,"clickable":false,"focusable":false,"checkable":false,"checked":false,"longClickable":false,"visibleToUser":true,"left":522,"top":2085,"right":544,"bottom":2109,"width":22,"height":24,"childCount":1,"index":1,"depth":8}},{"id":17,"pid":14,"index":2,"idQf":true,"textQf":true,"attr":{"id":"com.miui.systemAdSolution:id/splash_five_elements_appPrivacyView","name":"android.widget.TextView","text":"隐私","desc":null,"clickable":true,"focusable":true,"checkable":false,"checked":false,"longClickable":false,"visibleToUser":true,"left":544,"top":2079,"right":598,"bottom":2116,"width":54,"height":37,"childCount":0,"index":2,"depth":8}},{"id":18,"pid":14,"index":3,"idQf":null,"textQf":null,"attr":{"id":null,"name":"android.widget.LinearLayout","text":null,"desc":null,"clickable":false,"focusable":false,"checkable":false,"checked":false,"longClickable":false,"visibleToUser":true,"left":598,"top":2085,"right":620,"bottom":2109,"width":22,"height":24,"childCount":1,"index":3,"depth":8}},{"id":19,"pid":14,"index":4,"idQf":true,"textQf":true,"attr":{"id":"com.miui.systemAdSolution:id/splash_five_elements_appPermissionView","name":"android.widget.TextView","text":"权限","desc":null,"clickable":true,"focusable":true,"checkable":false,"checked":false,"longClickable":false,"visibleToUser":true,"left":620,"top":2079,"right":674,"bottom":2116,"width":54,"height":37,"childCount":0,"index":4,"depth":8}},{"id":20,"pid":14,"index":5,"idQf":null,"textQf":null,"attr":{"id":null,"name":"android.widget.LinearLayout","text":null,"desc":null,"clickable":false,"focusable":false,"checkable":false,"checked":false,"longClickable":false,"visibleToUser":true,"left":674,"top":2085,"right":696,"bottom":2109,"width":22,"height":24,"childCount":1,"index":5,"depth":8}},{"id":21,"pid":14,"index":6,"idQf":true,"textQf":true,"attr":{"id":"com.miui.systemAdSolution:id/splash_five_elements_appIntroductionView","name":"android.widget.TextView","text":"介绍","desc":null,"clickable":true,"focusable":true,"checkable":false,"checked":false,"longClickable":false,"visibleToUser":true,"left":696,"top":2079,"right":750,"bottom":2116,"width":54,"height":37,"childCount":0,"index":6,"depth":8}},{"id":22,"pid":20,"index":0,"idQf":null,"textQf":null,"attr":{"id":null,"name":"android.view.View","text":null,"desc":null,"clickable":false,"focusable":false,"checkable":false,"checked":false,"longClickable":false,"visibleToUser":true,"left":684,"top":2085,"right":686,"bottom":2109,"width":2,"height":24,"childCount":0,"index":0,"depth":9}},{"id":23,"pid":18,"index":0,"idQf":null,"textQf":null,"attr":{"id":null,"name":"android.view.View","text":null,"desc":null,"clickable":false,"focusable":false,"checkable":false,"checked":false,"longClickable":false,"visibleToUser":true,"left":608,"top":2085,"right":610,"bottom":2109,"width":2,"height":24,"childCount":0,"index":0,"depth":9}},{"id":24,"pid":16,"index":0,"idQf":null,"textQf":null,"attr":{"id":null,"name":"android.view.View","text":null,"desc":null,"clickable":false,"focusable":false,"checkable":false,"checked":false,"longClickable":false,"visibleToUser":true,"left":532,"top":2085,"right":534,"bottom":2109,"width":2,"height":24,"childCount":0,"index":0,"depth":9}},{"id":25,"pid":13,"index":0,"idQf":null,"textQf":true,"attr":{"id":null,"name":"android.widget.TextView","text":"头条搜索极速版","desc":null,"clickable":false,"focusable":false,"checkable":false,"checked":false,"longClickable":false,"visibleToUser":true,"left":272,"top":2036,"right":461,"bottom":2073,"width":189,"height":37,"childCount":0,"index":0,"depth":8}},{"id":26,"pid":13,"index":1,"idQf":null,"textQf":null,"attr":{"id":null,"name":"android.widget.LinearLayout","text":null,"desc":null,"clickable":false,"focusable":false,"checkable":false,"checked":false,"longClickable":false,"visibleToUser":true,"left":461,"top":2042,"right":483,"bottom":2066,"width":22,"height":24,"childCount":1,"index":1,"depth":8}},{"id":27,"pid":13,"index":2,"idQf":null,"textQf":true,"attr":{"id":null,"name":"android.widget.TextView","text":"北京抖音信息服务有限公司","desc":null,"clickable":false,"focusable":false,"checkable":false,"checked":false,"longClickable":false,"visibleToUser":true,"left":483,"top":2036,"right":807,"bottom":2073,"width":324,"height":37,"childCount":0,"index":2,"depth":8}},{"id":28,"pid":26,"index":0,"idQf":null,"textQf":null,"attr":{"id":null,"name":"android.view.View","text":null,"desc":null,"clickable":false,"focusable":false,"checkable":false,"checked":false,"longClickable":false,"visibleToUser":true,"left":471,"top":2042,"right":473,"bottom":2066,"width":2,"height":24,"childCount":0,"index":0,"depth":9}},{"id":29,"pid":11,"index":0,"idQf":null,"textQf":null,"attr":{"id":null,"name":"android.widget.FrameLayout","text":null,"desc":null,"clickable":false,"focusable":false,"checkable":false,"checked":false,"longClickable":false,"visibleToUser":true,"left":31,"top":507,"right":1048,"bottom":1310,"width":1017,"height":803,"childCount":1,"index":0,"depth":7}},{"id":30,"pid":29,"index":0,"idQf":true,"textQf":null,"attr":{"id":"com.miui.systemAdSolution:id/splash_image_text_style_group","name":"android.view.ViewGroup","text":null,"desc":null,"clickable":false,"focusable":false,"checkable":false,"checked":false,"longClickable":false,"visibleToUser":true,"left":31,"top":507,"right":1048,"bottom":1310,"width":1017,"height":803,"childCount":4,"index":0,"depth":8}},{"id":31,"pid":30,"index":0,"idQf":true,"textQf":null,"attr":{"id":"com.miui.systemAdSolution:id/image_text_material_style_image","name":"android.widget.ImageView","text":null,"desc":null,"clickable":true,"focusable":true,"checkable":false,"checked":false,"longClickable":false,"visibleToUser":true,"left":31,"top":507,"right":1048,"bottom":1079,"width":1017,"height":572,"childCount":0,"index":0,"depth":9}},{"id":32,"pid":30,"index":1,"idQf":true,"textQf":true,"attr":{"id":"com.miui.systemAdSolution:id/image_text_material_style_ad_flag","name":"android.widget.TextView","text":" Σ 广告","desc":null,"clickable":false,"focusable":false,"checkable":false,"checked":false,"longClickable":false,"visibleToUser":true,"left":950,"top":1023,"right":1028,"bottom":1059,"width":78,"height":36,"childCount":0,"index":1,"depth":9}},{"id":33,"pid":30,"index":2,"idQf":true,"textQf":null,"attr":{"id":"com.miui.systemAdSolution:id/image_text_material_style_icon","name":"android.widget.ImageView","text":null,"desc":null,"clickable":true,"focusable":true,"checkable":false,"checked":false,"longClickable":false,"visibleToUser":true,"left":71,"top":1121,"right":219,"bottom":1269,"width":148,"height":148,"childCount":0,"index":2,"depth":9}},{"id":34,"pid":30,"index":3,"idQf":null,"textQf":null,"attr":{"id":null,"name":"android.widget.LinearLayout","text":null,"desc":null,"clickable":false,"focusable":false,"checkable":false,"checked":false,"longClickable":false,"visibleToUser":true,"left":249,"top":1133,"right":984,"bottom":1257,"width":735,"height":124,"childCount":2,"index":3,"depth":9}},{"id":35,"pid":34,"index":0,"idQf":true,"textQf":true,"attr":{"id":"com.miui.systemAdSolution:id/image_text_material_style_appname","name":"android.widget.TextView","text":"头条搜索极速版","desc":null,"clickable":false,"focusable":false,"checkable":false,"checked":false,"longClickable":false,"visibleToUser":true,"left":249,"top":1133,"right":592,"bottom":1199,"width":343,"height":66,"childCount":0,"index":0,"depth":10}},{"id":36,"pid":34,"index":1,"idQf":true,"textQf":true,"attr":{"id":"com.miui.systemAdSolution:id/image_text_material_style_title","name":"android.widget.TextView","text":"易错字词、易混淆集合，来头条极速版搜索学习","desc":null,"clickable":false,"focusable":false,"checkable":false,"checked":false,"longClickable":false,"visibleToUser":true,"left":249,"top":1210,"right":984,"bottom":1257,"width":735,"height":47,"childCount":0,"index":1,"depth":10}},{"id":37,"pid":10,"index":0,"idQf":null,"textQf":null,"attr":{"id":null,"name":"android.widget.FrameLayout","text":null,"desc":null,"clickable":false,"focusable":false,"checkable":false,"checked":false,"longClickable":false,"visibleToUser":true,"left":0,"top":0,"right":1080,"bottom":2400,"width":1080,"height":2400,"childCount":1,"index":0,"depth":7}},{"id":38,"pid":37,"index":0,"idQf":true,"textQf":null,"attr":{"id":"com.miui.systemAdSolution:id/mimo_splash_gesture_slip_viewGroup","name":"android.widget.LinearLayout","text":null,"desc":null,"clickable":false,"focusable":false,"checkable":false,"checked":false,"longClickable":false,"visibleToUser":true,"left":313,"top":1619,"right":767,"bottom":1990,"width":454,"height":371,"childCount":1,"index":0,"depth":8}},{"id":39,"pid":38,"index":0,"idQf":true,"textQf":null,"attr":{"id":"com.miui.systemAdSolution:id/mimo_splash_gesture_slip_tip_image","name":"android.widget.ImageView","text":null,"desc":null,"clickable":false,"focusable":false,"checkable":false,"checked":false,"longClickable":false,"visibleToUser":true,"left":313,"top":1619,"right":767,"bottom":1990,"width":454,"height":371,"childCount":0,"index":0,"depth":9}},{"id":40,"pid":9,"index":0,"idQf":null,"textQf":null,"attr":{"id":null,"name":"android.widget.RelativeLayout","text":null,"desc":null,"clickable":false,"focusable":false,"checkable":false,"checked":false,"longClickable":false,"visibleToUser":true,"left":0,"top":0,"right":1080,"bottom":2400,"width":1080,"height":2400,"childCount":2,"index":0,"depth":7}},{"id":41,"pid":40,"index":0,"idQf":true,"textQf":null,"attr":{"id":"com.miui.systemAdSolution:id/view_ad_share_flag","name":"android.widget.LinearLayout","text":null,"desc":null,"clickable":false,"focusable":false,"checkable":false,"checked":false,"longClickable":false,"visibleToUser":true,"left":805,"top":0,"right":1080,"bottom":201,"width":275,"height":201,"childCount":1,"index":0,"depth":8}},{"id":42,"pid":40,"index":1,"idQf":true,"textQf":null,"attr":{"id":"com.miui.systemAdSolution:id/view_slogan","name":"android.widget.FrameLayout","text":null,"desc":null,"clickable":true,"focusable":true,"checkable":false,"checked":false,"longClickable":false,"visibleToUser":true,"left":0,"top":2139,"right":1080,"bottom":2400,"width":1080,"height":261,"childCount":1,"index":1,"depth":8}},{"id":43,"pid":42,"index":0,"idQf":null,"textQf":null,"attr":{"id":null,"name":"android.widget.RelativeLayout","text":null,"desc":null,"clickable":false,"focusable":false,"checkable":false,"checked":false,"longClickable":false,"visibleToUser":true,"left":0,"top":2139,"right":1080,"bottom":2400,"width":1080,"height":261,"childCount":1,"index":0,"depth":9}},{"id":44,"pid":43,"index":0,"idQf":null,"textQf":null,"attr":{"id":null,"name":"android.widget.LinearLayout","text":null,"desc":null,"clickable":false,"focusable":false,"checkable":false,"checked":false,"longClickable":false,"visibleToUser":true,"left":384,"top":2221,"right":696,"bottom":2317,"width":312,"height":96,"childCount":2,"index":0,"depth":10}},{"id":45,"pid":44,"index":0,"idQf":true,"textQf":null,"attr":{"id":"com.miui.systemAdSolution:id/view_slogan_image","name":"android.widget.ImageView","text":null,"desc":null,"clickable":false,"focusable":false,"checkable":false,"checked":false,"longClickable":false,"visibleToUser":true,"left":384,"top":2221,"right":480,"bottom":2317,"width":96,"height":96,"childCount":0,"index":0,"depth":11}},{"id":46,"pid":44,"index":1,"idQf":true,"textQf":true,"attr":{"id":"com.miui.systemAdSolution:id/view_app_name","name":"android.widget.TextView","text":"中羽在线","desc":null,"clickable":false,"focusable":false,"checkable":false,"checked":false,"longClickable":false,"visibleToUser":true,"left":504,"top":2236,"right":696,"bottom":2301,"width":192,"height":65,"childCount":0,"index":1,"depth":11}},{"id":47,"pid":41,"index":0,"idQf":true,"textQf":null,"attr":{"id":"com.miui.systemAdSolution:id/view_skip_button_nearby_top_right","name":"android.widget.LinearLayout","text":null,"desc":null,"clickable":true,"focusable":true,"checkable":false,"checked":false,"longClickable":false,"visibleToUser":true,"left":805,"top":28,"right":1080,"bottom":201,"width":275,"height":173,"childCount":1,"index":0,"depth":9}},{"id":48,"pid":47,"index":0,"idQf":true,"textQf":true,"attr":{"id":"com.miui.systemAdSolution:id/view_skip_button","name":"android.widget.TextView","text":"跳过","desc":null,"clickable":true,"focusable":true,"checkable":false,"checked":false,"longClickable":false,"visibleToUser":true,"left":849,"top":72,"right":1036,"bottom":157,"width":187,"height":85,"childCount":0,"index":0,"depth":10}}]}