{"id":1701512037084,"appId":"com.tencent.qqlive","activityId":"com.tencent.qqlive.ona.activity.SplashHomeActivity","appName":"腾讯视频","appVersionCode":27949,"appVersionName":"8.9.81.27949","screenHeight":3200,"screenWidth":1440,"isLandscape":false,"gkdVersionCode":14,"gkdVersionName":"1.5.4","device":{"device":"socrates","model":"22127RK46C","manufacturer":"Xiaomi","brand":"Redmi","sdkInt":34,"release":"14"},"nodes":[{"id":0,"pid":-1,"index":0,"idQf":null,"textQf":null,"attr":{"id":null,"name":"android.widget.FrameLayout","text":null,"desc":null,"clickable":false,"focusable":false,"checkable":false,"checked":false,"longClickable":false,"visibleToUser":true,"left":0,"top":0,"right":1440,"bottom":3200,"width":1440,"height":3200,"childCount":1,"index":0,"depth":0}},{"id":1,"pid":0,"index":0,"idQf":null,"textQf":null,"attr":{"id":null,"name":"android.widget.FrameLayout","text":null,"desc":null,"clickable":false,"focusable":false,"checkable":false,"checked":false,"longClickable":false,"visibleToUser":true,"left":0,"top":0,"right":1440,"bottom":3200,"width":1440,"height":3200,"childCount":1,"index":0,"depth":1}},{"id":2,"pid":1,"index":0,"idQf":true,"textQf":null,"attr":{"id":"android:id/content","name":"android.widget.FrameLayout","text":null,"desc":null,"clickable":false,"focusable":false,"checkable":false,"checked":false,"longClickable":false,"visibleToUser":true,"left":0,"top":0,"right":1440,"bottom":3200,"width":1440,"height":3200,"childCount":1,"index":0,"depth":2}},{"id":3,"pid":2,"index":0,"idQf":false,"textQf":null,"attr":{"id":"com.tencent.qqlive:id/arg","name":"android.widget.FrameLayout","text":null,"desc":null,"clickable":false,"focusable":false,"checkable":false,"checked":false,"longClickable":false,"visibleToUser":true,"left":0,"top":0,"right":1440,"bottom":3200,"width":1440,"height":3200,"childCount":1,"index":0,"depth":3}},{"id":4,"pid":3,"index":0,"idQf":false,"textQf":null,"attr":{"id":"com.tencent.qqlive:id/arg","name":"android.widget.LinearLayout","text":null,"desc":null,"clickable":true,"focusable":true,"checkable":false,"checked":false,"longClickable":false,"visibleToUser":true,"left":0,"top":0,"right":1440,"bottom":3200,"width":1440,"height":3200,"childCount":2,"index":0,"depth":4}},{"id":5,"pid":4,"index":0,"idQf":false,"textQf":null,"attr":{"id":"com.tencent.qqlive:id/arg","name":"android.widget.RelativeLayout","text":null,"desc":null,"clickable":true,"focusable":true,"checkable":false,"checked":false,"longClickable":false,"visibleToUser":true,"left":56,"top":1368,"right":1384,"bottom":2165,"width":1328,"height":797,"childCount":5,"index":0,"depth":5}},{"id":6,"pid":4,"index":1,"idQf":false,"textQf":null,"attr":{"id":"com.tencent.qqlive:id/arg","name":"android.widget.ImageView","text":null,"desc":null,"clickable":false,"focusable":false,"checkable":false,"checked":false,"longClickable":false,"visibleToUser":true,"left":1300,"top":2142,"right":1342,"bottom":2184,"width":42,"height":42,"childCount":0,"index":1,"depth":5}},{"id":7,"pid":5,"index":0,"idQf":false,"textQf":false,"attr":{"id":"com.tencent.qqlive:id/arg","name":"android.widget.TextView","text":"关闭这条广告的原因","desc":null,"clickable":false,"focusable":false,"checkable":false,"checked":false,"longClickable":false,"visibleToUser":true,"left":98,"top":1424,"right":575,"bottom":1495,"width":477,"height":71,"childCount":0,"index":0,"depth":6}},{"id":8,"pid":5,"index":1,"idQf":false,"textQf":false,"attr":{"id":"com.tencent.qqlive:id/arg","name":"android.widget.Button","text":"确认","desc":null,"clickable":true,"focusable":true,"checkable":false,"checked":false,"longClickable":false,"visibleToUser":true,"left":1153,"top":1424,"right":1342,"bottom":1522,"width":189,"height":98,"childCount":0,"index":1,"depth":6}},{"id":9,"pid":5,"index":2,"idQf":false,"textQf":null,"attr":{"id":"com.tencent.qqlive:id/arg","name":"androidx.recyclerview.widget.RecyclerView","text":null,"desc":null,"clickable":false,"focusable":true,"checkable":false,"checked":false,"longClickable":false,"visibleToUser":true,"left":98,"top":1558,"right":1342,"bottom":1975,"width":1244,"height":417,"childCount":6,"index":2,"depth":6}},{"id":10,"pid":5,"index":3,"idQf":false,"textQf":null,"attr":{"id":"com.tencent.qqlive:id/arg","name":"android.view.View","text":null,"desc":null,"clickable":false,"focusable":false,"checkable":false,"checked":false,"longClickable":false,"visibleToUser":true,"left":98,"top":1996,"right":1342,"bottom":1997,"width":1244,"height":1,"childCount":0,"index":3,"depth":6}},{"id":11,"pid":5,"index":4,"idQf":false,"textQf":null,"attr":{"id":"com.tencent.qqlive:id/arg","name":"android.widget.LinearLayout","text":null,"desc":null,"clickable":true,"focusable":true,"checkable":false,"checked":false,"longClickable":false,"visibleToUser":true,"left":98,"top":2046,"right":253,"bottom":2109,"width":155,"height":63,"childCount":2,"index":4,"depth":6}},{"id":12,"pid":11,"index":0,"idQf":false,"textQf":false,"attr":{"id":"com.tencent.qqlive:id/arg","name":"android.widget.TextView","text":"投诉","desc":null,"clickable":false,"focusable":false,"checkable":false,"checked":false,"longClickable":false,"visibleToUser":true,"left":98,"top":2046,"right":190,"bottom":2109,"width":92,"height":63,"childCount":0,"index":0,"depth":7}},{"id":13,"pid":11,"index":1,"idQf":false,"textQf":null,"attr":{"id":"com.tencent.qqlive:id/arg","name":"android.widget.ImageView","text":null,"desc":null,"clickable":false,"focusable":false,"checkable":false,"checked":false,"longClickable":false,"visibleToUser":true,"left":190,"top":2046,"right":253,"bottom":2109,"width":63,"height":63,"childCount":0,"index":1,"depth":7}},{"id":14,"pid":9,"index":0,"idQf":false,"textQf":false,"attr":{"id":"com.tencent.qqlive:id/arg","name":"android.widget.TextView","text":"重复收到相似内容","desc":null,"clickable":true,"focusable":true,"checkable":false,"checked":false,"longClickable":false,"visibleToUser":true,"left":98,"top":1558,"right":564,"bottom":1662,"width":466,"height":104,"childCount":0,"index":0,"depth":7}},{"id":15,"pid":9,"index":1,"idQf":false,"textQf":false,"attr":{"id":"com.tencent.qqlive:id/arg","name":"android.widget.TextView","text":"不感兴趣","desc":null,"clickable":true,"focusable":true,"checkable":false,"checked":false,"longClickable":false,"visibleToUser":true,"left":599,"top":1558,"right":881,"bottom":1662,"width":282,"height":104,"childCount":0,"index":1,"depth":7}},{"id":16,"pid":9,"index":2,"idQf":false,"textQf":false,"attr":{"id":"com.tencent.qqlive:id/arg","name":"android.widget.TextView","text":"不看MOBA游戏类广告","desc":null,"clickable":true,"focusable":true,"checkable":false,"checked":false,"longClickable":false,"visibleToUser":true,"left":98,"top":1697,"right":656,"bottom":1801,"width":558,"height":104,"childCount":0,"index":2,"depth":7}},{"id":17,"pid":9,"index":3,"idQf":false,"textQf":false,"attr":{"id":"com.tencent.qqlive:id/arg","name":"android.widget.TextView","text":"内容质量差","desc":null,"clickable":true,"focusable":true,"checkable":false,"checked":false,"longClickable":false,"visibleToUser":true,"left":691,"top":1697,"right":1019,"bottom":1801,"width":328,"height":104,"childCount":0,"index":3,"depth":7}},{"id":18,"pid":9,"index":4,"idQf":false,"textQf":false,"attr":{"id":"com.tencent.qqlive:id/arg","name":"android.widget.TextView","text":"直接关闭","desc":null,"clickable":true,"focusable":true,"checkable":false,"checked":false,"longClickable":false,"visibleToUser":true,"left":98,"top":1836,"right":380,"bottom":1940,"width":282,"height":104,"childCount":0,"index":4,"depth":7}},{"id":19,"pid":9,"index":5,"idQf":false,"textQf":false,"attr":{"id":"com.tencent.qqlive:id/arg","name":"android.widget.TextView","text":"不喜欢该品牌","desc":null,"clickable":true,"focusable":true,"checkable":false,"checked":false,"longClickable":false,"visibleToUser":true,"left":415,"top":1836,"right":789,"bottom":1940,"width":374,"height":104,"childCount":0,"index":5,"depth":7}}]}