{"id":1701667569067,"appId":"com.zhl.bmi","activityId":null,"appName":"乐看视频","appVersionCode":156300,"appVersionName":"15.6.3","screenHeight":3200,"screenWidth":1440,"isLandscape":false,"gkdVersionCode":14,"gkdVersionName":"1.5.4","device":{"device":"matisse","model":"22011211C","manufacturer":"Xiaomi","brand":"Redmi","sdkInt":33,"release":"13"},"nodes":[{"id":0,"pid":-1,"index":0,"idQf":null,"textQf":null,"attr":{"id":null,"name":"android.widget.FrameLayout","text":null,"desc":null,"clickable":false,"focusable":false,"checkable":false,"checked":false,"longClickable":false,"visibleToUser":true,"left":0,"top":104,"right":1440,"bottom":3200,"width":1440,"height":3096,"childCount":1,"index":0,"depth":0}},{"id":1,"pid":0,"index":0,"idQf":null,"textQf":null,"attr":{"id":null,"name":"android.widget.FrameLayout","text":null,"desc":null,"clickable":false,"focusable":false,"checkable":false,"checked":false,"longClickable":false,"visibleToUser":true,"left":0,"top":104,"right":1440,"bottom":3200,"width":1440,"height":3096,"childCount":1,"index":0,"depth":1}},{"id":2,"pid":1,"index":0,"idQf":true,"textQf":null,"attr":{"id":"android:id/content","name":"android.widget.FrameLayout","text":null,"desc":null,"clickable":false,"focusable":false,"checkable":false,"checked":false,"longClickable":false,"visibleToUser":true,"left":0,"top":104,"right":1440,"bottom":3200,"width":1440,"height":3096,"childCount":1,"index":0,"depth":2}},{"id":3,"pid":2,"index":0,"idQf":null,"textQf":null,"attr":{"id":null,"name":"android.widget.FrameLayout","text":null,"desc":null,"clickable":false,"focusable":false,"checkable":false,"checked":false,"longClickable":false,"visibleToUser":true,"left":0,"top":104,"right":1440,"bottom":3200,"width":1440,"height":3096,"childCount":1,"index":0,"depth":3}},{"id":4,"pid":3,"index":0,"idQf":null,"textQf":null,"attr":{"id":null,"name":"android.widget.FrameLayout","text":null,"desc":null,"clickable":false,"focusable":false,"checkable":false,"checked":false,"longClickable":false,"visibleToUser":true,"left":0,"top":104,"right":1440,"bottom":3200,"width":1440,"height":3096,"childCount":2,"index":0,"depth":4}},{"id":5,"pid":4,"index":0,"idQf":null,"textQf":null,"attr":{"id":null,"name":"android.widget.FrameLayout","text":null,"desc":null,"clickable":false,"focusable":false,"checkable":false,"checked":false,"longClickable":false,"visibleToUser":true,"left":108,"top":565,"right":1332,"bottom":2739,"width":1224,"height":2174,"childCount":2,"index":0,"depth":5}},{"id":6,"pid":4,"index":1,"idQf":null,"textQf":null,"attr":{"id":null,"name":"android.widget.FrameLayout","text":null,"desc":null,"clickable":false,"focusable":false,"checkable":false,"checked":false,"longClickable":false,"visibleToUser":true,"left":0,"top":2816,"right":1440,"bottom":3200,"width":1440,"height":384,"childCount":2,"index":1,"depth":5}},{"id":7,"pid":6,"index":0,"idQf":null,"textQf":null,"attr":{"id":null,"name":"android.widget.LinearLayout","text":null,"desc":null,"clickable":false,"focusable":false,"checkable":false,"checked":false,"longClickable":false,"visibleToUser":true,"left":77,"top":2982,"right":1164,"bottom":3039,"width":1087,"height":57,"childCount":1,"index":0,"depth":6}},{"id":8,"pid":6,"index":1,"idQf":null,"textQf":null,"attr":{"id":null,"name":"android.widget.ImageView","text":null,"desc":null,"clickable":false,"focusable":false,"checkable":false,"checked":false,"longClickable":false,"visibleToUser":true,"left":1194,"top":2978,"right":1363,"bottom":3039,"width":169,"height":61,"childCount":0,"index":1,"depth":6}},{"id":9,"pid":7,"index":0,"idQf":null,"textQf":true,"attr":{"id":null,"name":"android.widget.TextView","text":"应用名称：得物(毒) | 开发者：上海识装信息科技有限公司 | 应用版本：5.31.1 | 权限详情 | 隐私协议 | 功能介绍","desc":null,"clickable":false,"focusable":false,"checkable":false,"checked":false,"longClickable":false,"visibleToUser":true,"left":77,"top":2982,"right":1164,"bottom":3039,"width":1087,"height":57,"childCount":0,"index":0,"depth":7}},{"id":10,"pid":5,"index":0,"idQf":null,"textQf":null,"attr":{"id":null,"name":"android.widget.FrameLayout","text":null,"desc":null,"clickable":false,"focusable":false,"checkable":false,"checked":false,"longClickable":false,"visibleToUser":true,"left":108,"top":565,"right":1332,"bottom":2739,"width":1224,"height":2174,"childCount":4,"index":0,"depth":6}},{"id":11,"pid":5,"index":1,"idQf":null,"textQf":null,"attr":{"id":null,"name":"android.widget.FrameLayout","text":null,"desc":null,"clickable":false,"focusable":false,"checkable":false,"checked":false,"longClickable":false,"visibleToUser":true,"left":1224,"top":596,"right":1301,"bottom":673,"width":77,"height":77,"childCount":1,"index":1,"depth":6}},{"id":12,"pid":11,"index":0,"idQf":null,"textQf":null,"attr":{"id":null,"name":"android.widget.ImageView","text":null,"desc":null,"clickable":false,"focusable":false,"checkable":false,"checked":false,"longClickable":false,"visibleToUser":true,"left":1224,"top":596,"right":1301,"bottom":673,"width":77,"height":77,"childCount":0,"index":0,"depth":7}},{"id":13,"pid":10,"index":0,"idQf":null,"textQf":null,"attr":{"id":null,"name":"android.widget.LinearLayout","text":null,"desc":null,"clickable":false,"focusable":false,"checkable":false,"checked":false,"longClickable":false,"visibleToUser":true,"left":108,"top":670,"right":1332,"bottom":2047,"width":1224,"height":1377,"childCount":2,"index":0,"depth":7}},{"id":14,"pid":10,"index":1,"idQf":null,"textQf":null,"attr":{"id":null,"name":"android.widget.FrameLayout","text":null,"desc":null,"clickable":false,"focusable":false,"checkable":false,"checked":false,"longClickable":false,"visibleToUser":true,"left":201,"top":2330,"right":1238,"bottom":2599,"width":1037,"height":269,"childCount":0,"index":1,"depth":7}},{"id":15,"pid":10,"index":2,"idQf":null,"textQf":null,"attr":{"id":null,"name":"android.widget.FrameLayout","text":null,"desc":null,"clickable":false,"focusable":false,"checkable":false,"checked":false,"longClickable":false,"visibleToUser":true,"left":201,"top":2330,"right":1238,"bottom":2599,"width":1037,"height":269,"childCount":0,"index":2,"depth":7}},{"id":16,"pid":10,"index":3,"idQf":null,"textQf":null,"attr":{"id":null,"name":"android.widget.FrameLayout","text":null,"desc":null,"clickable":false,"focusable":false,"checkable":false,"checked":false,"longClickable":false,"visibleToUser":true,"left":201,"top":2330,"right":1238,"bottom":2599,"width":1037,"height":269,"childCount":2,"index":3,"depth":7}},{"id":17,"pid":16,"index":0,"idQf":null,"textQf":null,"attr":{"id":null,"name":"android.widget.FrameLayout","text":null,"desc":null,"clickable":false,"focusable":false,"checkable":false,"checked":false,"longClickable":false,"visibleToUser":true,"left":201,"top":2330,"right":1238,"bottom":2599,"width":1037,"height":269,"childCount":3,"index":0,"depth":8}},{"id":18,"pid":16,"index":1,"idQf":null,"textQf":null,"attr":{"id":null,"name":"android.widget.LinearLayout","text":null,"desc":null,"clickable":false,"focusable":false,"checkable":false,"checked":false,"longClickable":false,"visibleToUser":true,"left":201,"top":2330,"right":1238,"bottom":2599,"width":1037,"height":269,"childCount":2,"index":1,"depth":8}},{"id":19,"pid":18,"index":0,"idQf":null,"textQf":null,"attr":{"id":null,"name":"android.widget.LinearLayout","text":null,"desc":null,"clickable":false,"focusable":false,"checkable":false,"checked":false,"longClickable":false,"visibleToUser":true,"left":309,"top":2361,"right":1130,"bottom":2484,"width":821,"height":123,"childCount":2,"index":0,"depth":9}},{"id":20,"pid":18,"index":1,"idQf":null,"textQf":true,"attr":{"id":null,"name":"android.widget.TextView","text":"下载或打开第三方应用","desc":null,"clickable":false,"focusable":false,"checkable":false,"checked":false,"longClickable":false,"visibleToUser":true,"left":509,"top":2484,"right":929,"bottom":2526,"width":420,"height":42,"childCount":0,"index":1,"depth":9}},{"id":21,"pid":19,"index":0,"idQf":null,"textQf":null,"attr":{"id":null,"name":"android.widget.ImageView","text":null,"desc":null,"clickable":false,"focusable":false,"checkable":false,"checked":false,"longClickable":false,"visibleToUser":true,"left":309,"top":2361,"right":432,"bottom":2484,"width":123,"height":123,"childCount":0,"index":0,"depth":10}},{"id":22,"pid":19,"index":1,"idQf":null,"textQf":true,"attr":{"id":null,"name":"android.widget.TextView","text":"摇动/点击了解更多内容","desc":null,"clickable":false,"focusable":false,"checkable":false,"checked":false,"longClickable":false,"visibleToUser":true,"left":463,"top":2361,"right":1130,"bottom":2484,"width":667,"height":123,"childCount":0,"index":1,"depth":10}},{"id":23,"pid":17,"index":0,"idQf":null,"textQf":null,"attr":{"id":null,"name":"android.view.View","text":null,"desc":null,"clickable":false,"focusable":false,"checkable":false,"checked":false,"longClickable":false,"visibleToUser":true,"left":201,"top":2330,"right":1238,"bottom":2599,"width":1037,"height":269,"childCount":0,"index":0,"depth":9}},{"id":24,"pid":17,"index":1,"idQf":null,"textQf":null,"attr":{"id":null,"name":"android.widget.TextView","text":null,"desc":null,"clickable":false,"focusable":false,"checkable":false,"checked":false,"longClickable":false,"visibleToUser":true,"left":201,"top":2330,"right":1238,"bottom":2599,"width":1037,"height":269,"childCount":0,"index":1,"depth":9}},{"id":25,"pid":17,"index":2,"idQf":null,"textQf":null,"attr":{"id":null,"name":"android.widget.FrameLayout","text":null,"desc":null,"clickable":false,"focusable":false,"checkable":false,"checked":false,"longClickable":false,"visibleToUser":false,"left":201,"top":2330,"right":201,"bottom":2599,"width":0,"height":269,"childCount":1,"index":2,"depth":9}},{"id":26,"pid":25,"index":0,"idQf":null,"textQf":null,"attr":{"id":null,"name":"android.widget.TextView","text":null,"desc":null,"clickable":false,"focusable":false,"checkable":false,"checked":false,"longClickable":false,"visibleToUser":false,"left":201,"top":2330,"right":201,"bottom":2599,"width":0,"height":269,"childCount":0,"index":0,"depth":10}},{"id":27,"pid":13,"index":0,"idQf":null,"textQf":null,"attr":{"id":null,"name":"android.widget.LinearLayout","text":null,"desc":null,"clickable":false,"focusable":false,"checkable":false,"checked":false,"longClickable":false,"visibleToUser":true,"left":227,"top":670,"right":1213,"bottom":1253,"width":986,"height":583,"childCount":4,"index":0,"depth":8}},{"id":28,"pid":13,"index":1,"idQf":null,"textQf":null,"attr":{"id":null,"name":"android.widget.ImageView","text":null,"desc":null,"clickable":false,"focusable":false,"checkable":false,"checked":false,"longClickable":false,"visibleToUser":true,"left":108,"top":1358,"right":1332,"bottom":2047,"width":1224,"height":689,"childCount":0,"index":1,"depth":8}},{"id":29,"pid":27,"index":0,"idQf":null,"textQf":null,"attr":{"id":null,"name":"android.widget.ImageView","text":null,"desc":null,"clickable":false,"focusable":false,"checkable":false,"checked":false,"longClickable":false,"visibleToUser":true,"left":632,"top":670,"right":807,"bottom":845,"width":175,"height":175,"childCount":0,"index":0,"depth":9}},{"id":30,"pid":27,"index":1,"idQf":null,"textQf":true,"attr":{"id":null,"name":"android.widget.TextView","text":"得物","desc":null,"clickable":false,"focusable":false,"checkable":false,"checked":false,"longClickable":false,"visibleToUser":true,"left":668,"top":915,"right":772,"bottom":968,"width":104,"height":53,"childCount":0,"index":1,"depth":9}},{"id":31,"pid":27,"index":2,"idQf":null,"textQf":true,"attr":{"id":null,"name":"android.widget.TextView","text":"得物App发福利啦！新人领520元优惠券，正品低价入手！","desc":null,"clickable":false,"focusable":false,"checkable":false,"checked":false,"longClickable":false,"visibleToUser":true,"left":227,"top":1003,"right":1213,"bottom":1093,"width":986,"height":90,"childCount":0,"index":2,"depth":9}},{"id":32,"pid":27,"index":3,"idQf":null,"textQf":null,"attr":{"id":null,"name":"android.widget.FrameLayout","text":null,"desc":null,"clickable":false,"focusable":false,"checkable":false,"checked":false,"longClickable":false,"visibleToUser":true,"left":548,"top":1163,"right":892,"bottom":1253,"width":344,"height":90,"childCount":2,"index":3,"depth":9}},{"id":33,"pid":32,"index":0,"idQf":null,"textQf":null,"attr":{"id":null,"name":"android.widget.ImageView","text":null,"desc":null,"clickable":false,"focusable":false,"checkable":false,"checked":false,"longClickable":false,"visibleToUser":false,"left":720,"top":1163,"right":720,"bottom":1163,"width":0,"height":0,"childCount":0,"index":0,"depth":10}},{"id":34,"pid":32,"index":1,"idQf":null,"textQf":null,"attr":{"id":null,"name":"android.widget.ImageView","text":null,"desc":null,"clickable":false,"focusable":false,"checkable":false,"checked":false,"longClickable":false,"visibleToUser":true,"left":548,"top":1163,"right":892,"bottom":1253,"width":344,"height":90,"childCount":0,"index":1,"depth":10}}]}