{"id":1701924214815,"appId":"com.xunlei.downloadprovider","activityId":"com.xunlei.downloadprovider.download.taskdetails.newui.DownloadDetailsActivity","appName":"迅雷","appVersionCode":15184,"appVersionName":"8.09.0.9184","screenHeight":2400,"screenWidth":1080,"isLandscape":false,"gkdVersionCode":14,"gkdVersionName":"1.5.4","device":{"device":"OPD2A0","model":"PGCM10","manufacturer":"OPPO","brand":"OPPO","sdkInt":33,"release":"13"},"nodes":[{"id":0,"pid":-1,"index":0,"idQf":null,"textQf":null,"attr":{"id":null,"name":"android.widget.FrameLayout","text":null,"desc":null,"clickable":false,"focusable":false,"checkable":false,"checked":false,"longClickable":false,"visibleToUser":true,"left":0,"top":0,"right":1080,"bottom":2400,"width":1080,"height":2400,"childCount":3,"index":0,"depth":0}},{"id":1,"pid":0,"index":0,"idQf":null,"textQf":null,"attr":{"id":null,"name":"android.widget.LinearLayout","text":null,"desc":null,"clickable":false,"focusable":false,"checkable":false,"checked":false,"longClickable":false,"visibleToUser":true,"left":0,"top":0,"right":1080,"bottom":2352,"width":1080,"height":2352,"childCount":1,"index":0,"depth":1}},{"id":2,"pid":0,"index":1,"idQf":true,"textQf":null,"attr":{"id":"android:id/statusBarBackground","name":"android.view.View","text":null,"desc":null,"clickable":false,"focusable":false,"checkable":false,"checked":false,"longClickable":false,"visibleToUser":false,"left":0,"top":0,"right":1080,"bottom":110,"width":1080,"height":110,"childCount":0,"index":1,"depth":1}},{"id":3,"pid":0,"index":2,"idQf":true,"textQf":null,"attr":{"id":"android:id/navigationBarBackground","name":"android.view.View","text":null,"desc":null,"clickable":false,"focusable":false,"checkable":false,"checked":false,"longClickable":false,"visibleToUser":true,"left":0,"top":2352,"right":1080,"bottom":2400,"width":1080,"height":48,"childCount":0,"index":2,"depth":1}},{"id":4,"pid":1,"index":0,"idQf":null,"textQf":null,"attr":{"id":null,"name":"android.widget.FrameLayout","text":null,"desc":null,"clickable":false,"focusable":false,"checkable":false,"checked":false,"longClickable":false,"visibleToUser":true,"left":0,"top":110,"right":1080,"bottom":2352,"width":1080,"height":2242,"childCount":1,"index":0,"depth":2}},{"id":5,"pid":4,"index":0,"idQf":true,"textQf":null,"attr":{"id":"com.xunlei.downloadprovider:id/action_bar_root","name":"android.widget.LinearLayout","text":null,"desc":null,"clickable":false,"focusable":false,"checkable":false,"checked":false,"longClickable":false,"visibleToUser":true,"left":0,"top":110,"right":1080,"bottom":2352,"width":1080,"height":2242,"childCount":1,"index":0,"depth":3}},{"id":6,"pid":5,"index":0,"idQf":true,"textQf":null,"attr":{"id":"android:id/content","name":"android.widget.FrameLayout","text":null,"desc":null,"clickable":false,"focusable":false,"checkable":false,"checked":false,"longClickable":false,"visibleToUser":true,"left":0,"top":110,"right":1080,"bottom":2352,"width":1080,"height":2242,"childCount":1,"index":0,"depth":4}},{"id":7,"pid":6,"index":0,"idQf":null,"textQf":null,"attr":{"id":null,"name":"android.widget.LinearLayout","text":null,"desc":null,"clickable":false,"focusable":false,"checkable":false,"checked":false,"longClickable":false,"visibleToUser":true,"left":0,"top":110,"right":1080,"bottom":2352,"width":1080,"height":2242,"childCount":1,"index":0,"depth":5}},{"id":8,"pid":7,"index":0,"idQf":true,"textQf":null,"attr":{"id":"com.xunlei.downloadprovider:id/fragment","name":"android.view.ViewGroup","text":null,"desc":null,"clickable":false,"focusable":false,"checkable":false,"checked":false,"longClickable":false,"visibleToUser":true,"left":0,"top":110,"right":1080,"bottom":2352,"width":1080,"height":2242,"childCount":2,"index":0,"depth":6}},{"id":9,"pid":8,"index":0,"idQf":true,"textQf":null,"attr":{"id":"com.xunlei.downloadprovider:id/fl_top_header","name":"android.view.ViewGroup","text":null,"desc":null,"clickable":false,"focusable":false,"checkable":false,"checked":false,"longClickable":false,"visibleToUser":true,"left":0,"top":110,"right":1080,"bottom":254,"width":1080,"height":144,"childCount":1,"index":0,"depth":7}},{"id":10,"pid":8,"index":1,"idQf":null,"textQf":null,"attr":{"id":null,"name":"android.view.ViewGroup","text":null,"desc":null,"clickable":false,"focusable":false,"checkable":false,"checked":false,"longClickable":false,"visibleToUser":true,"left":0,"top":254,"right":1080,"bottom":2352,"width":1080,"height":2098,"childCount":1,"index":1,"depth":7}},{"id":11,"pid":10,"index":0,"idQf":true,"textQf":null,"attr":{"id":"com.xunlei.downloadprovider:id/task_detail_recycler_view","name":"androidx.recyclerview.widget.RecyclerView","text":null,"desc":null,"clickable":false,"focusable":true,"checkable":false,"checked":false,"longClickable":false,"visibleToUser":true,"left":0,"top":254,"right":1080,"bottom":2352,"width":1080,"height":2098,"childCount":2,"index":0,"depth":8}},{"id":12,"pid":11,"index":0,"idQf":null,"textQf":null,"attr":{"id":null,"name":"android.view.ViewGroup","text":null,"desc":null,"clickable":false,"focusable":false,"checkable":false,"checked":false,"longClickable":false,"visibleToUser":true,"left":0,"top":254,"right":1080,"bottom":497,"width":1080,"height":243,"childCount":6,"index":0,"depth":9}},{"id":13,"pid":11,"index":1,"idQf":true,"textQf":null,"attr":{"id":"com.xunlei.downloadprovider:id/banner_view","name":"android.widget.FrameLayout","text":null,"desc":null,"clickable":false,"focusable":false,"checkable":false,"checked":false,"longClickable":false,"visibleToUser":true,"left":0,"top":527,"right":1080,"bottom":811,"width":1080,"height":284,"childCount":1,"index":1,"depth":9}},{"id":14,"pid":13,"index":0,"idQf":true,"textQf":null,"attr":{"id":"com.xunlei.downloadprovider:id/hermes_banner_infinite","name":"android.widget.RelativeLayout","text":null,"desc":null,"clickable":false,"focusable":false,"checkable":false,"checked":false,"longClickable":false,"visibleToUser":true,"left":0,"top":527,"right":1080,"bottom":811,"width":1080,"height":284,"childCount":1,"index":0,"depth":10}},{"id":15,"pid":14,"index":0,"idQf":null,"textQf":null,"attr":{"id":null,"name":"android.widget.LinearLayout","text":null,"desc":null,"clickable":false,"focusable":false,"checkable":false,"checked":false,"longClickable":false,"visibleToUser":true,"left":0,"top":527,"right":1080,"bottom":811,"width":1080,"height":284,"childCount":2,"index":0,"depth":11}},{"id":16,"pid":15,"index":0,"idQf":true,"textQf":null,"attr":{"id":"com.xunlei.downloadprovider:id/hermes_ad_banner_recycler","name":"androidx.recyclerview.widget.RecyclerView","text":null,"desc":null,"clickable":false,"focusable":true,"checkable":false,"checked":false,"longClickable":false,"visibleToUser":true,"left":0,"top":527,"right":1080,"bottom":779,"width":1080,"height":252,"childCount":1,"index":0,"depth":12}},{"id":17,"pid":15,"index":1,"idQf":true,"textQf":null,"attr":{"id":"com.xunlei.downloadprovider:id/hermes_circular_indicator","name":"android.view.View","text":null,"desc":null,"clickable":false,"focusable":false,"checkable":false,"checked":false,"longClickable":false,"visibleToUser":true,"left":495,"top":779,"right":585,"bottom":793,"width":90,"height":14,"childCount":0,"index":1,"depth":12}},{"id":18,"pid":16,"index":0,"idQf":null,"textQf":null,"attr":{"id":null,"name":"android.widget.FrameLayout","text":null,"desc":null,"clickable":false,"focusable":false,"checkable":false,"checked":false,"longClickable":false,"visibleToUser":true,"left":0,"top":527,"right":1080,"bottom":779,"width":1080,"height":252,"childCount":1,"index":0,"depth":13}},{"id":19,"pid":18,"index":0,"idQf":true,"textQf":null,"attr":{"id":"com.xunlei.downloadprovider:layout/activity_user_account_portrait","name":"android.widget.FrameLayout","text":null,"desc":null,"clickable":true,"focusable":true,"checkable":false,"checked":false,"longClickable":false,"visibleToUser":true,"left":0,"top":527,"right":1080,"bottom":779,"width":1080,"height":252,"childCount":1,"index":0,"depth":14}},{"id":20,"pid":19,"index":0,"idQf":true,"textQf":null,"attr":{"id":"com.xunlei.downloadprovider:layout/activity_user_account_new","name":"android.widget.FrameLayout","text":null,"desc":null,"clickable":true,"focusable":true,"checkable":false,"checked":false,"longClickable":false,"visibleToUser":true,"left":0,"top":527,"right":1080,"bottom":779,"width":1080,"height":252,"childCount":2,"index":0,"depth":15}},{"id":21,"pid":20,"index":0,"idQf":true,"textQf":null,"attr":{"id":"com.xunlei.downloadprovider:layout/activity_user_account_nickname","name":"android.widget.LinearLayout","text":null,"desc":null,"clickable":false,"focusable":false,"checkable":false,"checked":false,"longClickable":false,"visibleToUser":true,"left":0,"top":527,"right":1080,"bottom":779,"width":1080,"height":252,"childCount":1,"index":0,"depth":16}},{"id":22,"pid":20,"index":1,"idQf":null,"textQf":null,"attr":{"id":null,"name":"android.widget.ImageView","text":null,"desc":null,"clickable":true,"focusable":true,"checkable":false,"checked":false,"longClickable":false,"visibleToUser":false,"left":1080,"top":779,"right":1080,"bottom":779,"width":0,"height":0,"childCount":0,"index":1,"depth":16}},{"id":23,"pid":21,"index":0,"idQf":null,"textQf":null,"attr":{"id":null,"name":"android.widget.FrameLayout","text":null,"desc":null,"clickable":true,"focusable":true,"checkable":false,"checked":false,"longClickable":false,"visibleToUser":true,"left":0,"top":527,"right":1080,"bottom":779,"width":1080,"height":252,"childCount":1,"index":0,"depth":17}},{"id":24,"pid":23,"index":0,"idQf":true,"textQf":null,"attr":{"id":"com.xunlei.downloadprovider:id/ad_container","name":"android.widget.FrameLayout","text":null,"desc":null,"clickable":false,"focusable":false,"checkable":false,"checked":false,"longClickable":false,"visibleToUser":true,"left":0,"top":527,"right":1080,"bottom":779,"width":1080,"height":252,"childCount":1,"index":0,"depth":18}},{"id":25,"pid":24,"index":0,"idQf":true,"textQf":null,"attr":{"id":"com.xunlei.downloadprovider:id/ad_root","name":"android.view.ViewGroup","text":null,"desc":null,"clickable":true,"focusable":true,"checkable":false,"checked":false,"longClickable":false,"visibleToUser":true,"left":0,"top":527,"right":1080,"bottom":779,"width":1080,"height":252,"childCount":4,"index":0,"depth":19}},{"id":26,"pid":25,"index":0,"idQf":true,"textQf":null,"attr":{"id":"com.xunlei.downloadprovider:id/hermes_ad_banner_image","name":"android.widget.ImageView","text":null,"desc":null,"clickable":false,"focusable":false,"checkable":false,"checked":false,"longClickable":false,"visibleToUser":true,"left":48,"top":557,"right":389,"bottom":749,"width":341,"height":192,"childCount":0,"index":0,"depth":20}},{"id":27,"pid":25,"index":1,"idQf":true,"textQf":true,"attr":{"id":"com.xunlei.downloadprovider:id/hermes_ad_banner_title","name":"android.widget.TextView","text":"[手机天猫]手机天猫新活动，比平时更便宜~","desc":null,"clickable":false,"focusable":false,"checkable":false,"checked":false,"longClickable":false,"visibleToUser":true,"left":425,"top":557,"right":960,"bottom":685,"width":535,"height":128,"childCount":0,"index":1,"depth":20}},{"id":28,"pid":25,"index":2,"idQf":true,"textQf":null,"attr":{"id":"com.xunlei.downloadprovider:id/hermes_ad_banner_negative","name":"android.widget.ImageView","text":null,"desc":null,"clickable":true,"focusable":true,"checkable":false,"checked":false,"longClickable":false,"visibleToUser":true,"left":960,"top":557,"right":1032,"bottom":629,"width":72,"height":72,"childCount":0,"index":2,"depth":20}},{"id":29,"pid":25,"index":3,"idQf":null,"textQf":null,"attr":{"id":null,"name":"android.widget.LinearLayout","text":null,"desc":null,"clickable":false,"focusable":false,"checkable":false,"checked":false,"longClickable":false,"visibleToUser":true,"left":425,"top":708,"right":1032,"bottom":749,"width":607,"height":41,"childCount":2,"index":3,"depth":20}},{"id":30,"pid":29,"index":0,"idQf":true,"textQf":null,"attr":{"id":"com.xunlei.downloadprovider:id/hermes_ad_banner_logo","name":"android.widget.ImageView","text":null,"desc":null,"clickable":false,"focusable":false,"checkable":false,"checked":false,"longClickable":false,"visibleToUser":true,"left":425,"top":710,"right":515,"bottom":746,"width":90,"height":36,"childCount":0,"index":0,"depth":21}},{"id":31,"pid":29,"index":1,"idQf":true,"textQf":true,"attr":{"id":"com.xunlei.downloadprovider:id/hermes_ad_banner_tips","name":"android.widget.TextView","text":"本广告由合作方提供","desc":null,"clickable":false,"focusable":false,"checkable":false,"checked":false,"longClickable":false,"visibleToUser":true,"left":527,"top":708,"right":797,"bottom":749,"width":270,"height":41,"childCount":0,"index":1,"depth":21}},{"id":32,"pid":12,"index":0,"idQf":true,"textQf":null,"attr":{"id":"com.xunlei.downloadprovider:id/iconImageView","name":"android.widget.ImageView","text":null,"desc":"迅雷","clickable":false,"focusable":false,"checkable":false,"checked":false,"longClickable":false,"visibleToUser":true,"left":54,"top":305,"right":126,"bottom":377,"width":72,"height":72,"childCount":0,"index":0,"depth":10}},{"id":33,"pid":12,"index":1,"idQf":true,"textQf":null,"attr":{"id":"com.xunlei.downloadprovider:id/detail_icon_cover","name":"android.view.View","text":null,"desc":null,"clickable":false,"focusable":false,"checkable":false,"checked":false,"longClickable":false,"visibleToUser":true,"left":54,"top":305,"right":126,"bottom":377,"width":72,"height":72,"childCount":0,"index":1,"depth":10}},{"id":34,"pid":12,"index":2,"idQf":true,"textQf":true,"attr":{"id":"com.xunlei.downloadprovider:id/titleTextView","name":"android.widget.TextView","text":"卫星电视.apk","desc":null,"clickable":true,"focusable":false,"checkable":false,"checked":false,"longClickable":false,"visibleToUser":true,"left":174,"top":254,"right":924,"bottom":354,"width":750,"height":100,"childCount":0,"index":2,"depth":10}},{"id":35,"pid":12,"index":3,"idQf":true,"textQf":null,"attr":{"id":"com.xunlei.downloadprovider:id/arrow_icon","name":"android.widget.ImageView","text":null,"desc":null,"clickable":true,"focusable":true,"checkable":false,"checked":false,"longClickable":false,"visibleToUser":true,"left":924,"top":254,"right":1080,"bottom":368,"width":156,"height":114,"childCount":0,"index":3,"depth":10}},{"id":36,"pid":12,"index":4,"idQf":true,"textQf":null,"attr":{"id":"com.xunlei.downloadprovider:id/task_icon_title_layout","name":"android.widget.RelativeLayout","text":null,"desc":null,"clickable":false,"focusable":false,"checkable":false,"checked":false,"longClickable":false,"visibleToUser":true,"left":0,"top":377,"right":1080,"bottom":497,"width":1080,"height":120,"childCount":3,"index":4,"depth":10}},{"id":37,"pid":12,"index":5,"idQf":true,"textQf":null,"attr":{"id":"com.xunlei.downloadprovider:id/detail_title_speed_container","name":"android.view.ViewGroup","text":null,"desc":null,"clickable":false,"focusable":false,"checkable":false,"checked":false,"longClickable":false,"visibleToUser":false,"left":0,"top":497,"right":1080,"bottom":497,"width":1080,"height":0,"childCount":1,"index":5,"depth":10}},{"id":38,"pid":37,"index":0,"idQf":null,"textQf":null,"attr":{"id":null,"name":"android.widget.FrameLayout","text":null,"desc":null,"clickable":false,"focusable":false,"checkable":false,"checked":false,"longClickable":false,"visibleToUser":false,"left":0,"top":497,"right":1080,"bottom":497,"width":1080,"height":0,"childCount":0,"index":0,"depth":11}},{"id":39,"pid":36,"index":0,"idQf":true,"textQf":null,"attr":{"id":"com.xunlei.downloadprovider:id/status_layout","name":"android.widget.LinearLayout","text":null,"desc":null,"clickable":false,"focusable":false,"checkable":false,"checked":false,"longClickable":false,"visibleToUser":true,"left":48,"top":404,"right":530,"bottom":464,"width":482,"height":60,"childCount":4,"index":0,"depth":11}},{"id":40,"pid":36,"index":1,"idQf":true,"textQf":null,"attr":{"id":"com.xunlei.downloadprovider:id/expand_space_view","name":"android.view.View","text":null,"desc":null,"clickable":false,"focusable":false,"checkable":false,"checked":false,"longClickable":false,"visibleToUser":true,"left":48,"top":404,"right":49,"bottom":405,"width":1,"height":1,"childCount":0,"index":1,"depth":11}},{"id":41,"pid":36,"index":2,"idQf":true,"textQf":null,"attr":{"id":"com.xunlei.downloadprovider:id/operate_container","name":"android.widget.LinearLayout","text":null,"desc":null,"clickable":false,"focusable":false,"checkable":false,"checked":false,"longClickable":false,"visibleToUser":true,"left":762,"top":398,"right":1032,"bottom":470,"width":270,"height":72,"childCount":1,"index":2,"depth":11}},{"id":42,"pid":41,"index":0,"idQf":true,"textQf":null,"attr":{"id":"com.xunlei.downloadprovider:id/right_btn_container","name":"android.widget.FrameLayout","text":null,"desc":null,"clickable":false,"focusable":false,"checkable":false,"checked":false,"longClickable":false,"visibleToUser":true,"left":786,"top":398,"right":1032,"bottom":470,"width":246,"height":72,"childCount":1,"index":0,"depth":12}},{"id":43,"pid":42,"index":0,"idQf":true,"textQf":true,"attr":{"id":"com.xunlei.downloadprovider:id/install","name":"android.widget.TextView","text":"安装","desc":null,"clickable":true,"focusable":true,"checkable":false,"checked":false,"longClickable":false,"visibleToUser":true,"left":786,"top":398,"right":1032,"bottom":470,"width":246,"height":72,"childCount":0,"index":0,"depth":13}},{"id":44,"pid":39,"index":0,"idQf":true,"textQf":true,"attr":{"id":"com.xunlei.downloadprovider:id/tagSize","name":"android.widget.TextView","text":"11.8MB","desc":null,"clickable":false,"focusable":false,"checkable":false,"checked":false,"longClickable":false,"visibleToUser":true,"left":48,"top":413,"right":171,"bottom":455,"width":123,"height":42,"childCount":0,"index":0,"depth":12}},{"id":45,"pid":39,"index":1,"idQf":true,"textQf":null,"attr":{"id":"com.xunlei.downloadprovider:id/tagDivider2","name":"android.widget.ImageView","text":null,"desc":null,"clickable":false,"focusable":false,"checkable":false,"checked":false,"longClickable":false,"visibleToUser":true,"left":195,"top":423,"right":197,"bottom":444,"width":2,"height":21,"childCount":0,"index":1,"depth":12}},{"id":46,"pid":39,"index":2,"idQf":true,"textQf":true,"attr":{"id":"com.xunlei.downloadprovider:id/download_status_text","name":"android.widget.TextView","text":"下载完成","desc":null,"clickable":false,"focusable":false,"checkable":false,"checked":false,"longClickable":false,"visibleToUser":true,"left":221,"top":413,"right":365,"bottom":455,"width":144,"height":42,"childCount":0,"index":2,"depth":12}},{"id":47,"pid":39,"index":3,"idQf":null,"textQf":null,"attr":{"id":null,"name":"android.widget.LinearLayout","text":null,"desc":null,"clickable":false,"focusable":false,"checkable":false,"checked":false,"longClickable":false,"visibleToUser":false,"left":515,"top":434,"right":515,"bottom":434,"width":0,"height":0,"childCount":0,"index":3,"depth":12}},{"id":48,"pid":9,"index":0,"idQf":true,"textQf":null,"attr":{"id":"com.xunlei.downloadprovider:id/fl_play_view","name":"android.widget.FrameLayout","text":null,"desc":null,"clickable":false,"focusable":false,"checkable":false,"checked":false,"longClickable":false,"visibleToUser":true,"left":0,"top":110,"right":1080,"bottom":254,"width":1080,"height":144,"childCount":1,"index":0,"depth":8}},{"id":49,"pid":48,"index":0,"idQf":true,"textQf":null,"attr":{"id":"com.xunlei.downloadprovider:id/download_details_title_header_bar","name":"android.widget.RelativeLayout","text":null,"desc":null,"clickable":false,"focusable":false,"checkable":false,"checked":false,"longClickable":false,"visibleToUser":true,"left":0,"top":110,"right":1080,"bottom":254,"width":1080,"height":144,"childCount":3,"index":0,"depth":9}},{"id":50,"pid":49,"index":0,"idQf":true,"textQf":null,"attr":{"id":"com.xunlei.downloadprovider:id/close_btn","name":"android.widget.ImageView","text":null,"desc":null,"clickable":true,"focusable":true,"checkable":false,"checked":false,"longClickable":false,"visibleToUser":true,"left":0,"top":110,"right":144,"bottom":254,"width":144,"height":144,"childCount":0,"index":0,"depth":10}},{"id":51,"pid":49,"index":1,"idQf":true,"textQf":null,"attr":{"id":"com.xunlei.downloadprovider:id/detail_title_delete_btn","name":"android.widget.ImageView","text":null,"desc":null,"clickable":true,"focusable":true,"checkable":false,"checked":false,"longClickable":false,"visibleToUser":true,"left":144,"top":110,"right":288,"bottom":254,"width":144,"height":144,"childCount":0,"index":1,"depth":10}},{"id":52,"pid":49,"index":2,"idQf":true,"textQf":null,"attr":{"id":"com.xunlei.downloadprovider:id/detail_title_right_icon","name":"android.widget.ImageView","text":null,"desc":null,"clickable":true,"focusable":true,"checkable":false,"checked":false,"longClickable":false,"visibleToUser":true,"left":972,"top":146,"right":1044,"bottom":218,"width":72,"height":72,"childCount":0,"index":2,"depth":10}}]}