{"id":1701860785530,"appId":"com.tencent.mm","activityId":"com.tencent.mm.plugin.teenmode.ui.AuthorizationRequestUI","appName":"微信","appVersionCode":2460,"appVersionName":"8.0.42","screenHeight":2400,"screenWidth":1080,"isLandscape":false,"gkdVersionCode":14,"gkdVersionName":"1.5.4","device":{"device":"RMX2121L1","model":"RMX2121","manufacturer":"realme","brand":"realme","sdkInt":31,"release":"12"},"nodes":[{"id":0,"pid":-1,"index":0,"idQf":null,"textQf":null,"attr":{"id":null,"name":"android.widget.FrameLayout","text":null,"desc":null,"clickable":false,"focusable":false,"checkable":false,"checked":false,"longClickable":false,"visibleToUser":true,"left":0,"top":0,"right":1080,"bottom":2400,"width":1080,"height":2400,"childCount":1,"index":0,"depth":0}},{"id":1,"pid":0,"index":0,"idQf":true,"textQf":null,"attr":{"id":"com.tencent.mm:id/nsv","name":"android.widget.FrameLayout","text":null,"desc":null,"clickable":false,"focusable":true,"checkable":false,"checked":false,"longClickable":false,"visibleToUser":true,"left":0,"top":0,"right":1080,"bottom":2400,"width":1080,"height":2400,"childCount":1,"index":0,"depth":1}},{"id":2,"pid":1,"index":0,"idQf":null,"textQf":null,"attr":{"id":null,"name":"android.widget.FrameLayout","text":null,"desc":null,"clickable":false,"focusable":false,"checkable":false,"checked":false,"longClickable":false,"visibleToUser":true,"left":0,"top":0,"right":1080,"bottom":2400,"width":1080,"height":2400,"childCount":1,"index":0,"depth":2}},{"id":3,"pid":2,"index":0,"idQf":null,"textQf":null,"attr":{"id":null,"name":"android.widget.LinearLayout","text":null,"desc":null,"clickable":false,"focusable":false,"checkable":false,"checked":false,"longClickable":false,"visibleToUser":true,"left":0,"top":107,"right":1080,"bottom":2400,"width":1080,"height":2293,"childCount":1,"index":0,"depth":3}},{"id":4,"pid":3,"index":0,"idQf":null,"textQf":null,"attr":{"id":null,"name":"android.widget.FrameLayout","text":null,"desc":null,"clickable":false,"focusable":false,"checkable":false,"checked":false,"longClickable":false,"visibleToUser":true,"left":0,"top":107,"right":1080,"bottom":2400,"width":1080,"height":2293,"childCount":1,"index":0,"depth":4}},{"id":5,"pid":4,"index":0,"idQf":true,"textQf":null,"attr":{"id":"com.tencent.mm:id/crd","name":"android.view.ViewGroup","text":null,"desc":null,"clickable":false,"focusable":false,"checkable":false,"checked":false,"longClickable":false,"visibleToUser":true,"left":0,"top":107,"right":1080,"bottom":2400,"width":1080,"height":2293,"childCount":2,"index":0,"depth":5}},{"id":6,"pid":5,"index":0,"idQf":true,"textQf":null,"attr":{"id":"com.tencent.mm:id/ei","name":"android.widget.FrameLayout","text":null,"desc":null,"clickable":false,"focusable":false,"checkable":false,"checked":false,"longClickable":false,"visibleToUser":true,"left":0,"top":107,"right":1080,"bottom":237,"width":1080,"height":130,"childCount":1,"index":0,"depth":6}},{"id":7,"pid":5,"index":1,"idQf":true,"textQf":null,"attr":{"id":"android:id/content","name":"android.widget.FrameLayout","text":null,"desc":null,"clickable":false,"focusable":false,"checkable":false,"checked":false,"longClickable":false,"visibleToUser":true,"left":0,"top":237,"right":1080,"bottom":2400,"width":1080,"height":2163,"childCount":1,"index":1,"depth":6}},{"id":8,"pid":7,"index":0,"idQf":true,"textQf":null,"attr":{"id":"com.tencent.mm:id/jlt","name":"android.widget.FrameLayout","text":null,"desc":null,"clickable":false,"focusable":false,"checkable":false,"checked":false,"longClickable":false,"visibleToUser":true,"left":0,"top":237,"right":1080,"bottom":2400,"width":1080,"height":2163,"childCount":1,"index":0,"depth":7}},{"id":9,"pid":8,"index":0,"idQf":null,"textQf":null,"attr":{"id":null,"name":"android.widget.FrameLayout","text":null,"desc":null,"clickable":false,"focusable":false,"checkable":false,"checked":false,"longClickable":false,"visibleToUser":true,"left":0,"top":237,"right":1080,"bottom":2400,"width":1080,"height":2163,"childCount":2,"index":0,"depth":8}},{"id":10,"pid":9,"index":0,"idQf":null,"textQf":null,"attr":{"id":null,"name":"android.widget.FrameLayout","text":null,"desc":null,"clickable":false,"focusable":true,"checkable":false,"checked":false,"longClickable":false,"visibleToUser":true,"left":0,"top":237,"right":1080,"bottom":2400,"width":1080,"height":2163,"childCount":1,"index":0,"depth":9}},{"id":11,"pid":9,"index":1,"idQf":null,"textQf":null,"attr":{"id":null,"name":"android.widget.FrameLayout","text":null,"desc":null,"clickable":false,"focusable":false,"checkable":false,"checked":false,"longClickable":false,"visibleToUser":true,"left":0,"top":237,"right":1080,"bottom":2400,"width":1080,"height":2163,"childCount":1,"index":1,"depth":9}},{"id":12,"pid":11,"index":0,"idQf":null,"textQf":null,"attr":{"id":null,"name":"android.widget.RelativeLayout","text":null,"desc":null,"clickable":false,"focusable":false,"checkable":false,"checked":false,"longClickable":false,"visibleToUser":true,"left":0,"top":237,"right":1080,"bottom":2400,"width":1080,"height":2163,"childCount":4,"index":0,"depth":10}},{"id":13,"pid":12,"index":0,"idQf":true,"textQf":null,"attr":{"id":"com.tencent.mm:id/og2","name":"android.widget.LinearLayout","text":null,"desc":null,"clickable":false,"focusable":false,"checkable":false,"checked":false,"longClickable":false,"visibleToUser":true,"left":86,"top":237,"right":994,"bottom":810,"width":908,"height":573,"childCount":3,"index":0,"depth":11}},{"id":14,"pid":12,"index":1,"idQf":true,"textQf":true,"attr":{"id":"com.tencent.mm:id/hjn","name":"android.widget.TextView","text":"申请今天临时访问","desc":null,"clickable":false,"focusable":false,"checkable":false,"checked":false,"longClickable":false,"visibleToUser":true,"left":129,"top":940,"right":994,"bottom":983,"width":865,"height":43,"childCount":0,"index":1,"depth":11}},{"id":15,"pid":12,"index":2,"idQf":true,"textQf":null,"attr":{"id":"com.tencent.mm:id/jk3","name":"android.widget.LinearLayout","text":null,"desc":null,"clickable":true,"focusable":true,"checkable":false,"checked":false,"longClickable":false,"visibleToUser":true,"left":86,"top":1005,"right":994,"bottom":1157,"width":908,"height":152,"childCount":2,"index":2,"depth":11}},{"id":16,"pid":12,"index":3,"idQf":true,"textQf":null,"attr":{"id":"com.tencent.mm:id/av0","name":"android.widget.LinearLayout","text":null,"desc":null,"clickable":false,"focusable":false,"checkable":false,"checked":false,"longClickable":false,"visibleToUser":true,"left":86,"top":2011,"right":994,"bottom":2141,"width":908,"height":130,"childCount":1,"index":3,"depth":11}},{"id":17,"pid":16,"index":0,"idQf":true,"textQf":true,"attr":{"id":"com.tencent.mm:id/bz2","name":"android.widget.Button","text":"我知道了","desc":null,"clickable":true,"focusable":true,"checkable":false,"checked":false,"longClickable":false,"visibleToUser":true,"left":291,"top":2011,"right":788,"bottom":2141,"width":497,"height":130,"childCount":0,"index":0,"depth":12}},{"id":18,"pid":15,"index":0,"idQf":null,"textQf":null,"attr":{"id":null,"name":"android.view.View","text":null,"desc":null,"clickable":false,"focusable":false,"checkable":false,"checked":false,"longClickable":false,"visibleToUser":true,"left":86,"top":1005,"right":994,"bottom":1006,"width":908,"height":1,"childCount":0,"index":0,"depth":12}},{"id":19,"pid":15,"index":1,"idQf":true,"textQf":null,"attr":{"id":"com.tencent.mm:id/oxb","name":"android.widget.RelativeLayout","text":null,"desc":null,"clickable":true,"focusable":true,"checkable":false,"checked":false,"longClickable":false,"visibleToUser":true,"left":86,"top":1006,"right":994,"bottom":1157,"width":908,"height":151,"childCount":2,"index":1,"depth":12}},{"id":20,"pid":19,"index":0,"idQf":null,"textQf":null,"attr":{"id":null,"name":"android.widget.LinearLayout","text":null,"desc":null,"clickable":false,"focusable":false,"checkable":false,"checked":false,"longClickable":false,"visibleToUser":true,"left":86,"top":1006,"right":994,"bottom":1157,"width":908,"height":151,"childCount":2,"index":0,"depth":13}},{"id":21,"pid":19,"index":1,"idQf":null,"textQf":null,"attr":{"id":null,"name":"android.view.View","text":null,"desc":null,"clickable":false,"focusable":false,"checkable":false,"checked":false,"longClickable":false,"visibleToUser":true,"left":86,"top":1156,"right":994,"bottom":1157,"width":908,"height":1,"childCount":0,"index":1,"depth":13}},{"id":22,"pid":20,"index":0,"idQf":null,"textQf":true,"attr":{"id":null,"name":"android.widget.TextView","text":"验证密码","desc":null,"clickable":false,"focusable":false,"checkable":false,"checked":false,"longClickable":false,"visibleToUser":true,"left":130,"top":1050,"right":911,"bottom":1112,"width":781,"height":62,"childCount":0,"index":0,"depth":14}},{"id":23,"pid":20,"index":1,"idQf":null,"textQf":null,"attr":{"id":null,"name":"android.widget.ImageView","text":null,"desc":null,"clickable":false,"focusable":false,"checkable":false,"checked":false,"longClickable":false,"visibleToUser":true,"left":933,"top":1064,"right":951,"bottom":1099,"width":18,"height":35,"childCount":0,"index":1,"depth":14}},{"id":24,"pid":13,"index":0,"idQf":null,"textQf":null,"attr":{"id":null,"name":"android.widget.ImageView","text":null,"desc":null,"clickable":false,"focusable":false,"checkable":false,"checked":false,"longClickable":false,"visibleToUser":true,"left":453,"top":367,"right":626,"bottom":540,"width":173,"height":173,"childCount":0,"index":0,"depth":12}},{"id":25,"pid":13,"index":1,"idQf":null,"textQf":true,"attr":{"id":null,"name":"android.widget.TextView","text":"青少年模式","desc":null,"clickable":false,"focusable":false,"checkable":false,"checked":false,"longClickable":false,"visibleToUser":true,"left":86,"top":626,"right":994,"bottom":705,"width":908,"height":79,"childCount":0,"index":1,"depth":12}},{"id":26,"pid":13,"index":2,"idQf":null,"textQf":true,"attr":{"id":null,"name":"android.widget.TextView","text":"该功能受限制，不可访问","desc":null,"clickable":false,"focusable":false,"checkable":false,"checked":false,"longClickable":false,"visibleToUser":true,"left":86,"top":748,"right":994,"bottom":810,"width":908,"height":62,"childCount":0,"index":2,"depth":12}},{"id":27,"pid":10,"index":0,"idQf":null,"textQf":null,"attr":{"id":null,"name":"android.widget.LinearLayout","text":null,"desc":null,"clickable":false,"focusable":false,"checkable":false,"checked":false,"longClickable":false,"visibleToUser":false,"left":0,"top":237,"right":1080,"bottom":237,"width":1080,"height":0,"childCount":0,"index":0,"depth":10}},{"id":28,"pid":6,"index":0,"idQf":true,"textQf":null,"attr":{"id":"com.tencent.mm:id/ef","name":"android.view.ViewGroup","text":null,"desc":null,"clickable":false,"focusable":false,"checkable":false,"checked":false,"longClickable":false,"visibleToUser":true,"left":0,"top":107,"right":1080,"bottom":237,"width":1080,"height":130,"childCount":2,"index":0,"depth":7}},{"id":29,"pid":28,"index":0,"idQf":true,"textQf":null,"attr":{"id":"com.tencent.mm:id/el","name":"android.widget.RelativeLayout","text":null,"desc":null,"clickable":false,"focusable":false,"checkable":false,"checked":false,"longClickable":false,"visibleToUser":true,"left":0,"top":107,"right":1080,"bottom":237,"width":1080,"height":130,"childCount":3,"index":0,"depth":8}},{"id":30,"pid":28,"index":1,"idQf":null,"textQf":null,"attr":{"id":null,"name":"androidx.appcompat.widget.LinearLayoutCompat","text":null,"desc":null,"clickable":false,"focusable":false,"checkable":false,"checked":false,"longClickable":false,"visibleToUser":false,"left":1080,"top":107,"right":1080,"bottom":237,"width":0,"height":130,"childCount":0,"index":1,"depth":8}},{"id":31,"pid":29,"index":0,"idQf":true,"textQf":null,"attr":{"id":"com.tencent.mm:id/coz","name":"android.widget.LinearLayout","text":null,"desc":null,"clickable":false,"focusable":false,"checkable":false,"checked":false,"longClickable":false,"visibleToUser":false,"left":1080,"top":107,"right":1080,"bottom":107,"width":0,"height":0,"childCount":1,"index":0,"depth":9}},{"id":32,"pid":29,"index":1,"idQf":true,"textQf":null,"attr":{"id":"com.tencent.mm:id/gp","name":"android.widget.RelativeLayout","text":null,"desc":null,"clickable":false,"focusable":false,"checkable":false,"checked":false,"longClickable":false,"visibleToUser":true,"left":0,"top":107,"right":1080,"bottom":237,"width":1080,"height":130,"childCount":1,"index":1,"depth":9}},{"id":33,"pid":29,"index":2,"idQf":true,"textQf":null,"attr":{"id":"com.tencent.mm:id/he","name":"android.widget.LinearLayout","text":null,"desc":null,"clickable":true,"focusable":true,"checkable":false,"checked":false,"longClickable":false,"visibleToUser":true,"left":0,"top":107,"right":109,"bottom":237,"width":109,"height":130,"childCount":1,"index":2,"depth":9}},{"id":34,"pid":33,"index":0,"idQf":true,"textQf":null,"attr":{"id":"com.tencent.mm:id/hf","name":"android.widget.ImageView","text":null,"desc":"返回","clickable":false,"focusable":false,"checkable":false,"checked":false,"longClickable":false,"visibleToUser":true,"left":22,"top":107,"right":87,"bottom":237,"width":65,"height":130,"childCount":0,"index":0,"depth":10}},{"id":35,"pid":32,"index":0,"idQf":true,"textQf":null,"attr":{"id":"com.tencent.mm:id/oct","name":"android.widget.LinearLayout","text":null,"desc":null,"clickable":false,"focusable":false,"checkable":false,"checked":false,"longClickable":false,"visibleToUser":true,"left":534,"top":107,"right":545,"bottom":237,"width":11,"height":130,"childCount":1,"index":0,"depth":10}},{"id":36,"pid":35,"index":0,"idQf":null,"textQf":null,"attr":{"id":null,"name":"android.widget.LinearLayout","text":null,"desc":null,"clickable":false,"focusable":false,"checkable":false,"checked":false,"longClickable":false,"visibleToUser":true,"left":534,"top":141,"right":545,"bottom":203,"width":11,"height":62,"childCount":1,"index":0,"depth":11}},{"id":37,"pid":36,"index":0,"idQf":true,"textQf":null,"attr":{"id":"android:id/text1","name":"android.widget.TextView","text":null,"desc":null,"clickable":false,"focusable":false,"checkable":false,"checked":false,"longClickable":false,"visibleToUser":true,"left":534,"top":141,"right":545,"bottom":203,"width":11,"height":62,"childCount":0,"index":0,"depth":12}},{"id":38,"pid":31,"index":0,"idQf":true,"textQf":null,"attr":{"id":"com.tencent.mm:id/coy","name":"android.widget.LinearLayout","text":null,"desc":null,"clickable":false,"focusable":false,"checkable":false,"checked":false,"longClickable":false,"visibleToUser":false,"left":1080,"top":107,"right":1080,"bottom":107,"width":0,"height":0,"childCount":0,"index":0,"depth":10}}]}