{"id":1701871884316,"appId":"com.taobao.taobao","activityId":"com.taobao.android.detail2.core.framework.floatwindow.permission.PermissionActivity","appName":"淘宝","appVersionCode":605,"appVersionName":"10.30.20","screenHeight":2400,"screenWidth":1080,"isLandscape":false,"gkdVersionCode":14,"gkdVersionName":"1.5.4","device":{"device":"RMX2121L1","model":"RMX2121","manufacturer":"realme","brand":"realme","sdkInt":31,"release":"12"},"nodes":[{"id":0,"pid":-1,"index":0,"idQf":null,"textQf":null,"attr":{"id":null,"name":"android.widget.FrameLayout","text":null,"desc":null,"clickable":false,"focusable":false,"checkable":false,"checked":false,"longClickable":false,"visibleToUser":true,"left":27,"top":1051,"right":1053,"bottom":1456,"width":1026,"height":405,"childCount":1,"index":0,"depth":0}},{"id":1,"pid":0,"index":0,"idQf":null,"textQf":null,"attr":{"id":null,"name":"android.widget.FrameLayout","text":null,"desc":null,"clickable":false,"focusable":false,"checkable":false,"checked":false,"longClickable":false,"visibleToUser":true,"left":27,"top":1051,"right":1053,"bottom":1456,"width":1026,"height":405,"childCount":1,"index":0,"depth":1}},{"id":2,"pid":1,"index":0,"idQf":true,"textQf":null,"attr":{"id":"android:id/content","name":"android.widget.FrameLayout","text":null,"desc":null,"clickable":false,"focusable":false,"checkable":false,"checked":false,"longClickable":false,"visibleToUser":true,"left":27,"top":1051,"right":1053,"bottom":1456,"width":1026,"height":405,"childCount":1,"index":0,"depth":2}},{"id":3,"pid":2,"index":0,"idQf":true,"textQf":null,"attr":{"id":"android:id/parentPanel","name":"android.widget.LinearLayout","text":null,"desc":null,"clickable":false,"focusable":false,"checkable":false,"checked":false,"longClickable":false,"visibleToUser":true,"left":51,"top":1051,"right":1029,"bottom":1456,"width":978,"height":405,"childCount":2,"index":0,"depth":3}},{"id":4,"pid":3,"index":0,"idQf":true,"textQf":null,"attr":{"id":"android:id/contentPanel","name":"android.widget.LinearLayout","text":null,"desc":null,"clickable":false,"focusable":false,"checkable":false,"checked":false,"longClickable":false,"visibleToUser":true,"left":51,"top":1051,"right":1029,"bottom":1268,"width":978,"height":217,"childCount":1,"index":0,"depth":4}},{"id":5,"pid":3,"index":1,"idQf":true,"textQf":null,"attr":{"id":"android:id/buttonPanel","name":"android.widget.LinearLayout","text":null,"desc":null,"clickable":false,"focusable":false,"checkable":false,"checked":false,"longClickable":false,"visibleToUser":true,"left":51,"top":1268,"right":1029,"bottom":1456,"width":978,"height":188,"childCount":1,"index":1,"depth":4}},{"id":6,"pid":5,"index":0,"idQf":null,"textQf":null,"attr":{"id":null,"name":"android.widget.LinearLayout","text":null,"desc":null,"clickable":false,"focusable":false,"checkable":false,"checked":false,"longClickable":false,"visibleToUser":true,"left":75,"top":1270,"right":1005,"bottom":1432,"width":930,"height":162,"childCount":2,"index":0,"depth":5}},{"id":7,"pid":6,"index":0,"idQf":true,"textQf":true,"attr":{"id":"android:id/button2","name":"android.widget.Button","text":"否","desc":null,"clickable":true,"focusable":true,"checkable":false,"checked":false,"longClickable":false,"visibleToUser":true,"left":75,"top":1270,"right":539,"bottom":1432,"width":464,"height":162,"childCount":0,"index":0,"depth":6}},{"id":8,"pid":6,"index":1,"idQf":true,"textQf":true,"attr":{"id":"android:id/button1","name":"android.widget.Button","text":"是","desc":null,"clickable":true,"focusable":true,"checkable":false,"checked":false,"longClickable":false,"visibleToUser":true,"left":541,"top":1270,"right":1005,"bottom":1432,"width":464,"height":162,"childCount":0,"index":1,"depth":6}},{"id":9,"pid":4,"index":0,"idQf":true,"textQf":null,"attr":{"id":"android:id/scrollView","name":"android.widget.ScrollView","text":null,"desc":null,"clickable":false,"focusable":false,"checkable":false,"checked":false,"longClickable":false,"visibleToUser":true,"left":75,"top":1075,"right":1005,"bottom":1268,"width":930,"height":193,"childCount":1,"index":0,"depth":5}},{"id":10,"pid":9,"index":0,"idQf":true,"textQf":true,"attr":{"id":"android:id/message","name":"android.widget.TextView","text":"视频小窗需要在应用设置中开启悬浮窗权限，是否前往开启权限？","desc":null,"clickable":false,"focusable":false,"checkable":false,"checked":false,"longClickable":false,"visibleToUser":true,"left":75,"top":1075,"right":1005,"bottom":1268,"width":930,"height":193,"childCount":0,"index":0,"depth":6}}]}