{"id":1701928365553,"appId":"com.alicloud.databox","activityId":"com.alipay.mobile.nebulax.integration.mpaas.activity.NebulaActivity$Main","appName":"阿里云盘","appVersionCode":206,"appVersionName":"4.9.17.1","screenHeight":2400,"screenWidth":1080,"isLandscape":false,"gkdVersionCode":14,"gkdVersionName":"1.5.4","device":{"device":"RMX2121L1","model":"RMX2121","manufacturer":"realme","brand":"realme","sdkInt":31,"release":"12"},"nodes":[{"id":0,"pid":-1,"index":0,"idQf":null,"textQf":null,"attr":{"id":null,"name":"android.widget.FrameLayout","text":null,"desc":null,"clickable":false,"focusable":false,"checkable":false,"checked":false,"longClickable":false,"visibleToUser":true,"left":0,"top":0,"right":1080,"bottom":2400,"width":1080,"height":2400,"childCount":2,"index":0,"depth":0}},{"id":1,"pid":0,"index":0,"idQf":null,"textQf":null,"attr":{"id":null,"name":"android.widget.LinearLayout","text":null,"desc":null,"clickable":false,"focusable":false,"checkable":false,"checked":false,"longClickable":false,"visibleToUser":true,"left":0,"top":0,"right":1080,"bottom":2400,"width":1080,"height":2400,"childCount":1,"index":0,"depth":1}},{"id":2,"pid":0,"index":1,"idQf":true,"textQf":null,"attr":{"id":"android:id/statusBarBackground","name":"android.view.View","text":null,"desc":null,"clickable":false,"focusable":false,"checkable":false,"checked":false,"longClickable":false,"visibleToUser":false,"left":0,"top":0,"right":1080,"bottom":107,"width":1080,"height":107,"childCount":0,"index":1,"depth":1}},{"id":3,"pid":1,"index":0,"idQf":true,"textQf":null,"attr":{"id":"android:id/content","name":"android.widget.FrameLayout","text":null,"desc":null,"clickable":false,"focusable":false,"checkable":false,"checked":false,"longClickable":false,"visibleToUser":true,"left":0,"top":0,"right":1080,"bottom":2400,"width":1080,"height":2400,"childCount":1,"index":0,"depth":2}},{"id":4,"pid":3,"index":0,"idQf":true,"textQf":null,"attr":{"id":"com.alicloud.databox:id/nebulax_root_view","name":"android.widget.FrameLayout","text":null,"desc":null,"clickable":false,"focusable":false,"checkable":false,"checked":false,"longClickable":false,"visibleToUser":true,"left":0,"top":0,"right":1080,"bottom":2400,"width":1080,"height":2400,"childCount":1,"index":0,"depth":3}},{"id":5,"pid":4,"index":0,"idQf":true,"textQf":null,"attr":{"id":"com.alicloud.databox:id/nebulax_wrapper_view","name":"android.widget.RelativeLayout","text":null,"desc":null,"clickable":false,"focusable":false,"checkable":false,"checked":false,"longClickable":false,"visibleToUser":true,"left":0,"top":0,"right":1080,"bottom":2400,"width":1080,"height":2400,"childCount":2,"index":0,"depth":4}},{"id":6,"pid":5,"index":0,"idQf":true,"textQf":null,"attr":{"id":"com.alicloud.databox:id/splash_container","name":"android.widget.RelativeLayout","text":null,"desc":null,"clickable":false,"focusable":false,"checkable":false,"checked":false,"longClickable":false,"visibleToUser":true,"left":0,"top":0,"right":1080,"bottom":2400,"width":1080,"height":2400,"childCount":0,"index":0,"depth":5}},{"id":7,"pid":5,"index":1,"idQf":true,"textQf":null,"attr":{"id":"com.alicloud.databox:id/fragment_container","name":"android.widget.RelativeLayout","text":null,"desc":null,"clickable":false,"focusable":false,"checkable":false,"checked":false,"longClickable":false,"visibleToUser":true,"left":0,"top":0,"right":1080,"bottom":2400,"width":1080,"height":2400,"childCount":1,"index":1,"depth":5}},{"id":8,"pid":7,"index":0,"idQf":null,"textQf":null,"attr":{"id":null,"name":"android.widget.RelativeLayout","text":null,"desc":null,"clickable":false,"focusable":false,"checkable":false,"checked":false,"longClickable":false,"visibleToUser":true,"left":0,"top":0,"right":1080,"bottom":2400,"width":1080,"height":2400,"childCount":2,"index":0,"depth":6}},{"id":9,"pid":8,"index":0,"idQf":true,"textQf":null,"attr":{"id":"com.alicloud.databox:id/h5_web_content","name":"android.widget.RelativeLayout","text":null,"desc":null,"clickable":false,"focusable":false,"checkable":false,"checked":false,"longClickable":false,"visibleToUser":true,"left":0,"top":0,"right":1080,"bottom":2400,"width":1080,"height":2400,"childCount":1,"index":0,"depth":7}},{"id":10,"pid":8,"index":1,"idQf":true,"textQf":null,"attr":{"id":"com.alicloud.databox:id/h5_title_bar","name":"android.widget.FrameLayout","text":null,"desc":null,"clickable":false,"focusable":false,"checkable":false,"checked":false,"longClickable":false,"visibleToUser":true,"left":0,"top":0,"right":1080,"bottom":252,"width":1080,"height":252,"childCount":1,"index":1,"depth":7}},{"id":11,"pid":10,"index":0,"idQf":true,"textQf":null,"attr":{"id":"com.alicloud.databox:id/h5_rl_title_bar","name":"android.widget.LinearLayout","text":null,"desc":null,"clickable":false,"focusable":false,"checkable":false,"checked":false,"longClickable":false,"visibleToUser":true,"left":0,"top":0,"right":1080,"bottom":252,"width":1080,"height":252,"childCount":5,"index":0,"depth":8}},{"id":12,"pid":11,"index":0,"idQf":true,"textQf":null,"attr":{"id":"com.alicloud.databox:id/h5_status_bar_adjust_view","name":"android.view.View","text":null,"desc":null,"clickable":false,"focusable":false,"checkable":false,"checked":false,"longClickable":false,"visibleToUser":false,"left":0,"top":0,"right":1080,"bottom":107,"width":1080,"height":107,"childCount":0,"index":0,"depth":9}},{"id":13,"pid":11,"index":1,"idQf":true,"textQf":null,"attr":{"id":"com.alicloud.databox:id/h5_title_bar_layout","name":"android.widget.RelativeLayout","text":null,"desc":null,"clickable":false,"focusable":false,"checkable":false,"checked":false,"longClickable":false,"visibleToUser":true,"left":0,"top":107,"right":1080,"bottom":251,"width":1080,"height":144,"childCount":2,"index":1,"depth":9}},{"id":14,"pid":11,"index":2,"idQf":true,"textQf":null,"attr":{"id":"com.alicloud.databox:id/h5_h_divider_intitle","name":"android.view.View","text":null,"desc":null,"clickable":false,"focusable":false,"checkable":false,"checked":false,"longClickable":false,"visibleToUser":false,"left":0,"top":251,"right":1080,"bottom":252,"width":1080,"height":1,"childCount":0,"index":2,"depth":9}},{"id":15,"pid":11,"index":3,"idQf":true,"textQf":null,"attr":{"id":"com.alicloud.databox:id/h5_custom_view","name":"android.widget.RelativeLayout","text":null,"desc":null,"clickable":false,"focusable":false,"checkable":false,"checked":false,"longClickable":false,"visibleToUser":false,"left":0,"top":252,"right":1080,"bottom":252,"width":1080,"height":0,"childCount":0,"index":3,"depth":9}},{"id":16,"pid":11,"index":4,"idQf":true,"textQf":null,"attr":{"id":"com.alicloud.databox:id/adView","name":"android.widget.RelativeLayout","text":null,"desc":null,"clickable":false,"focusable":false,"checkable":false,"checked":false,"longClickable":false,"visibleToUser":false,"left":0,"top":252,"right":1080,"bottom":252,"width":1080,"height":0,"childCount":0,"index":4,"depth":9}},{"id":17,"pid":13,"index":0,"idQf":true,"textQf":null,"attr":{"id":"com.alicloud.databox:id/h5_rl_title","name":"android.widget.RelativeLayout","text":null,"desc":null,"clickable":false,"focusable":false,"checkable":false,"checked":false,"longClickable":false,"visibleToUser":true,"left":48,"top":107,"right":768,"bottom":251,"width":720,"height":144,"childCount":1,"index":0,"depth":10}},{"id":18,"pid":13,"index":1,"idQf":true,"textQf":null,"attr":{"id":"com.alicloud.databox:id/h5_nav_options","name":"android.widget.FrameLayout","text":null,"desc":null,"clickable":false,"focusable":false,"checkable":false,"checked":false,"longClickable":false,"visibleToUser":true,"left":768,"top":107,"right":1068,"bottom":251,"width":300,"height":144,"childCount":1,"index":1,"depth":10}},{"id":19,"pid":18,"index":0,"idQf":null,"textQf":null,"attr":{"id":null,"name":"android.widget.LinearLayout","text":null,"desc":null,"clickable":false,"focusable":false,"checkable":false,"checked":false,"longClickable":false,"visibleToUser":true,"left":804,"top":107,"right":1062,"bottom":251,"width":258,"height":144,"childCount":1,"index":0,"depth":11}},{"id":20,"pid":19,"index":0,"idQf":null,"textQf":null,"attr":{"id":null,"name":"android.widget.RelativeLayout","text":null,"desc":null,"clickable":false,"focusable":false,"checkable":false,"checked":false,"longClickable":false,"visibleToUser":true,"left":804,"top":107,"right":1062,"bottom":251,"width":258,"height":144,"childCount":1,"index":0,"depth":12}},{"id":21,"pid":20,"index":0,"idQf":null,"textQf":null,"attr":{"id":null,"name":"android.widget.RelativeLayout","text":null,"desc":null,"clickable":false,"focusable":false,"checkable":false,"checked":false,"longClickable":false,"visibleToUser":true,"left":810,"top":134,"right":1056,"bottom":224,"width":246,"height":90,"childCount":3,"index":0,"depth":13}},{"id":22,"pid":21,"index":0,"idQf":null,"textQf":null,"attr":{"id":null,"name":"android.widget.FrameLayout","text":null,"desc":"更多","clickable":true,"focusable":true,"checkable":false,"checked":false,"longClickable":false,"visibleToUser":true,"left":810,"top":134,"right":932,"bottom":224,"width":122,"height":90,"childCount":1,"index":0,"depth":14}},{"id":23,"pid":21,"index":1,"idQf":null,"textQf":null,"attr":{"id":null,"name":"android.widget.ImageView","text":null,"desc":null,"clickable":false,"focusable":false,"checkable":false,"checked":false,"longClickable":false,"visibleToUser":true,"left":932,"top":155,"right":933,"bottom":203,"width":1,"height":48,"childCount":0,"index":1,"depth":14}},{"id":24,"pid":21,"index":2,"idQf":null,"textQf":null,"attr":{"id":null,"name":"android.widget.FrameLayout","text":null,"desc":"关闭","clickable":true,"focusable":true,"checkable":false,"checked":false,"longClickable":true,"visibleToUser":true,"left":933,"top":134,"right":1055,"bottom":224,"width":122,"height":90,"childCount":1,"index":2,"depth":14}},{"id":25,"pid":24,"index":0,"idQf":null,"textQf":true,"attr":{"id":null,"name":"android.widget.TextView","text":"","desc":"关闭","clickable":false,"focusable":false,"checkable":false,"checked":false,"longClickable":false,"visibleToUser":true,"left":961,"top":145,"right":1027,"bottom":213,"width":66,"height":68,"childCount":0,"index":0,"depth":15}},{"id":26,"pid":22,"index":0,"idQf":null,"textQf":true,"attr":{"id":null,"name":"android.widget.TextView","text":"","desc":" ","clickable":false,"focusable":false,"checkable":false,"checked":false,"longClickable":false,"visibleToUser":true,"left":845,"top":145,"right":911,"bottom":213,"width":66,"height":68,"childCount":0,"index":0,"depth":15}},{"id":27,"pid":17,"index":0,"idQf":null,"textQf":null,"attr":{"id":null,"name":"android.widget.LinearLayout","text":null,"desc":null,"clickable":false,"focusable":false,"checkable":false,"checked":false,"longClickable":false,"visibleToUser":true,"left":48,"top":107,"right":66,"bottom":251,"width":18,"height":144,"childCount":2,"index":0,"depth":11}},{"id":28,"pid":27,"index":0,"idQf":true,"textQf":null,"attr":{"id":"com.alicloud.databox:id/h5_ll_title_stub","name":"android.widget.LinearLayout","text":null,"desc":null,"clickable":false,"focusable":false,"checkable":false,"checked":false,"longClickable":false,"visibleToUser":false,"left":48,"top":107,"right":48,"bottom":251,"width":0,"height":144,"childCount":1,"index":0,"depth":12}},{"id":29,"pid":27,"index":1,"idQf":null,"textQf":null,"attr":{"id":null,"name":"android.widget.LinearLayout","text":null,"desc":null,"clickable":false,"focusable":false,"checkable":false,"checked":false,"longClickable":false,"visibleToUser":false,"left":66,"top":177,"right":66,"bottom":180,"width":0,"height":3,"childCount":0,"index":1,"depth":12}},{"id":30,"pid":28,"index":0,"idQf":true,"textQf":null,"attr":{"id":"com.alicloud.databox:id/h5_ll_title","name":"android.widget.LinearLayout","text":null,"desc":null,"clickable":false,"focusable":false,"checkable":false,"checked":false,"longClickable":false,"visibleToUser":false,"left":48,"top":107,"right":48,"bottom":251,"width":0,"height":144,"childCount":1,"index":0,"depth":13}},{"id":31,"pid":30,"index":0,"idQf":null,"textQf":null,"attr":{"id":null,"name":"android.widget.FrameLayout","text":null,"desc":null,"clickable":false,"focusable":false,"checkable":false,"checked":false,"longClickable":false,"visibleToUser":false,"left":48,"top":139,"right":48,"bottom":218,"width":0,"height":79,"childCount":1,"index":0,"depth":14}},{"id":32,"pid":31,"index":0,"idQf":true,"textQf":null,"attr":{"id":"com.alicloud.databox:id/h5_tv_title","name":"android.widget.TextView","text":null,"desc":null,"clickable":true,"focusable":true,"checkable":false,"checked":false,"longClickable":false,"visibleToUser":false,"left":48,"top":139,"right":48,"bottom":218,"width":0,"height":79,"childCount":0,"index":0,"depth":15}},{"id":33,"pid":9,"index":0,"idQf":true,"textQf":null,"attr":{"id":"com.alicloud.databox:id/h5_pc_container","name":"android.widget.FrameLayout","text":null,"desc":null,"clickable":false,"focusable":false,"checkable":false,"checked":false,"longClickable":false,"visibleToUser":true,"left":0,"top":0,"right":1080,"bottom":2400,"width":1080,"height":2400,"childCount":1,"index":0,"depth":8}},{"id":34,"pid":33,"index":0,"idQf":null,"textQf":null,"attr":{"id":null,"name":"com.uc.webview.export.WebView","text":null,"desc":null,"clickable":false,"focusable":true,"checkable":false,"checked":false,"longClickable":false,"visibleToUser":true,"left":0,"top":0,"right":1080,"bottom":2400,"width":1080,"height":2400,"childCount":1,"index":0,"depth":9}},{"id":35,"pid":34,"index":0,"idQf":null,"textQf":null,"attr":{"id":null,"name":"com.uc.webkit.bc","text":null,"desc":null,"clickable":false,"focusable":false,"checkable":false,"checked":false,"longClickable":false,"visibleToUser":true,"left":0,"top":0,"right":1080,"bottom":2400,"width":1080,"height":2400,"childCount":1,"index":0,"depth":10}},{"id":36,"pid":35,"index":0,"idQf":null,"textQf":null,"attr":{"id":null,"name":"android.webkit.WebView","text":"","desc":null,"clickable":false,"focusable":true,"checkable":false,"checked":false,"longClickable":false,"visibleToUser":true,"left":0,"top":0,"right":1080,"bottom":2400,"width":1080,"height":2400,"childCount":2,"index":0,"depth":11}},{"id":37,"pid":36,"index":0,"idQf":false,"textQf":null,"attr":{"id":"__react-content","name":"android.view.View","text":"","desc":null,"clickable":false,"focusable":false,"checkable":false,"checked":false,"longClickable":false,"visibleToUser":true,"left":0,"top":0,"right":1080,"bottom":2400,"width":1080,"height":2400,"childCount":1,"index":0,"depth":12}},{"id":38,"pid":36,"index":1,"idQf":false,"textQf":null,"attr":{"id":"newembedbase","name":"android.view.View","text":"","desc":null,"clickable":true,"focusable":true,"checkable":false,"checked":false,"longClickable":false,"visibleToUser":true,"left":0,"top":0,"right":1080,"bottom":2400,"width":1080,"height":2400,"childCount":0,"index":1,"depth":12}},{"id":39,"pid":37,"index":0,"idQf":null,"textQf":null,"attr":{"id":null,"name":"android.view.View","text":"","desc":null,"clickable":true,"focusable":false,"checkable":false,"checked":false,"longClickable":false,"visibleToUser":true,"left":0,"top":0,"right":1080,"bottom":2400,"width":1080,"height":2400,"childCount":3,"index":0,"depth":13}},{"id":40,"pid":39,"index":0,"idQf":null,"textQf":null,"attr":{"id":null,"name":"android.view.View","text":"","desc":null,"clickable":true,"focusable":false,"checkable":false,"checked":false,"longClickable":false,"visibleToUser":true,"left":0,"top":0,"right":1080,"bottom":2400,"width":1080,"height":2400,"childCount":1,"index":0,"depth":14}},{"id":41,"pid":39,"index":1,"idQf":false,"textQf":null,"attr":{"id":"bezier","name":"android.view.View","text":"","desc":null,"clickable":true,"focusable":false,"checkable":false,"checked":false,"longClickable":false,"visibleToUser":true,"left":0,"top":0,"right":1080,"bottom":2400,"width":1080,"height":2400,"childCount":0,"index":1,"depth":14}},{"id":42,"pid":39,"index":2,"idQf":null,"textQf":null,"attr":{"id":null,"name":"android.view.View","text":"","desc":null,"clickable":true,"focusable":false,"checkable":false,"checked":false,"longClickable":false,"visibleToUser":true,"left":0,"top":0,"right":1080,"bottom":2400,"width":1080,"height":2400,"childCount":5,"index":2,"depth":14}},{"id":43,"pid":42,"index":0,"idQf":null,"textQf":null,"attr":{"id":null,"name":"android.widget.Image","text":"","desc":null,"clickable":true,"focusable":false,"checkable":false,"checked":false,"longClickable":false,"visibleToUser":true,"left":9,"top":462,"right":1071,"bottom":1059,"width":1062,"height":597,"childCount":0,"index":0,"depth":15}},{"id":44,"pid":42,"index":1,"idQf":null,"textQf":null,"attr":{"id":null,"name":"android.view.View","text":"","desc":null,"clickable":true,"focusable":false,"checkable":false,"checked":false,"longClickable":false,"visibleToUser":true,"left":87,"top":672,"right":993,"bottom":1728,"width":906,"height":1056,"childCount":2,"index":1,"depth":15}},{"id":45,"pid":42,"index":2,"idQf":null,"textQf":null,"attr":{"id":null,"name":"android.view.View","text":"","desc":null,"clickable":true,"focusable":false,"checkable":false,"checked":false,"longClickable":false,"visibleToUser":true,"left":849,"top":639,"right":1080,"bottom":2400,"width":231,"height":1761,"childCount":1,"index":2,"depth":15}},{"id":46,"pid":42,"index":3,"idQf":null,"textQf":null,"attr":{"id":null,"name":"android.view.View","text":"","desc":null,"clickable":true,"focusable":false,"checkable":false,"checked":false,"longClickable":false,"visibleToUser":true,"left":228,"top":780,"right":1080,"bottom":2400,"width":852,"height":1620,"childCount":1,"index":3,"depth":15}},{"id":47,"pid":42,"index":4,"idQf":null,"textQf":null,"attr":{"id":null,"name":"android.view.View","text":"","desc":null,"clickable":true,"focusable":false,"checkable":false,"checked":false,"longClickable":false,"visibleToUser":true,"left":963,"top":1707,"right":1074,"bottom":1830,"width":111,"height":123,"childCount":1,"index":4,"depth":15}},{"id":48,"pid":47,"index":0,"idQf":null,"textQf":null,"attr":{"id":null,"name":"android.widget.Image","text":"","desc":null,"clickable":true,"focusable":false,"checkable":false,"checked":false,"longClickable":false,"visibleToUser":true,"left":963,"top":1707,"right":1074,"bottom":1830,"width":111,"height":123,"childCount":0,"index":0,"depth":16}},{"id":49,"pid":46,"index":0,"idQf":null,"textQf":null,"attr":{"id":null,"name":"android.widget.Image","text":"","desc":null,"clickable":true,"focusable":false,"checkable":false,"checked":false,"longClickable":false,"visibleToUser":true,"left":228,"top":780,"right":1080,"bottom":2400,"width":852,"height":1620,"childCount":0,"index":0,"depth":16}},{"id":50,"pid":45,"index":0,"idQf":null,"textQf":null,"attr":{"id":null,"name":"android.widget.Image","text":"","desc":null,"clickable":true,"focusable":false,"checkable":false,"checked":false,"longClickable":false,"visibleToUser":true,"left":849,"top":639,"right":1080,"bottom":2400,"width":231,"height":1761,"childCount":0,"index":0,"depth":16}},{"id":51,"pid":44,"index":0,"idQf":null,"textQf":null,"attr":{"id":null,"name":"android.widget.Image","text":"","desc":null,"clickable":true,"focusable":false,"checkable":false,"checked":false,"longClickable":false,"visibleToUser":true,"left":87,"top":852,"right":993,"bottom":1728,"width":906,"height":876,"childCount":0,"index":0,"depth":16}},{"id":52,"pid":44,"index":1,"idQf":null,"textQf":null,"attr":{"id":null,"name":"android.view.View","text":"","desc":null,"clickable":true,"focusable":false,"checkable":false,"checked":false,"longClickable":false,"visibleToUser":true,"left":87,"top":672,"right":993,"bottom":1728,"width":906,"height":1056,"childCount":9,"index":1,"depth":16}},{"id":53,"pid":52,"index":0,"idQf":null,"textQf":null,"attr":{"id":null,"name":"android.widget.Image","text":"","desc":null,"clickable":true,"focusable":false,"checkable":false,"checked":false,"longClickable":false,"visibleToUser":true,"left":396,"top":672,"right":684,"bottom":1026,"width":288,"height":354,"childCount":0,"index":0,"depth":17}},{"id":54,"pid":52,"index":1,"idQf":null,"textQf":null,"attr":{"id":null,"name":"android.view.View","text":"","desc":null,"clickable":true,"focusable":false,"checkable":false,"checked":false,"longClickable":false,"visibleToUser":false,"left":537,"top":1023,"right":537,"bottom":1038,"width":0,"height":15,"childCount":0,"index":1,"depth":17}},{"id":55,"pid":52,"index":2,"idQf":null,"textQf":null,"attr":{"id":null,"name":"android.widget.Image","text":"","desc":null,"clickable":true,"focusable":false,"checkable":false,"checked":false,"longClickable":false,"visibleToUser":true,"left":438,"top":1035,"right":642,"bottom":1101,"width":204,"height":66,"childCount":0,"index":2,"depth":17}},{"id":56,"pid":52,"index":3,"idQf":null,"textQf":null,"attr":{"id":null,"name":"android.view.View","text":"","desc":null,"clickable":true,"focusable":false,"checkable":false,"checked":false,"longClickable":false,"visibleToUser":false,"left":537,"top":1098,"right":537,"bottom":1134,"width":0,"height":36,"childCount":0,"index":3,"depth":17}},{"id":57,"pid":52,"index":4,"idQf":null,"textQf":false,"attr":{"id":null,"name":"android.view.View","text":"获得了时光能量","desc":null,"clickable":true,"focusable":false,"checkable":false,"checked":false,"longClickable":false,"visibleToUser":true,"left":369,"top":1131,"right":708,"bottom":1191,"width":339,"height":60,"childCount":0,"index":4,"depth":17}},{"id":58,"pid":52,"index":5,"idQf":null,"textQf":null,"attr":{"id":null,"name":"android.view.View","text":"","desc":null,"clickable":true,"focusable":false,"checkable":false,"checked":false,"longClickable":false,"visibleToUser":false,"left":537,"top":1188,"right":537,"bottom":1248,"width":0,"height":60,"childCount":0,"index":5,"depth":17}},{"id":59,"pid":52,"index":6,"idQf":null,"textQf":null,"attr":{"id":null,"name":"android.view.View","text":"","desc":null,"clickable":true,"focusable":false,"checkable":false,"checked":false,"longClickable":false,"visibleToUser":true,"left":348,"top":1245,"right":732,"bottom":1425,"width":384,"height":180,"childCount":5,"index":6,"depth":17}},{"id":60,"pid":52,"index":7,"idQf":null,"textQf":null,"attr":{"id":null,"name":"android.view.View","text":"","desc":null,"clickable":true,"focusable":false,"checkable":false,"checked":false,"longClickable":false,"visibleToUser":false,"left":537,"top":1422,"right":537,"bottom":1521,"width":0,"height":99,"childCount":0,"index":7,"depth":17}},{"id":61,"pid":52,"index":8,"idQf":null,"textQf":null,"attr":{"id":null,"name":"android.widget.Image","text":"","desc":null,"clickable":true,"focusable":false,"checkable":false,"checked":false,"longClickable":false,"visibleToUser":true,"left":228,"top":1518,"right":852,"bottom":1674,"width":624,"height":156,"childCount":0,"index":8,"depth":17}},{"id":62,"pid":59,"index":0,"idQf":null,"textQf":null,"attr":{"id":null,"name":"android.view.View","text":"","desc":null,"clickable":false,"focusable":false,"checkable":false,"checked":false,"longClickable":false,"visibleToUser":true,"left":348,"top":1245,"right":471,"bottom":1425,"width":123,"height":180,"childCount":20,"index":0,"depth":18}},{"id":63,"pid":59,"index":1,"idQf":null,"textQf":null,"attr":{"id":null,"name":"android.view.View","text":"","desc":null,"clickable":true,"focusable":false,"checkable":false,"checked":false,"longClickable":false,"visibleToUser":false,"left":468,"top":1407,"right":492,"bottom":1407,"width":24,"height":0,"childCount":0,"index":1,"depth":18}},{"id":64,"pid":59,"index":2,"idQf":null,"textQf":null,"attr":{"id":null,"name":"android.view.View","text":"","desc":null,"clickable":false,"focusable":false,"checkable":false,"checked":false,"longClickable":false,"visibleToUser":true,"left":492,"top":1245,"right":615,"bottom":1425,"width":123,"height":180,"childCount":20,"index":2,"depth":18}},{"id":65,"pid":59,"index":3,"idQf":null,"textQf":null,"attr":{"id":null,"name":"android.view.View","text":"","desc":null,"clickable":true,"focusable":false,"checkable":false,"checked":false,"longClickable":false,"visibleToUser":false,"left":612,"top":1407,"right":636,"bottom":1407,"width":24,"height":0,"childCount":0,"index":3,"depth":18}},{"id":66,"pid":59,"index":4,"idQf":null,"textQf":null,"attr":{"id":null,"name":"android.widget.Image","text":"","desc":null,"clickable":true,"focusable":false,"checkable":false,"checked":false,"longClickable":false,"visibleToUser":true,"left":633,"top":1329,"right":732,"bottom":1410,"width":99,"height":81,"childCount":0,"index":4,"depth":18}},{"id":67,"pid":64,"index":0,"idQf":null,"textQf":null,"attr":{"id":null,"name":"android.view.View","text":"","desc":null,"clickable":true,"focusable":false,"checkable":false,"checked":false,"longClickable":false,"visibleToUser":true,"left":492,"top":1245,"right":615,"bottom":1425,"width":123,"height":180,"childCount":1,"index":0,"depth":19}},{"id":68,"pid":64,"index":1,"idQf":null,"textQf":null,"attr":{"id":null,"name":"android.view.View","text":"","desc":null,"clickable":true,"focusable":false,"checkable":false,"checked":false,"longClickable":false,"visibleToUser":true,"left":609,"top":1419,"right":615,"bottom":1425,"width":6,"height":6,"childCount":1,"index":1,"depth":19}},{"id":69,"pid":64,"index":2,"idQf":null,"textQf":null,"attr":{"id":null,"name":"android.view.View","text":"","desc":null,"clickable":true,"focusable":false,"checkable":false,"checked":false,"longClickable":false,"visibleToUser":true,"left":609,"top":1419,"right":615,"bottom":1425,"width":6,"height":6,"childCount":1,"index":2,"depth":19}},{"id":70,"pid":64,"index":3,"idQf":null,"textQf":null,"attr":{"id":null,"name":"android.view.View","text":"","desc":null,"clickable":true,"focusable":false,"checkable":false,"checked":false,"longClickable":false,"visibleToUser":true,"left":609,"top":1419,"right":615,"bottom":1425,"width":6,"height":6,"childCount":1,"index":3,"depth":19}},{"id":71,"pid":64,"index":4,"idQf":null,"textQf":null,"attr":{"id":null,"name":"android.view.View","text":"","desc":null,"clickable":true,"focusable":false,"checkable":false,"checked":false,"longClickable":false,"visibleToUser":true,"left":609,"top":1419,"right":615,"bottom":1425,"width":6,"height":6,"childCount":1,"index":4,"depth":19}},{"id":72,"pid":64,"index":5,"idQf":null,"textQf":null,"attr":{"id":null,"name":"android.view.View","text":"","desc":null,"clickable":true,"focusable":false,"checkable":false,"checked":false,"longClickable":false,"visibleToUser":true,"left":609,"top":1419,"right":615,"bottom":1425,"width":6,"height":6,"childCount":1,"index":5,"depth":19}},{"id":73,"pid":64,"index":6,"idQf":null,"textQf":null,"attr":{"id":null,"name":"android.view.View","text":"","desc":null,"clickable":true,"focusable":false,"checkable":false,"checked":false,"longClickable":false,"visibleToUser":true,"left":609,"top":1419,"right":615,"bottom":1425,"width":6,"height":6,"childCount":1,"index":6,"depth":19}},{"id":74,"pid":64,"index":7,"idQf":null,"textQf":null,"attr":{"id":null,"name":"android.view.View","text":"","desc":null,"clickable":true,"focusable":false,"checkable":false,"checked":false,"longClickable":false,"visibleToUser":true,"left":609,"top":1419,"right":615,"bottom":1425,"width":6,"height":6,"childCount":1,"index":7,"depth":19}},{"id":75,"pid":64,"index":8,"idQf":null,"textQf":null,"attr":{"id":null,"name":"android.view.View","text":"","desc":null,"clickable":true,"focusable":false,"checkable":false,"checked":false,"longClickable":false,"visibleToUser":true,"left":609,"top":1419,"right":615,"bottom":1425,"width":6,"height":6,"childCount":1,"index":8,"depth":19}},{"id":76,"pid":64,"index":9,"idQf":null,"textQf":null,"attr":{"id":null,"name":"android.view.View","text":"","desc":null,"clickable":true,"focusable":false,"checkable":false,"checked":false,"longClickable":false,"visibleToUser":true,"left":609,"top":1419,"right":615,"bottom":1425,"width":6,"height":6,"childCount":1,"index":9,"depth":19}},{"id":77,"pid":64,"index":10,"idQf":null,"textQf":null,"attr":{"id":null,"name":"android.view.View","text":"","desc":null,"clickable":true,"focusable":false,"checkable":false,"checked":false,"longClickable":false,"visibleToUser":true,"left":609,"top":1419,"right":615,"bottom":1425,"width":6,"height":6,"childCount":1,"index":10,"depth":19}},{"id":78,"pid":64,"index":11,"idQf":null,"textQf":null,"attr":{"id":null,"name":"android.view.View","text":"","desc":null,"clickable":true,"focusable":false,"checkable":false,"checked":false,"longClickable":false,"visibleToUser":true,"left":609,"top":1419,"right":615,"bottom":1425,"width":6,"height":6,"childCount":1,"index":11,"depth":19}},{"id":79,"pid":64,"index":12,"idQf":null,"textQf":null,"attr":{"id":null,"name":"android.view.View","text":"","desc":null,"clickable":true,"focusable":false,"checkable":false,"checked":false,"longClickable":false,"visibleToUser":true,"left":609,"top":1419,"right":615,"bottom":1425,"width":6,"height":6,"childCount":1,"index":12,"depth":19}},{"id":80,"pid":64,"index":13,"idQf":null,"textQf":null,"attr":{"id":null,"name":"android.view.View","text":"","desc":null,"clickable":true,"focusable":false,"checkable":false,"checked":false,"longClickable":false,"visibleToUser":true,"left":609,"top":1419,"right":615,"bottom":1425,"width":6,"height":6,"childCount":1,"index":13,"depth":19}},{"id":81,"pid":64,"index":14,"idQf":null,"textQf":null,"attr":{"id":null,"name":"android.view.View","text":"","desc":null,"clickable":true,"focusable":false,"checkable":false,"checked":false,"longClickable":false,"visibleToUser":true,"left":609,"top":1419,"right":615,"bottom":1425,"width":6,"height":6,"childCount":1,"index":14,"depth":19}},{"id":82,"pid":64,"index":15,"idQf":null,"textQf":null,"attr":{"id":null,"name":"android.view.View","text":"","desc":null,"clickable":true,"focusable":false,"checkable":false,"checked":false,"longClickable":false,"visibleToUser":true,"left":609,"top":1419,"right":615,"bottom":1425,"width":6,"height":6,"childCount":1,"index":15,"depth":19}},{"id":83,"pid":64,"index":16,"idQf":null,"textQf":null,"attr":{"id":null,"name":"android.view.View","text":"","desc":null,"clickable":true,"focusable":false,"checkable":false,"checked":false,"longClickable":false,"visibleToUser":true,"left":609,"top":1419,"right":615,"bottom":1425,"width":6,"height":6,"childCount":1,"index":16,"depth":19}},{"id":84,"pid":64,"index":17,"idQf":null,"textQf":null,"attr":{"id":null,"name":"android.view.View","text":"","desc":null,"clickable":true,"focusable":false,"checkable":false,"checked":false,"longClickable":false,"visibleToUser":true,"left":609,"top":1419,"right":615,"bottom":1425,"width":6,"height":6,"childCount":1,"index":17,"depth":19}},{"id":85,"pid":64,"index":18,"idQf":null,"textQf":null,"attr":{"id":null,"name":"android.view.View","text":"","desc":null,"clickable":true,"focusable":false,"checkable":false,"checked":false,"longClickable":false,"visibleToUser":true,"left":609,"top":1419,"right":615,"bottom":1425,"width":6,"height":6,"childCount":1,"index":18,"depth":19}},{"id":86,"pid":64,"index":19,"idQf":null,"textQf":null,"attr":{"id":null,"name":"android.view.View","text":"","desc":null,"clickable":true,"focusable":false,"checkable":false,"checked":false,"longClickable":false,"visibleToUser":true,"left":609,"top":1419,"right":615,"bottom":1425,"width":6,"height":6,"childCount":1,"index":19,"depth":19}},{"id":87,"pid":86,"index":0,"idQf":null,"textQf":null,"attr":{"id":null,"name":"android.widget.Image","text":"","desc":null,"clickable":true,"focusable":false,"checkable":false,"checked":false,"longClickable":false,"visibleToUser":true,"left":609,"top":1419,"right":615,"bottom":1425,"width":6,"height":6,"childCount":0,"index":0,"depth":20}},{"id":88,"pid":85,"index":0,"idQf":null,"textQf":null,"attr":{"id":null,"name":"android.widget.Image","text":"","desc":null,"clickable":true,"focusable":false,"checkable":false,"checked":false,"longClickable":false,"visibleToUser":true,"left":609,"top":1419,"right":615,"bottom":1425,"width":6,"height":6,"childCount":0,"index":0,"depth":20}},{"id":89,"pid":84,"index":0,"idQf":null,"textQf":null,"attr":{"id":null,"name":"android.widget.Image","text":"","desc":null,"clickable":true,"focusable":false,"checkable":false,"checked":false,"longClickable":false,"visibleToUser":true,"left":609,"top":1419,"right":615,"bottom":1425,"width":6,"height":6,"childCount":0,"index":0,"depth":20}},{"id":90,"pid":83,"index":0,"idQf":null,"textQf":null,"attr":{"id":null,"name":"android.widget.Image","text":"","desc":null,"clickable":true,"focusable":false,"checkable":false,"checked":false,"longClickable":false,"visibleToUser":true,"left":609,"top":1419,"right":615,"bottom":1425,"width":6,"height":6,"childCount":0,"index":0,"depth":20}},{"id":91,"pid":82,"index":0,"idQf":null,"textQf":null,"attr":{"id":null,"name":"android.widget.Image","text":"","desc":null,"clickable":true,"focusable":false,"checkable":false,"checked":false,"longClickable":false,"visibleToUser":true,"left":609,"top":1419,"right":615,"bottom":1425,"width":6,"height":6,"childCount":0,"index":0,"depth":20}},{"id":92,"pid":81,"index":0,"idQf":null,"textQf":null,"attr":{"id":null,"name":"android.widget.Image","text":"","desc":null,"clickable":true,"focusable":false,"checkable":false,"checked":false,"longClickable":false,"visibleToUser":true,"left":609,"top":1419,"right":615,"bottom":1425,"width":6,"height":6,"childCount":0,"index":0,"depth":20}},{"id":93,"pid":80,"index":0,"idQf":null,"textQf":null,"attr":{"id":null,"name":"android.widget.Image","text":"","desc":null,"clickable":true,"focusable":false,"checkable":false,"checked":false,"longClickable":false,"visibleToUser":true,"left":609,"top":1419,"right":615,"bottom":1425,"width":6,"height":6,"childCount":0,"index":0,"depth":20}},{"id":94,"pid":79,"index":0,"idQf":null,"textQf":null,"attr":{"id":null,"name":"android.widget.Image","text":"","desc":null,"clickable":true,"focusable":false,"checkable":false,"checked":false,"longClickable":false,"visibleToUser":true,"left":609,"top":1419,"right":615,"bottom":1425,"width":6,"height":6,"childCount":0,"index":0,"depth":20}},{"id":95,"pid":78,"index":0,"idQf":null,"textQf":null,"attr":{"id":null,"name":"android.widget.Image","text":"","desc":null,"clickable":true,"focusable":false,"checkable":false,"checked":false,"longClickable":false,"visibleToUser":true,"left":609,"top":1419,"right":615,"bottom":1425,"width":6,"height":6,"childCount":0,"index":0,"depth":20}},{"id":96,"pid":77,"index":0,"idQf":null,"textQf":null,"attr":{"id":null,"name":"android.widget.Image","text":"","desc":null,"clickable":true,"focusable":false,"checkable":false,"checked":false,"longClickable":false,"visibleToUser":true,"left":609,"top":1419,"right":615,"bottom":1425,"width":6,"height":6,"childCount":0,"index":0,"depth":20}},{"id":97,"pid":76,"index":0,"idQf":null,"textQf":null,"attr":{"id":null,"name":"android.widget.Image","text":"","desc":null,"clickable":true,"focusable":false,"checkable":false,"checked":false,"longClickable":false,"visibleToUser":true,"left":609,"top":1419,"right":615,"bottom":1425,"width":6,"height":6,"childCount":0,"index":0,"depth":20}},{"id":98,"pid":75,"index":0,"idQf":null,"textQf":null,"attr":{"id":null,"name":"android.widget.Image","text":"","desc":null,"clickable":true,"focusable":false,"checkable":false,"checked":false,"longClickable":false,"visibleToUser":true,"left":609,"top":1419,"right":615,"bottom":1425,"width":6,"height":6,"childCount":0,"index":0,"depth":20}},{"id":99,"pid":74,"index":0,"idQf":null,"textQf":null,"attr":{"id":null,"name":"android.widget.Image","text":"","desc":null,"clickable":true,"focusable":false,"checkable":false,"checked":false,"longClickable":false,"visibleToUser":true,"left":609,"top":1419,"right":615,"bottom":1425,"width":6,"height":6,"childCount":0,"index":0,"depth":20}},{"id":100,"pid":73,"index":0,"idQf":null,"textQf":null,"attr":{"id":null,"name":"android.widget.Image","text":"","desc":null,"clickable":true,"focusable":false,"checkable":false,"checked":false,"longClickable":false,"visibleToUser":true,"left":609,"top":1419,"right":615,"bottom":1425,"width":6,"height":6,"childCount":0,"index":0,"depth":20}},{"id":101,"pid":72,"index":0,"idQf":null,"textQf":null,"attr":{"id":null,"name":"android.widget.Image","text":"","desc":null,"clickable":true,"focusable":false,"checkable":false,"checked":false,"longClickable":false,"visibleToUser":true,"left":609,"top":1419,"right":615,"bottom":1425,"width":6,"height":6,"childCount":0,"index":0,"depth":20}},{"id":102,"pid":71,"index":0,"idQf":null,"textQf":null,"attr":{"id":null,"name":"android.widget.Image","text":"","desc":null,"clickable":true,"focusable":false,"checkable":false,"checked":false,"longClickable":false,"visibleToUser":true,"left":609,"top":1419,"right":615,"bottom":1425,"width":6,"height":6,"childCount":0,"index":0,"depth":20}},{"id":103,"pid":70,"index":0,"idQf":null,"textQf":null,"attr":{"id":null,"name":"android.widget.Image","text":"","desc":null,"clickable":true,"focusable":false,"checkable":false,"checked":false,"longClickable":false,"visibleToUser":true,"left":609,"top":1419,"right":615,"bottom":1425,"width":6,"height":6,"childCount":0,"index":0,"depth":20}},{"id":104,"pid":69,"index":0,"idQf":null,"textQf":null,"attr":{"id":null,"name":"android.widget.Image","text":"","desc":null,"clickable":true,"focusable":false,"checkable":false,"checked":false,"longClickable":false,"visibleToUser":true,"left":609,"top":1419,"right":615,"bottom":1425,"width":6,"height":6,"childCount":0,"index":0,"depth":20}},{"id":105,"pid":68,"index":0,"idQf":null,"textQf":null,"attr":{"id":null,"name":"android.widget.Image","text":"","desc":null,"clickable":true,"focusable":false,"checkable":false,"checked":false,"longClickable":false,"visibleToUser":true,"left":609,"top":1419,"right":615,"bottom":1425,"width":6,"height":6,"childCount":0,"index":0,"depth":20}},{"id":106,"pid":67,"index":0,"idQf":null,"textQf":null,"attr":{"id":null,"name":"android.widget.Image","text":"","desc":null,"clickable":true,"focusable":false,"checkable":false,"checked":false,"longClickable":false,"visibleToUser":true,"left":492,"top":1257,"right":615,"bottom":1410,"width":123,"height":153,"childCount":0,"index":0,"depth":20}},{"id":107,"pid":62,"index":0,"idQf":null,"textQf":null,"attr":{"id":null,"name":"android.view.View","text":"","desc":null,"clickable":true,"focusable":false,"checkable":false,"checked":false,"longClickable":false,"visibleToUser":true,"left":465,"top":534,"right":471,"bottom":714,"width":6,"height":180,"childCount":1,"index":0,"depth":19}},{"id":108,"pid":62,"index":1,"idQf":null,"textQf":null,"attr":{"id":null,"name":"android.view.View","text":"","desc":null,"clickable":true,"focusable":false,"checkable":false,"checked":false,"longClickable":false,"visibleToUser":true,"left":465,"top":711,"right":471,"bottom":891,"width":6,"height":180,"childCount":1,"index":1,"depth":19}},{"id":109,"pid":62,"index":2,"idQf":null,"textQf":null,"attr":{"id":null,"name":"android.view.View","text":"","desc":null,"clickable":true,"focusable":false,"checkable":false,"checked":false,"longClickable":false,"visibleToUser":true,"left":465,"top":1419,"right":471,"bottom":1425,"width":6,"height":6,"childCount":1,"index":2,"depth":19}},{"id":110,"pid":62,"index":3,"idQf":null,"textQf":null,"attr":{"id":null,"name":"android.view.View","text":"","desc":null,"clickable":true,"focusable":false,"checkable":false,"checked":false,"longClickable":false,"visibleToUser":true,"left":348,"top":1245,"right":471,"bottom":1248,"width":123,"height":3,"childCount":1,"index":3,"depth":19}},{"id":111,"pid":62,"index":4,"idQf":null,"textQf":null,"attr":{"id":null,"name":"android.view.View","text":"","desc":null,"clickable":true,"focusable":false,"checkable":false,"checked":false,"longClickable":false,"visibleToUser":true,"left":348,"top":1245,"right":471,"bottom":1425,"width":123,"height":180,"childCount":1,"index":4,"depth":19}},{"id":112,"pid":62,"index":5,"idQf":null,"textQf":null,"attr":{"id":null,"name":"android.view.View","text":"","desc":null,"clickable":true,"focusable":false,"checkable":false,"checked":false,"longClickable":false,"visibleToUser":true,"left":465,"top":1419,"right":471,"bottom":1425,"width":6,"height":6,"childCount":1,"index":5,"depth":19}},{"id":113,"pid":62,"index":6,"idQf":null,"textQf":null,"attr":{"id":null,"name":"android.view.View","text":"","desc":null,"clickable":true,"focusable":false,"checkable":false,"checked":false,"longClickable":false,"visibleToUser":true,"left":465,"top":1419,"right":471,"bottom":1425,"width":6,"height":6,"childCount":1,"index":6,"depth":19}},{"id":114,"pid":62,"index":7,"idQf":null,"textQf":null,"attr":{"id":null,"name":"android.view.View","text":"","desc":null,"clickable":true,"focusable":false,"checkable":false,"checked":false,"longClickable":false,"visibleToUser":true,"left":465,"top":1419,"right":471,"bottom":1425,"width":6,"height":6,"childCount":1,"index":7,"depth":19}},{"id":115,"pid":62,"index":8,"idQf":null,"textQf":null,"attr":{"id":null,"name":"android.view.View","text":"","desc":null,"clickable":true,"focusable":false,"checkable":false,"checked":false,"longClickable":false,"visibleToUser":true,"left":465,"top":1419,"right":471,"bottom":1425,"width":6,"height":6,"childCount":1,"index":8,"depth":19}},{"id":116,"pid":62,"index":9,"idQf":null,"textQf":null,"attr":{"id":null,"name":"android.view.View","text":"","desc":null,"clickable":true,"focusable":false,"checkable":false,"checked":false,"longClickable":false,"visibleToUser":true,"left":465,"top":1419,"right":471,"bottom":1425,"width":6,"height":6,"childCount":1,"index":9,"depth":19}},{"id":117,"pid":62,"index":10,"idQf":null,"textQf":null,"attr":{"id":null,"name":"android.view.View","text":"","desc":null,"clickable":true,"focusable":false,"checkable":false,"checked":false,"longClickable":false,"visibleToUser":true,"left":465,"top":1419,"right":471,"bottom":1425,"width":6,"height":6,"childCount":1,"index":10,"depth":19}},{"id":118,"pid":62,"index":11,"idQf":null,"textQf":null,"attr":{"id":null,"name":"android.view.View","text":"","desc":null,"clickable":true,"focusable":false,"checkable":false,"checked":false,"longClickable":false,"visibleToUser":true,"left":465,"top":1419,"right":471,"bottom":1425,"width":6,"height":6,"childCount":1,"index":11,"depth":19}},{"id":119,"pid":62,"index":12,"idQf":null,"textQf":null,"attr":{"id":null,"name":"android.view.View","text":"","desc":null,"clickable":true,"focusable":false,"checkable":false,"checked":false,"longClickable":false,"visibleToUser":true,"left":465,"top":1419,"right":471,"bottom":1425,"width":6,"height":6,"childCount":1,"index":12,"depth":19}},{"id":120,"pid":62,"index":13,"idQf":null,"textQf":null,"attr":{"id":null,"name":"android.view.View","text":"","desc":null,"clickable":true,"focusable":false,"checkable":false,"checked":false,"longClickable":false,"visibleToUser":true,"left":465,"top":1419,"right":471,"bottom":1425,"width":6,"height":6,"childCount":1,"index":13,"depth":19}},{"id":121,"pid":62,"index":14,"idQf":null,"textQf":null,"attr":{"id":null,"name":"android.view.View","text":"","desc":null,"clickable":true,"focusable":false,"checkable":false,"checked":false,"longClickable":false,"visibleToUser":true,"left":465,"top":1419,"right":471,"bottom":1425,"width":6,"height":6,"childCount":1,"index":14,"depth":19}},{"id":122,"pid":62,"index":15,"idQf":null,"textQf":null,"attr":{"id":null,"name":"android.view.View","text":"","desc":null,"clickable":true,"focusable":false,"checkable":false,"checked":false,"longClickable":false,"visibleToUser":true,"left":465,"top":1419,"right":471,"bottom":1425,"width":6,"height":6,"childCount":1,"index":15,"depth":19}},{"id":123,"pid":62,"index":16,"idQf":null,"textQf":null,"attr":{"id":null,"name":"android.view.View","text":"","desc":null,"clickable":true,"focusable":false,"checkable":false,"checked":false,"longClickable":false,"visibleToUser":true,"left":465,"top":1419,"right":471,"bottom":1425,"width":6,"height":6,"childCount":1,"index":16,"depth":19}},{"id":124,"pid":62,"index":17,"idQf":null,"textQf":null,"attr":{"id":null,"name":"android.view.View","text":"","desc":null,"clickable":true,"focusable":false,"checkable":false,"checked":false,"longClickable":false,"visibleToUser":true,"left":465,"top":1419,"right":471,"bottom":1425,"width":6,"height":6,"childCount":1,"index":17,"depth":19}},{"id":125,"pid":62,"index":18,"idQf":null,"textQf":null,"attr":{"id":null,"name":"android.view.View","text":"","desc":null,"clickable":true,"focusable":false,"checkable":false,"checked":false,"longClickable":false,"visibleToUser":true,"left":465,"top":1419,"right":471,"bottom":1425,"width":6,"height":6,"childCount":1,"index":18,"depth":19}},{"id":126,"pid":62,"index":19,"idQf":null,"textQf":null,"attr":{"id":null,"name":"android.view.View","text":"","desc":null,"clickable":true,"focusable":false,"checkable":false,"checked":false,"longClickable":false,"visibleToUser":true,"left":465,"top":1419,"right":471,"bottom":1425,"width":6,"height":6,"childCount":1,"index":19,"depth":19}},{"id":127,"pid":126,"index":0,"idQf":null,"textQf":null,"attr":{"id":null,"name":"android.widget.Image","text":"","desc":null,"clickable":true,"focusable":false,"checkable":false,"checked":false,"longClickable":false,"visibleToUser":true,"left":465,"top":1419,"right":471,"bottom":1425,"width":6,"height":6,"childCount":0,"index":0,"depth":20}},{"id":128,"pid":125,"index":0,"idQf":null,"textQf":null,"attr":{"id":null,"name":"android.widget.Image","text":"","desc":null,"clickable":true,"focusable":false,"checkable":false,"checked":false,"longClickable":false,"visibleToUser":true,"left":465,"top":1419,"right":471,"bottom":1425,"width":6,"height":6,"childCount":0,"index":0,"depth":20}},{"id":129,"pid":124,"index":0,"idQf":null,"textQf":null,"attr":{"id":null,"name":"android.widget.Image","text":"","desc":null,"clickable":true,"focusable":false,"checkable":false,"checked":false,"longClickable":false,"visibleToUser":true,"left":465,"top":1419,"right":471,"bottom":1425,"width":6,"height":6,"childCount":0,"index":0,"depth":20}},{"id":130,"pid":123,"index":0,"idQf":null,"textQf":null,"attr":{"id":null,"name":"android.widget.Image","text":"","desc":null,"clickable":true,"focusable":false,"checkable":false,"checked":false,"longClickable":false,"visibleToUser":true,"left":465,"top":1419,"right":471,"bottom":1425,"width":6,"height":6,"childCount":0,"index":0,"depth":20}},{"id":131,"pid":122,"index":0,"idQf":null,"textQf":null,"attr":{"id":null,"name":"android.widget.Image","text":"","desc":null,"clickable":true,"focusable":false,"checkable":false,"checked":false,"longClickable":false,"visibleToUser":true,"left":465,"top":1419,"right":471,"bottom":1425,"width":6,"height":6,"childCount":0,"index":0,"depth":20}},{"id":132,"pid":121,"index":0,"idQf":null,"textQf":null,"attr":{"id":null,"name":"android.widget.Image","text":"","desc":null,"clickable":true,"focusable":false,"checkable":false,"checked":false,"longClickable":false,"visibleToUser":true,"left":465,"top":1419,"right":471,"bottom":1425,"width":6,"height":6,"childCount":0,"index":0,"depth":20}},{"id":133,"pid":120,"index":0,"idQf":null,"textQf":null,"attr":{"id":null,"name":"android.widget.Image","text":"","desc":null,"clickable":true,"focusable":false,"checkable":false,"checked":false,"longClickable":false,"visibleToUser":true,"left":465,"top":1419,"right":471,"bottom":1425,"width":6,"height":6,"childCount":0,"index":0,"depth":20}},{"id":134,"pid":119,"index":0,"idQf":null,"textQf":null,"attr":{"id":null,"name":"android.widget.Image","text":"","desc":null,"clickable":true,"focusable":false,"checkable":false,"checked":false,"longClickable":false,"visibleToUser":true,"left":465,"top":1419,"right":471,"bottom":1425,"width":6,"height":6,"childCount":0,"index":0,"depth":20}},{"id":135,"pid":118,"index":0,"idQf":null,"textQf":null,"attr":{"id":null,"name":"android.widget.Image","text":"","desc":null,"clickable":true,"focusable":false,"checkable":false,"checked":false,"longClickable":false,"visibleToUser":true,"left":465,"top":1419,"right":471,"bottom":1425,"width":6,"height":6,"childCount":0,"index":0,"depth":20}},{"id":136,"pid":117,"index":0,"idQf":null,"textQf":null,"attr":{"id":null,"name":"android.widget.Image","text":"","desc":null,"clickable":true,"focusable":false,"checkable":false,"checked":false,"longClickable":false,"visibleToUser":true,"left":465,"top":1419,"right":471,"bottom":1425,"width":6,"height":6,"childCount":0,"index":0,"depth":20}},{"id":137,"pid":116,"index":0,"idQf":null,"textQf":null,"attr":{"id":null,"name":"android.widget.Image","text":"","desc":null,"clickable":true,"focusable":false,"checkable":false,"checked":false,"longClickable":false,"visibleToUser":true,"left":465,"top":1419,"right":471,"bottom":1425,"width":6,"height":6,"childCount":0,"index":0,"depth":20}},{"id":138,"pid":115,"index":0,"idQf":null,"textQf":null,"attr":{"id":null,"name":"android.widget.Image","text":"","desc":null,"clickable":true,"focusable":false,"checkable":false,"checked":false,"longClickable":false,"visibleToUser":true,"left":465,"top":1419,"right":471,"bottom":1425,"width":6,"height":6,"childCount":0,"index":0,"depth":20}},{"id":139,"pid":114,"index":0,"idQf":null,"textQf":null,"attr":{"id":null,"name":"android.widget.Image","text":"","desc":null,"clickable":true,"focusable":false,"checkable":false,"checked":false,"longClickable":false,"visibleToUser":true,"left":465,"top":1419,"right":471,"bottom":1425,"width":6,"height":6,"childCount":0,"index":0,"depth":20}},{"id":140,"pid":113,"index":0,"idQf":null,"textQf":null,"attr":{"id":null,"name":"android.widget.Image","text":"","desc":null,"clickable":true,"focusable":false,"checkable":false,"checked":false,"longClickable":false,"visibleToUser":true,"left":465,"top":1419,"right":471,"bottom":1425,"width":6,"height":6,"childCount":0,"index":0,"depth":20}},{"id":141,"pid":112,"index":0,"idQf":null,"textQf":null,"attr":{"id":null,"name":"android.widget.Image","text":"","desc":null,"clickable":true,"focusable":false,"checkable":false,"checked":false,"longClickable":false,"visibleToUser":true,"left":465,"top":1419,"right":471,"bottom":1425,"width":6,"height":6,"childCount":0,"index":0,"depth":20}},{"id":142,"pid":111,"index":0,"idQf":null,"textQf":null,"attr":{"id":null,"name":"android.widget.Image","text":"","desc":null,"clickable":true,"focusable":false,"checkable":false,"checked":false,"longClickable":false,"visibleToUser":true,"left":348,"top":1257,"right":471,"bottom":1410,"width":123,"height":153,"childCount":0,"index":0,"depth":20}},{"id":143,"pid":110,"index":0,"idQf":null,"textQf":null,"attr":{"id":null,"name":"android.widget.Image","text":"","desc":null,"clickable":true,"focusable":false,"checkable":false,"checked":false,"longClickable":false,"visibleToUser":true,"left":465,"top":1419,"right":471,"bottom":1425,"width":6,"height":6,"childCount":0,"index":0,"depth":20}},{"id":144,"pid":109,"index":0,"idQf":null,"textQf":null,"attr":{"id":null,"name":"android.widget.Image","text":"","desc":null,"clickable":true,"focusable":false,"checkable":false,"checked":false,"longClickable":false,"visibleToUser":true,"left":465,"top":1419,"right":471,"bottom":1425,"width":6,"height":6,"childCount":0,"index":0,"depth":20}},{"id":145,"pid":108,"index":0,"idQf":null,"textQf":null,"attr":{"id":null,"name":"android.widget.Image","text":"","desc":null,"clickable":true,"focusable":false,"checkable":false,"checked":false,"longClickable":false,"visibleToUser":true,"left":465,"top":726,"right":471,"bottom":879,"width":6,"height":153,"childCount":0,"index":0,"depth":20}},{"id":146,"pid":107,"index":0,"idQf":null,"textQf":null,"attr":{"id":null,"name":"android.widget.Image","text":"","desc":null,"clickable":true,"focusable":false,"checkable":false,"checked":false,"longClickable":false,"visibleToUser":true,"left":465,"top":546,"right":471,"bottom":699,"width":6,"height":153,"childCount":0,"index":0,"depth":20}},{"id":147,"pid":40,"index":0,"idQf":null,"textQf":null,"attr":{"id":null,"name":"android.view.View","text":"","desc":null,"clickable":true,"focusable":false,"checkable":false,"checked":false,"longClickable":false,"visibleToUser":true,"left":0,"top":0,"right":1080,"bottom":2400,"width":1080,"height":2400,"childCount":4,"index":0,"depth":15}},{"id":148,"pid":147,"index":0,"idQf":null,"textQf":null,"attr":{"id":null,"name":"android.widget.Image","text":"","desc":null,"clickable":true,"focusable":false,"checkable":false,"checked":false,"longClickable":false,"visibleToUser":true,"left":0,"top":1875,"right":1080,"bottom":2400,"width":1080,"height":525,"childCount":0,"index":0,"depth":16}},{"id":149,"pid":147,"index":1,"idQf":null,"textQf":null,"attr":{"id":null,"name":"android.view.View","text":"","desc":null,"clickable":true,"focusable":false,"checkable":false,"checked":false,"longClickable":false,"visibleToUser":true,"left":0,"top":105,"right":1080,"bottom":252,"width":1080,"height":147,"childCount":2,"index":1,"depth":16}},{"id":150,"pid":147,"index":2,"idQf":null,"textQf":null,"attr":{"id":null,"name":"android.view.View","text":"","desc":null,"clickable":true,"focusable":false,"checkable":false,"checked":false,"longClickable":false,"visibleToUser":true,"left":0,"top":294,"right":1080,"bottom":483,"width":1080,"height":189,"childCount":2,"index":2,"depth":16}},{"id":151,"pid":147,"index":3,"idQf":null,"textQf":null,"attr":{"id":null,"name":"android.view.View","text":"","desc":null,"clickable":true,"focusable":false,"checkable":false,"checked":false,"longClickable":false,"visibleToUser":true,"left":0,"top":540,"right":1080,"bottom":2400,"width":1080,"height":1860,"childCount":2,"index":3,"depth":16}},{"id":152,"pid":151,"index":0,"idQf":false,"textQf":null,"attr":{"id":"shopwindow-scroll-view","name":"android.view.View","text":"","desc":null,"clickable":false,"focusable":false,"checkable":false,"checked":false,"longClickable":false,"visibleToUser":true,"left":0,"top":540,"right":1080,"bottom":2400,"width":1080,"height":1860,"childCount":6,"index":0,"depth":17}},{"id":153,"pid":151,"index":1,"idQf":false,"textQf":null,"attr":{"id":"movable-area-view","name":"android.view.View","text":"","desc":null,"clickable":false,"focusable":false,"checkable":false,"checked":false,"longClickable":false,"visibleToUser":true,"left":0,"top":540,"right":1080,"bottom":2400,"width":1080,"height":1860,"childCount":1,"index":1,"depth":17}},{"id":154,"pid":153,"index":0,"idQf":null,"textQf":null,"attr":{"id":null,"name":"android.view.View","text":"","desc":null,"clickable":true,"focusable":false,"checkable":false,"checked":false,"longClickable":false,"visibleToUser":true,"left":462,"top":1929,"right":1080,"bottom":2400,"width":618,"height":471,"childCount":0,"index":0,"depth":18}},{"id":155,"pid":152,"index":0,"idQf":null,"textQf":null,"attr":{"id":null,"name":"android.view.View","text":"","desc":null,"clickable":true,"focusable":false,"checkable":false,"checked":false,"longClickable":false,"visibleToUser":true,"left":0,"top":540,"right":540,"bottom":1080,"width":540,"height":540,"childCount":1,"index":0,"depth":18}},{"id":156,"pid":152,"index":1,"idQf":null,"textQf":null,"attr":{"id":null,"name":"android.view.View","text":"","desc":null,"clickable":true,"focusable":false,"checkable":false,"checked":false,"longClickable":false,"visibleToUser":true,"left":540,"top":540,"right":1080,"bottom":1080,"width":540,"height":540,"childCount":1,"index":1,"depth":18}},{"id":157,"pid":152,"index":2,"idQf":null,"textQf":null,"attr":{"id":null,"name":"android.view.View","text":"","desc":null,"clickable":true,"focusable":false,"checkable":false,"checked":false,"longClickable":false,"visibleToUser":true,"left":0,"top":1038,"right":540,"bottom":1578,"width":540,"height":540,"childCount":1,"index":2,"depth":18}},{"id":158,"pid":152,"index":3,"idQf":null,"textQf":null,"attr":{"id":null,"name":"android.view.View","text":"","desc":null,"clickable":true,"focusable":false,"checkable":false,"checked":false,"longClickable":false,"visibleToUser":true,"left":540,"top":1038,"right":1080,"bottom":1578,"width":540,"height":540,"childCount":1,"index":3,"depth":18}},{"id":159,"pid":152,"index":4,"idQf":null,"textQf":null,"attr":{"id":null,"name":"android.view.View","text":"","desc":null,"clickable":true,"focusable":false,"checkable":false,"checked":false,"longClickable":false,"visibleToUser":true,"left":0,"top":1536,"right":540,"bottom":2073,"width":540,"height":537,"childCount":1,"index":4,"depth":18}},{"id":160,"pid":152,"index":5,"idQf":null,"textQf":null,"attr":{"id":null,"name":"android.view.View","text":"","desc":null,"clickable":true,"focusable":false,"checkable":false,"checked":false,"longClickable":false,"visibleToUser":true,"left":540,"top":1536,"right":1080,"bottom":2073,"width":540,"height":537,"childCount":1,"index":5,"depth":18}},{"id":161,"pid":160,"index":0,"idQf":null,"textQf":null,"attr":{"id":null,"name":"android.view.View","text":"","desc":null,"clickable":true,"focusable":false,"checkable":false,"checked":false,"longClickable":false,"visibleToUser":true,"left":495,"top":1464,"right":1038,"bottom":2001,"width":543,"height":537,"childCount":0,"index":0,"depth":19}},{"id":162,"pid":159,"index":0,"idQf":null,"textQf":null,"attr":{"id":null,"name":"android.view.View","text":"","desc":null,"clickable":true,"focusable":false,"checkable":false,"checked":false,"longClickable":false,"visibleToUser":true,"left":42,"top":1464,"right":585,"bottom":2001,"width":543,"height":537,"childCount":0,"index":0,"depth":19}},{"id":163,"pid":158,"index":0,"idQf":null,"textQf":null,"attr":{"id":null,"name":"android.view.View","text":"","desc":null,"clickable":true,"focusable":false,"checkable":false,"checked":false,"longClickable":false,"visibleToUser":true,"left":495,"top":966,"right":1038,"bottom":1506,"width":543,"height":540,"childCount":2,"index":0,"depth":19}},{"id":164,"pid":163,"index":0,"idQf":null,"textQf":null,"attr":{"id":null,"name":"android.view.View","text":"","desc":null,"clickable":true,"focusable":false,"checkable":false,"checked":false,"longClickable":false,"visibleToUser":true,"left":606,"top":1167,"right":927,"bottom":1218,"width":321,"height":51,"childCount":1,"index":0,"depth":20}},{"id":165,"pid":163,"index":1,"idQf":null,"textQf":null,"attr":{"id":null,"name":"android.widget.Image","text":"","desc":null,"clickable":true,"focusable":false,"checkable":false,"checked":false,"longClickable":false,"visibleToUser":true,"left":621,"top":1257,"right":912,"bottom":1548,"width":291,"height":291,"childCount":0,"index":1,"depth":20}},{"id":166,"pid":164,"index":0,"idQf":null,"textQf":false,"attr":{"id":null,"name":"android.view.View","text":"DESKTOP-ORU5DNK","desc":null,"clickable":true,"focusable":false,"checkable":false,"checked":false,"longClickable":false,"visibleToUser":true,"left":606,"top":1167,"right":927,"bottom":1218,"width":321,"height":51,"childCount":0,"index":0,"depth":21}},{"id":167,"pid":157,"index":0,"idQf":null,"textQf":null,"attr":{"id":null,"name":"android.view.View","text":"","desc":null,"clickable":true,"focusable":false,"checkable":false,"checked":false,"longClickable":false,"visibleToUser":true,"left":42,"top":966,"right":585,"bottom":1506,"width":543,"height":540,"childCount":3,"index":0,"depth":19}},{"id":168,"pid":167,"index":0,"idQf":null,"textQf":null,"attr":{"id":null,"name":"android.view.View","text":"","desc":null,"clickable":true,"focusable":false,"checkable":false,"checked":false,"longClickable":false,"visibleToUser":true,"left":132,"top":1167,"right":495,"bottom":1218,"width":363,"height":51,"childCount":1,"index":0,"depth":20}},{"id":169,"pid":167,"index":1,"idQf":null,"textQf":null,"attr":{"id":null,"name":"android.widget.Image","text":"","desc":null,"clickable":true,"focusable":false,"checkable":false,"checked":false,"longClickable":false,"visibleToUser":true,"left":168,"top":1215,"right":459,"bottom":1506,"width":291,"height":291,"childCount":0,"index":1,"depth":20}},{"id":170,"pid":167,"index":2,"idQf":null,"textQf":null,"attr":{"id":null,"name":"android.view.View","text":"","desc":null,"clickable":true,"focusable":false,"checkable":false,"checked":false,"longClickable":false,"visibleToUser":true,"left":420,"top":1323,"right":537,"bottom":1449,"width":117,"height":126,"childCount":2,"index":2,"depth":20}},{"id":171,"pid":170,"index":0,"idQf":false,"textQf":null,"attr":{"id":"device-enegy-icon-2","name":"android.widget.Image","text":"","desc":null,"clickable":true,"focusable":false,"checkable":false,"checked":false,"longClickable":false,"visibleToUser":true,"left":420,"top":1323,"right":537,"bottom":1443,"width":117,"height":120,"childCount":0,"index":0,"depth":21}},{"id":172,"pid":170,"index":1,"idQf":null,"textQf":null,"attr":{"id":null,"name":"android.view.View","text":"","desc":null,"clickable":true,"focusable":false,"checkable":false,"checked":false,"longClickable":false,"visibleToUser":true,"left":477,"top":1446,"right":594,"bottom":1569,"width":117,"height":123,"childCount":0,"index":1,"depth":21}},{"id":173,"pid":168,"index":0,"idQf":null,"textQf":false,"attr":{"id":null,"name":"android.view.View","text":"realme RMX2121(本机)","desc":null,"clickable":true,"focusable":false,"checkable":false,"checked":false,"longClickable":false,"visibleToUser":true,"left":132,"top":1167,"right":495,"bottom":1218,"width":363,"height":51,"childCount":0,"index":0,"depth":21}},{"id":174,"pid":156,"index":0,"idQf":null,"textQf":null,"attr":{"id":null,"name":"android.view.View","text":"","desc":null,"clickable":true,"focusable":false,"checkable":false,"checked":false,"longClickable":false,"visibleToUser":true,"left":495,"top":540,"right":1038,"bottom":1008,"width":543,"height":468,"childCount":2,"index":0,"depth":19}},{"id":175,"pid":174,"index":0,"idQf":null,"textQf":null,"attr":{"id":null,"name":"android.view.View","text":"","desc":null,"clickable":true,"focusable":false,"checkable":false,"checked":false,"longClickable":false,"visibleToUser":true,"left":615,"top":669,"right":918,"bottom":720,"width":303,"height":51,"childCount":1,"index":0,"depth":20}},{"id":176,"pid":174,"index":1,"idQf":null,"textQf":null,"attr":{"id":null,"name":"android.widget.Image","text":"","desc":null,"clickable":true,"focusable":false,"checkable":false,"checked":false,"longClickable":false,"visibleToUser":true,"left":621,"top":759,"right":912,"bottom":1050,"width":291,"height":291,"childCount":0,"index":1,"depth":20}},{"id":177,"pid":175,"index":0,"idQf":null,"textQf":false,"attr":{"id":null,"name":"android.view.View","text":"PC-20230111TOJO","desc":null,"clickable":true,"focusable":false,"checkable":false,"checked":false,"longClickable":false,"visibleToUser":true,"left":615,"top":669,"right":918,"bottom":720,"width":303,"height":51,"childCount":0,"index":0,"depth":21}},{"id":178,"pid":155,"index":0,"idQf":null,"textQf":null,"attr":{"id":null,"name":"android.view.View","text":"","desc":null,"clickable":true,"focusable":false,"checkable":false,"checked":false,"longClickable":false,"visibleToUser":true,"left":42,"top":540,"right":585,"bottom":1008,"width":543,"height":468,"childCount":2,"index":0,"depth":19}},{"id":179,"pid":178,"index":0,"idQf":null,"textQf":null,"attr":{"id":null,"name":"android.view.View","text":"","desc":null,"clickable":true,"focusable":false,"checkable":false,"checked":false,"longClickable":false,"visibleToUser":true,"left":222,"top":669,"right":405,"bottom":720,"width":183,"height":51,"childCount":1,"index":0,"depth":20}},{"id":180,"pid":178,"index":1,"idQf":null,"textQf":null,"attr":{"id":null,"name":"android.widget.Image","text":"","desc":null,"clickable":true,"focusable":false,"checkable":false,"checked":false,"longClickable":false,"visibleToUser":true,"left":168,"top":759,"right":459,"bottom":1050,"width":291,"height":291,"childCount":0,"index":1,"depth":20}},{"id":181,"pid":179,"index":0,"idQf":null,"textQf":false,"attr":{"id":null,"name":"android.view.View","text":"Edge浏览器","desc":null,"clickable":true,"focusable":false,"checkable":false,"checked":false,"longClickable":false,"visibleToUser":true,"left":222,"top":669,"right":405,"bottom":720,"width":183,"height":51,"childCount":0,"index":0,"depth":21}},{"id":182,"pid":150,"index":0,"idQf":null,"textQf":null,"attr":{"id":null,"name":"android.view.View","text":"","desc":null,"clickable":true,"focusable":false,"checkable":false,"checked":false,"longClickable":false,"visibleToUser":true,"left":33,"top":294,"right":474,"bottom":483,"width":441,"height":189,"childCount":2,"index":0,"depth":17}},{"id":183,"pid":150,"index":1,"idQf":null,"textQf":null,"attr":{"id":null,"name":"android.view.View","text":"","desc":null,"clickable":true,"focusable":false,"checkable":false,"checked":false,"longClickable":false,"visibleToUser":true,"left":819,"top":327,"right":1080,"bottom":453,"width":261,"height":126,"childCount":2,"index":1,"depth":17}},{"id":184,"pid":183,"index":0,"idQf":null,"textQf":null,"attr":{"id":null,"name":"android.view.View","text":"","desc":null,"clickable":true,"focusable":false,"checkable":false,"checked":false,"longClickable":false,"visibleToUser":true,"left":852,"top":348,"right":1080,"bottom":384,"width":228,"height":36,"childCount":2,"index":0,"depth":18}},{"id":185,"pid":183,"index":1,"idQf":null,"textQf":null,"attr":{"id":null,"name":"android.view.View","text":"","desc":null,"clickable":true,"focusable":false,"checkable":false,"checked":false,"longClickable":false,"visibleToUser":true,"left":852,"top":393,"right":1080,"bottom":429,"width":228,"height":36,"childCount":3,"index":1,"depth":18}},{"id":186,"pid":185,"index":0,"idQf":null,"textQf":false,"attr":{"id":null,"name":"android.view.View","text":"0","desc":null,"clickable":true,"focusable":false,"checkable":false,"checked":false,"longClickable":false,"visibleToUser":true,"left":852,"top":393,"right":873,"bottom":429,"width":21,"height":36,"childCount":0,"index":0,"depth":19}},{"id":187,"pid":185,"index":1,"idQf":null,"textQf":false,"attr":{"id":null,"name":"android.view.View","text":"/5","desc":null,"clickable":false,"focusable":false,"checkable":false,"checked":false,"longClickable":false,"visibleToUser":true,"left":873,"top":393,"right":903,"bottom":429,"width":30,"height":36,"childCount":0,"index":1,"depth":19}},{"id":188,"pid":185,"index":2,"idQf":null,"textQf":null,"attr":{"id":null,"name":"android.view.View","text":"","desc":null,"clickable":true,"focusable":false,"checkable":false,"checked":false,"longClickable":false,"visibleToUser":true,"left":906,"top":393,"right":1050,"bottom":423,"width":144,"height":30,"childCount":1,"index":2,"depth":19}},{"id":189,"pid":188,"index":0,"idQf":null,"textQf":null,"attr":{"id":null,"name":"android.view.View","text":"","desc":null,"clickable":true,"focusable":false,"checkable":false,"checked":false,"longClickable":false,"visibleToUser":false,"left":906,"top":393,"right":906,"bottom":423,"width":0,"height":30,"childCount":0,"index":0,"depth":20}},{"id":190,"pid":184,"index":0,"idQf":null,"textQf":false,"attr":{"id":null,"name":"android.view.View","text":"今日领取次数","desc":null,"clickable":false,"focusable":false,"checkable":false,"checked":false,"longClickable":false,"visibleToUser":true,"left":852,"top":348,"right":1026,"bottom":384,"width":174,"height":36,"childCount":0,"index":0,"depth":19}},{"id":191,"pid":184,"index":1,"idQf":null,"textQf":null,"attr":{"id":null,"name":"android.widget.Image","text":"","desc":null,"clickable":true,"focusable":false,"checkable":false,"checked":false,"longClickable":false,"visibleToUser":true,"left":1023,"top":345,"right":1059,"bottom":381,"width":36,"height":36,"childCount":0,"index":1,"depth":19}},{"id":192,"pid":182,"index":0,"idQf":false,"textQf":null,"attr":{"id":"lingquimg","name":"android.view.View","text":"","desc":null,"clickable":true,"focusable":false,"checkable":false,"checked":false,"longClickable":false,"visibleToUser":true,"left":33,"top":294,"right":222,"bottom":483,"width":189,"height":189,"childCount":1,"index":0,"depth":18}},{"id":193,"pid":182,"index":1,"idQf":null,"textQf":null,"attr":{"id":null,"name":"android.view.View","text":"","desc":null,"clickable":true,"focusable":false,"checkable":false,"checked":false,"longClickable":false,"visibleToUser":true,"left":189,"top":321,"right":474,"bottom":462,"width":285,"height":141,"childCount":2,"index":1,"depth":18}},{"id":194,"pid":193,"index":0,"idQf":null,"textQf":false,"attr":{"id":null,"name":"android.view.View","text":"已领取","desc":null,"clickable":true,"focusable":false,"checkable":false,"checked":false,"longClickable":false,"visibleToUser":true,"left":237,"top":345,"right":474,"bottom":381,"width":237,"height":36,"childCount":0,"index":0,"depth":19}},{"id":195,"pid":193,"index":1,"idQf":null,"textQf":null,"attr":{"id":null,"name":"android.view.View","text":"","desc":null,"clickable":true,"focusable":false,"checkable":false,"checked":false,"longClickable":false,"visibleToUser":true,"left":189,"top":384,"right":417,"bottom":438,"width":228,"height":54,"childCount":2,"index":1,"depth":19}},{"id":196,"pid":195,"index":0,"idQf":null,"textQf":false,"attr":{"id":null,"name":"android.view.View","text":"333","desc":null,"clickable":true,"focusable":false,"checkable":false,"checked":false,"longClickable":false,"visibleToUser":true,"left":237,"top":381,"right":318,"bottom":438,"width":81,"height":57,"childCount":0,"index":0,"depth":20}},{"id":197,"pid":195,"index":1,"idQf":null,"textQf":false,"attr":{"id":null,"name":"android.view.View","text":"MB","desc":null,"clickable":false,"focusable":false,"checkable":false,"checked":false,"longClickable":false,"visibleToUser":true,"left":327,"top":381,"right":399,"bottom":438,"width":72,"height":57,"childCount":0,"index":1,"depth":20}},{"id":198,"pid":192,"index":0,"idQf":null,"textQf":null,"attr":{"id":null,"name":"android.view.View","text":"","desc":null,"clickable":true,"focusable":false,"checkable":false,"checked":false,"longClickable":false,"visibleToUser":true,"left":63,"top":336,"right":192,"bottom":441,"width":129,"height":105,"childCount":1,"index":0,"depth":19}},{"id":199,"pid":198,"index":0,"idQf":null,"textQf":null,"attr":{"id":null,"name":"android.widget.Image","text":"","desc":null,"clickable":true,"focusable":false,"checkable":false,"checked":false,"longClickable":false,"visibleToUser":true,"left":63,"top":336,"right":192,"bottom":441,"width":129,"height":105,"childCount":0,"index":0,"depth":20}},{"id":200,"pid":149,"index":0,"idQf":null,"textQf":false,"attr":{"id":null,"name":"android.view.View","text":"设备间","desc":null,"clickable":true,"focusable":false,"checkable":false,"checked":false,"longClickable":false,"visibleToUser":true,"left":0,"top":105,"right":1080,"bottom":240,"width":1080,"height":135,"childCount":0,"index":0,"depth":17}},{"id":201,"pid":149,"index":1,"idQf":null,"textQf":null,"attr":{"id":null,"name":"android.view.View","text":"","desc":null,"clickable":true,"focusable":false,"checkable":false,"checked":false,"longClickable":false,"visibleToUser":true,"left":0,"top":105,"right":294,"bottom":240,"width":294,"height":135,"childCount":2,"index":1,"depth":17}},{"id":202,"pid":201,"index":0,"idQf":null,"textQf":null,"attr":{"id":null,"name":"android.widget.Image","text":"","desc":null,"clickable":true,"focusable":false,"checkable":false,"checked":false,"longClickable":false,"visibleToUser":true,"left":48,"top":135,"right":120,"bottom":210,"width":72,"height":75,"childCount":0,"index":0,"depth":18}},{"id":203,"pid":201,"index":1,"idQf":null,"textQf":false,"attr":{"id":null,"name":"android.view.View","text":"更换房间","desc":null,"clickable":false,"focusable":false,"checkable":false,"checked":false,"longClickable":false,"visibleToUser":true,"left":126,"top":147,"right":294,"bottom":198,"width":168,"height":51,"childCount":0,"index":1,"depth":18}}]}