{"id":1701654060135,"appId":"cn.honor.qinxuan","activityId":"cn.honor.qinxuan.splash.SplashActivity","appName":"荣耀亲选","appVersionCode":32310301,"appVersionName":"3.23.10.301","screenHeight":2848,"screenWidth":1312,"isLandscape":false,"gkdVersionCode":14,"gkdVersionName":"1.5.4","device":{"device":"HNPGT","model":"PGT-AN10","manufacturer":"HONOR","brand":"HONOR","sdkInt":33,"release":"13"},"nodes":[{"id":0,"pid":-1,"index":0,"idQf":null,"textQf":null,"attr":{"id":null,"name":"android.widget.FrameLayout","text":null,"desc":null,"clickable":false,"focusable":false,"checkable":false,"checked":false,"longClickable":false,"visibleToUser":true,"left":0,"top":0,"right":1312,"bottom":2848,"width":1312,"height":2848,"childCount":1,"index":0,"depth":0}},{"id":1,"pid":0,"index":0,"idQf":null,"textQf":null,"attr":{"id":null,"name":"android.widget.LinearLayout","text":null,"desc":null,"clickable":false,"focusable":false,"checkable":false,"checked":false,"longClickable":false,"visibleToUser":true,"left":0,"top":0,"right":1312,"bottom":2848,"width":1312,"height":2848,"childCount":1,"index":0,"depth":1}},{"id":2,"pid":1,"index":0,"idQf":null,"textQf":null,"attr":{"id":null,"name":"android.widget.FrameLayout","text":null,"desc":null,"clickable":false,"focusable":false,"checkable":false,"checked":false,"longClickable":false,"visibleToUser":true,"left":0,"top":0,"right":1312,"bottom":2848,"width":1312,"height":2848,"childCount":1,"index":0,"depth":2}},{"id":3,"pid":2,"index":0,"idQf":true,"textQf":null,"attr":{"id":"cn.honor.qinxuan:id/action_bar_root","name":"android.widget.LinearLayout","text":null,"desc":null,"clickable":false,"focusable":false,"checkable":false,"checked":false,"longClickable":false,"visibleToUser":true,"left":0,"top":0,"right":1312,"bottom":2848,"width":1312,"height":2848,"childCount":1,"index":0,"depth":3}},{"id":4,"pid":3,"index":0,"idQf":true,"textQf":null,"attr":{"id":"android:id/content","name":"android.widget.FrameLayout","text":null,"desc":null,"clickable":false,"focusable":false,"checkable":false,"checked":false,"longClickable":false,"visibleToUser":true,"left":0,"top":0,"right":1312,"bottom":2848,"width":1312,"height":2848,"childCount":1,"index":0,"depth":4}},{"id":5,"pid":4,"index":0,"idQf":null,"textQf":null,"attr":{"id":null,"name":"android.widget.FrameLayout","text":null,"desc":null,"clickable":false,"focusable":false,"checkable":false,"checked":false,"longClickable":false,"visibleToUser":true,"left":0,"top":0,"right":1312,"bottom":2848,"width":1312,"height":2848,"childCount":1,"index":0,"depth":5}},{"id":6,"pid":5,"index":0,"idQf":null,"textQf":null,"attr":{"id":null,"name":"android.widget.LinearLayout","text":null,"desc":null,"clickable":false,"focusable":false,"checkable":false,"checked":false,"longClickable":false,"visibleToUser":true,"left":0,"top":0,"right":1312,"bottom":2848,"width":1312,"height":2848,"childCount":2,"index":0,"depth":6}},{"id":7,"pid":6,"index":0,"idQf":null,"textQf":null,"attr":{"id":null,"name":"android.widget.RelativeLayout","text":null,"desc":null,"clickable":false,"focusable":false,"checkable":false,"checked":false,"longClickable":false,"visibleToUser":true,"left":0,"top":0,"right":1312,"bottom":2305,"width":1312,"height":2305,"childCount":2,"index":0,"depth":7}},{"id":8,"pid":6,"index":1,"idQf":true,"textQf":null,"attr":{"id":"cn.honor.qinxuan:id/ll_bottom_logo","name":"android.widget.LinearLayout","text":null,"desc":null,"clickable":false,"focusable":false,"checkable":false,"checked":false,"longClickable":false,"visibleToUser":true,"left":0,"top":2305,"right":1312,"bottom":2848,"width":1312,"height":543,"childCount":1,"index":1,"depth":7}},{"id":9,"pid":8,"index":0,"idQf":true,"textQf":null,"attr":{"id":"cn.honor.qinxuan:id/iv_logo","name":"android.widget.ImageView","text":null,"desc":null,"clickable":false,"focusable":false,"checkable":false,"checked":false,"longClickable":false,"visibleToUser":false,"left":656,"top":2576,"right":656,"bottom":2576,"width":0,"height":0,"childCount":0,"index":0,"depth":8}},{"id":10,"pid":7,"index":0,"idQf":true,"textQf":null,"attr":{"id":"cn.honor.qinxuan:id/iv_splash","name":"android.widget.ImageView","text":null,"desc":null,"clickable":true,"focusable":true,"checkable":false,"checked":false,"longClickable":false,"visibleToUser":true,"left":0,"top":0,"right":1312,"bottom":2305,"width":1312,"height":2305,"childCount":0,"index":0,"depth":8}},{"id":11,"pid":7,"index":1,"idQf":true,"textQf":null,"attr":{"id":"cn.honor.qinxuan:id/ll_skip","name":"android.widget.LinearLayout","text":null,"desc":null,"clickable":true,"focusable":true,"checkable":false,"checked":false,"longClickable":false,"visibleToUser":true,"left":992,"top":0,"right":1312,"bottom":295,"width":320,"height":295,"childCount":1,"index":1,"depth":8}},{"id":12,"pid":11,"index":0,"idQf":true,"textQf":true,"attr":{"id":"cn.honor.qinxuan:id/tv_time","name":"android.widget.TextView","text":"跳过3","desc":null,"clickable":true,"focusable":true,"checkable":false,"checked":false,"longClickable":false,"visibleToUser":true,"left":1045,"top":137,"right":1259,"bottom":242,"width":214,"height":105,"childCount":0,"index":0,"depth":9}}]}