{"id":1701647480706,"appId":"com.youdao.dict","activityId":"com.youdao.dict.activity.MainActivity","appName":"网易有道词典","appVersionCode":9027000,"appVersionName":"9.2.70","screenHeight":2400,"screenWidth":1080,"isLandscape":false,"gkdVersionCode":14,"gkdVersionName":"1.5.4","device":{"device":"RMX2121L1","model":"RMX2121","manufacturer":"realme","brand":"realme","sdkInt":31,"release":"12"},"nodes":[{"id":0,"pid":-1,"index":0,"idQf":null,"textQf":null,"attr":{"id":null,"name":"android.widget.FrameLayout","text":null,"desc":null,"clickable":false,"focusable":false,"checkable":false,"checked":false,"longClickable":false,"visibleToUser":true,"left":50,"top":851,"right":1029,"bottom":1655,"width":979,"height":804,"childCount":1,"index":0,"depth":0}},{"id":1,"pid":0,"index":0,"idQf":null,"textQf":null,"attr":{"id":null,"name":"android.widget.LinearLayout","text":null,"desc":null,"clickable":false,"focusable":false,"checkable":false,"checked":false,"longClickable":false,"visibleToUser":true,"left":98,"top":899,"right":981,"bottom":1607,"width":883,"height":708,"childCount":1,"index":0,"depth":1}},{"id":2,"pid":1,"index":0,"idQf":null,"textQf":null,"attr":{"id":null,"name":"android.widget.FrameLayout","text":null,"desc":null,"clickable":false,"focusable":false,"checkable":false,"checked":false,"longClickable":false,"visibleToUser":true,"left":98,"top":899,"right":981,"bottom":1607,"width":883,"height":708,"childCount":1,"index":0,"depth":2}},{"id":3,"pid":2,"index":0,"idQf":true,"textQf":null,"attr":{"id":"com.youdao.dict:id/action_bar_root","name":"android.widget.FrameLayout","text":null,"desc":null,"clickable":false,"focusable":false,"checkable":false,"checked":false,"longClickable":false,"visibleToUser":true,"left":98,"top":899,"right":981,"bottom":1607,"width":883,"height":708,"childCount":1,"index":0,"depth":3}},{"id":4,"pid":3,"index":0,"idQf":true,"textQf":null,"attr":{"id":"android:id/content","name":"android.widget.FrameLayout","text":null,"desc":null,"clickable":false,"focusable":false,"checkable":false,"checked":false,"longClickable":false,"visibleToUser":true,"left":98,"top":899,"right":981,"bottom":1607,"width":883,"height":708,"childCount":1,"index":0,"depth":4}},{"id":5,"pid":4,"index":0,"idQf":true,"textQf":null,"attr":{"id":"com.youdao.dict:id/parentPanel","name":"androidx.appcompat.widget.LinearLayoutCompat","text":null,"desc":null,"clickable":false,"focusable":false,"checkable":false,"checked":false,"longClickable":false,"visibleToUser":true,"left":98,"top":899,"right":981,"bottom":1607,"width":883,"height":708,"childCount":1,"index":0,"depth":5}},{"id":6,"pid":5,"index":0,"idQf":true,"textQf":null,"attr":{"id":"com.youdao.dict:id/customPanel","name":"android.widget.FrameLayout","text":null,"desc":null,"clickable":false,"focusable":false,"checkable":false,"checked":false,"longClickable":false,"visibleToUser":true,"left":98,"top":899,"right":981,"bottom":1607,"width":883,"height":708,"childCount":1,"index":0,"depth":6}},{"id":7,"pid":6,"index":0,"idQf":true,"textQf":null,"attr":{"id":"com.youdao.dict:id/custom","name":"android.widget.FrameLayout","text":null,"desc":null,"clickable":false,"focusable":false,"checkable":false,"checked":false,"longClickable":false,"visibleToUser":true,"left":98,"top":899,"right":981,"bottom":1607,"width":883,"height":708,"childCount":1,"index":0,"depth":7}},{"id":8,"pid":7,"index":0,"idQf":null,"textQf":null,"attr":{"id":null,"name":"android.widget.LinearLayout","text":null,"desc":null,"clickable":false,"focusable":false,"checkable":false,"checked":false,"longClickable":false,"visibleToUser":true,"left":98,"top":899,"right":981,"bottom":1607,"width":883,"height":708,"childCount":4,"index":0,"depth":8}},{"id":9,"pid":8,"index":0,"idQf":true,"textQf":true,"attr":{"id":"com.youdao.dict:id/tv_hint","name":"android.widget.TextView","text":"如果觉得词典君还不错，就给个好评鼓励一下吧 ~：）","desc":null,"clickable":false,"focusable":false,"checkable":false,"checked":false,"longClickable":false,"visibleToUser":true,"left":98,"top":899,"right":981,"bottom":1151,"width":883,"height":252,"childCount":0,"index":0,"depth":9}},{"id":10,"pid":8,"index":1,"idQf":true,"textQf":true,"attr":{"id":"com.youdao.dict:id/btn_like","name":"android.widget.Button","text":"给好评","desc":null,"clickable":true,"focusable":true,"checkable":false,"checked":false,"longClickable":false,"visibleToUser":true,"left":98,"top":1151,"right":981,"bottom":1295,"width":883,"height":144,"childCount":0,"index":1,"depth":9}},{"id":11,"pid":8,"index":2,"idQf":true,"textQf":true,"attr":{"id":"com.youdao.dict:id/btn_suggest","name":"android.widget.Button","text":"吐个槽","desc":null,"clickable":true,"focusable":true,"checkable":false,"checked":false,"longClickable":false,"visibleToUser":true,"left":98,"top":1295,"right":981,"bottom":1439,"width":883,"height":144,"childCount":0,"index":2,"depth":9}},{"id":12,"pid":8,"index":3,"idQf":true,"textQf":true,"attr":{"id":"com.youdao.dict:id/btn_never","name":"android.widget.Button","text":"不再提醒","desc":null,"clickable":true,"focusable":true,"checkable":false,"checked":false,"longClickable":false,"visibleToUser":true,"left":98,"top":1439,"right":981,"bottom":1583,"width":883,"height":144,"childCount":0,"index":3,"depth":9}}]}