{"id":1701957810327,"appId":"com.zjwh.android_wh_physicalfitness","activityId":"com.zjwh.android_wh_physicalfitness.ui.AdActivity","appName":"运动世界校园","appVersionCode":309,"appVersionName":"5.2.0","screenHeight":2340,"screenWidth":1080,"isLandscape":false,"gkdVersionCode":14,"gkdVersionName":"1.5.4","device":{"device":"HWHLK-H","model":"HLK-AL00","manufacturer":"HUAWEI","brand":"HONOR","sdkInt":29,"release":"10"},"nodes":[{"id":0,"pid":-1,"index":0,"idQf":null,"textQf":null,"attr":{"id":null,"name":"android.widget.FrameLayout","text":null,"desc":null,"clickable":false,"focusable":false,"checkable":false,"checked":false,"longClickable":false,"visibleToUser":true,"left":0,"top":72,"right":1080,"bottom":2340,"width":1080,"height":2268,"childCount":1,"index":0,"depth":0}},{"id":1,"pid":0,"index":0,"idQf":null,"textQf":null,"attr":{"id":null,"name":"android.widget.FrameLayout","text":null,"desc":null,"clickable":false,"focusable":false,"checkable":false,"checked":false,"longClickable":false,"visibleToUser":true,"left":0,"top":72,"right":1080,"bottom":2340,"width":1080,"height":2268,"childCount":1,"index":0,"depth":1}},{"id":2,"pid":1,"index":0,"idQf":true,"textQf":null,"attr":{"id":"android:id/content","name":"android.widget.FrameLayout","text":null,"desc":null,"clickable":false,"focusable":false,"checkable":false,"checked":false,"longClickable":false,"visibleToUser":true,"left":0,"top":72,"right":1080,"bottom":2340,"width":1080,"height":2268,"childCount":1,"index":0,"depth":2}},{"id":3,"pid":2,"index":0,"idQf":null,"textQf":null,"attr":{"id":null,"name":"android.widget.FrameLayout","text":null,"desc":null,"clickable":false,"focusable":false,"checkable":false,"checked":false,"longClickable":false,"visibleToUser":true,"left":0,"top":72,"right":1080,"bottom":2340,"width":1080,"height":2268,"childCount":1,"index":0,"depth":3}},{"id":4,"pid":3,"index":0,"idQf":null,"textQf":null,"attr":{"id":null,"name":"android.widget.FrameLayout","text":null,"desc":null,"clickable":false,"focusable":false,"checkable":false,"checked":false,"longClickable":false,"visibleToUser":true,"left":0,"top":72,"right":1080,"bottom":2340,"width":1080,"height":2268,"childCount":1,"index":0,"depth":4}},{"id":5,"pid":4,"index":0,"idQf":true,"textQf":null,"attr":{"id":"com.zjwh.android_wh_physicalfitness:id/ksad_container","name":"android.widget.FrameLayout","text":null,"desc":null,"clickable":false,"focusable":false,"checkable":false,"checked":false,"longClickable":false,"visibleToUser":true,"left":0,"top":72,"right":1080,"bottom":2340,"width":1080,"height":2268,"childCount":2,"index":0,"depth":5}},{"id":6,"pid":5,"index":0,"idQf":true,"textQf":null,"attr":{"id":"com.zjwh.android_wh_physicalfitness:id/ksad_video_container","name":"android.widget.FrameLayout","text":null,"desc":null,"clickable":true,"focusable":true,"checkable":false,"checked":false,"longClickable":false,"visibleToUser":true,"left":0,"top":72,"right":1080,"bottom":2340,"width":1080,"height":2268,"childCount":1,"index":0,"depth":6}},{"id":7,"pid":5,"index":1,"idQf":true,"textQf":null,"attr":{"id":"com.zjwh.android_wh_physicalfitness:id/ksad_tk_view","name":"android.widget.FrameLayout","text":null,"desc":null,"clickable":false,"focusable":false,"checkable":false,"checked":false,"longClickable":false,"visibleToUser":true,"left":0,"top":72,"right":1080,"bottom":2340,"width":1080,"height":2268,"childCount":1,"index":1,"depth":6}},{"id":8,"pid":7,"index":0,"idQf":null,"textQf":null,"attr":{"id":null,"name":"android.widget.FrameLayout","text":null,"desc":null,"clickable":false,"focusable":false,"checkable":false,"checked":false,"longClickable":false,"visibleToUser":true,"left":0,"top":72,"right":1080,"bottom":2340,"width":1080,"height":2268,"childCount":1,"index":0,"depth":7}},{"id":9,"pid":8,"index":0,"idQf":null,"textQf":null,"attr":{"id":null,"name":"android.view.ViewGroup","text":null,"desc":null,"clickable":false,"focusable":false,"checkable":false,"checked":false,"longClickable":false,"visibleToUser":true,"left":0,"top":72,"right":1080,"bottom":2340,"width":1080,"height":2268,"childCount":1,"index":0,"depth":8}},{"id":10,"pid":9,"index":0,"idQf":null,"textQf":null,"attr":{"id":null,"name":"android.view.ViewGroup","text":null,"desc":null,"clickable":false,"focusable":false,"checkable":false,"checked":false,"longClickable":false,"visibleToUser":true,"left":0,"top":72,"right":1080,"bottom":2340,"width":1080,"height":2268,"childCount":2,"index":0,"depth":9}},{"id":11,"pid":10,"index":0,"idQf":null,"textQf":null,"attr":{"id":null,"name":"android.view.ViewGroup","text":null,"desc":null,"clickable":false,"focusable":false,"checkable":false,"checked":false,"longClickable":false,"visibleToUser":true,"left":108,"top":438,"right":972,"bottom":1974,"width":864,"height":1536,"childCount":1,"index":0,"depth":10}},{"id":12,"pid":10,"index":1,"idQf":null,"textQf":null,"attr":{"id":null,"name":"android.view.ViewGroup","text":null,"desc":null,"clickable":false,"focusable":false,"checkable":false,"checked":false,"longClickable":false,"visibleToUser":true,"left":0,"top":2100,"right":1080,"bottom":2340,"width":1080,"height":240,"childCount":0,"index":1,"depth":10}},{"id":13,"pid":11,"index":0,"idQf":null,"textQf":null,"attr":{"id":null,"name":"android.view.ViewGroup","text":null,"desc":null,"clickable":false,"focusable":false,"checkable":false,"checked":false,"longClickable":false,"visibleToUser":true,"left":108,"top":438,"right":972,"bottom":1974,"width":864,"height":1536,"childCount":1,"index":0,"depth":11}},{"id":14,"pid":13,"index":0,"idQf":null,"textQf":null,"attr":{"id":null,"name":"android.view.ViewGroup","text":null,"desc":null,"clickable":false,"focusable":false,"checkable":false,"checked":false,"longClickable":false,"visibleToUser":true,"left":108,"top":438,"right":972,"bottom":1974,"width":864,"height":1536,"childCount":11,"index":0,"depth":12}},{"id":15,"pid":14,"index":0,"idQf":null,"textQf":null,"attr":{"id":null,"name":"android.view.ViewGroup","text":null,"desc":null,"clickable":false,"focusable":false,"checkable":false,"checked":false,"longClickable":false,"visibleToUser":true,"left":108,"top":438,"right":972,"bottom":1944,"width":864,"height":1506,"childCount":1,"index":0,"depth":13}},{"id":16,"pid":14,"index":1,"idQf":null,"textQf":null,"attr":{"id":null,"name":"android.widget.ImageView","text":null,"desc":null,"clickable":true,"focusable":true,"checkable":false,"checked":false,"longClickable":false,"visibleToUser":true,"left":108,"top":438,"right":972,"bottom":1974,"width":864,"height":1536,"childCount":0,"index":1,"depth":13}},{"id":17,"pid":14,"index":2,"idQf":null,"textQf":null,"attr":{"id":null,"name":"android.view.ViewGroup","text":null,"desc":null,"clickable":false,"focusable":false,"checkable":false,"checked":false,"longClickable":false,"visibleToUser":true,"left":108,"top":438,"right":972,"bottom":1974,"width":864,"height":1536,"childCount":0,"index":2,"depth":13}},{"id":18,"pid":14,"index":3,"idQf":null,"textQf":null,"attr":{"id":null,"name":"android.widget.ImageView","text":null,"desc":null,"clickable":true,"focusable":true,"checkable":false,"checked":false,"longClickable":false,"visibleToUser":true,"left":108,"top":438,"right":972,"bottom":1974,"width":864,"height":1536,"childCount":0,"index":3,"depth":13}},{"id":19,"pid":14,"index":4,"idQf":null,"textQf":null,"attr":{"id":null,"name":"android.widget.FrameLayout","text":null,"desc":null,"clickable":true,"focusable":true,"checkable":false,"checked":false,"longClickable":false,"visibleToUser":true,"left":108,"top":438,"right":972,"bottom":1974,"width":864,"height":1536,"childCount":1,"index":4,"depth":13}},{"id":20,"pid":14,"index":5,"idQf":null,"textQf":null,"attr":{"id":null,"name":"android.view.View","text":null,"desc":null,"clickable":false,"focusable":false,"checkable":false,"checked":false,"longClickable":false,"visibleToUser":true,"left":108,"top":438,"right":972,"bottom":1974,"width":864,"height":1536,"childCount":0,"index":5,"depth":13}},{"id":21,"pid":14,"index":6,"idQf":null,"textQf":null,"attr":{"id":null,"name":"android.view.ViewGroup","text":null,"desc":null,"clickable":false,"focusable":false,"checkable":false,"checked":false,"longClickable":false,"visibleToUser":true,"left":108,"top":515,"right":972,"bottom":1439,"width":864,"height":924,"childCount":1,"index":6,"depth":13}},{"id":22,"pid":14,"index":7,"idQf":null,"textQf":null,"attr":{"id":null,"name":"android.view.ViewGroup","text":null,"desc":null,"clickable":false,"focusable":false,"checkable":false,"checked":false,"longClickable":false,"visibleToUser":true,"left":144,"top":474,"right":276,"bottom":558,"width":132,"height":84,"childCount":1,"index":7,"depth":13}},{"id":23,"pid":14,"index":8,"idQf":null,"textQf":null,"attr":{"id":null,"name":"android.widget.ImageView","text":null,"desc":null,"clickable":true,"focusable":true,"checkable":false,"checked":false,"longClickable":false,"visibleToUser":true,"left":852,"top":474,"right":936,"bottom":558,"width":84,"height":84,"childCount":0,"index":8,"depth":13}},{"id":24,"pid":14,"index":9,"idQf":null,"textQf":null,"attr":{"id":null,"name":"android.widget.ImageView","text":null,"desc":null,"clickable":false,"focusable":false,"checkable":false,"checked":false,"longClickable":false,"visibleToUser":true,"left":108,"top":1341,"right":972,"bottom":1974,"width":864,"height":633,"childCount":0,"index":9,"depth":13}},{"id":25,"pid":14,"index":10,"idQf":null,"textQf":null,"attr":{"id":null,"name":"android.view.ViewGroup","text":null,"desc":null,"clickable":false,"focusable":false,"checkable":false,"checked":false,"longClickable":false,"visibleToUser":true,"left":132,"top":1908,"right":258,"bottom":1956,"width":126,"height":48,"childCount":2,"index":10,"depth":13}},{"id":26,"pid":25,"index":0,"idQf":null,"textQf":null,"attr":{"id":null,"name":"android.widget.ImageView","text":null,"desc":null,"clickable":false,"focusable":false,"checkable":false,"checked":false,"longClickable":false,"visibleToUser":true,"left":141,"top":1914,"right":177,"bottom":1950,"width":36,"height":36,"childCount":0,"index":0,"depth":14}},{"id":27,"pid":25,"index":1,"idQf":null,"textQf":true,"attr":{"id":null,"name":"android.widget.TextView","text":"广告","desc":null,"clickable":false,"focusable":false,"checkable":false,"checked":false,"longClickable":false,"visibleToUser":true,"left":189,"top":1914,"right":249,"bottom":1949,"width":60,"height":35,"childCount":0,"index":1,"depth":14}},{"id":28,"pid":22,"index":0,"idQf":null,"textQf":null,"attr":{"id":null,"name":"android.view.ViewGroup","text":null,"desc":null,"clickable":true,"focusable":true,"checkable":false,"checked":false,"longClickable":false,"visibleToUser":true,"left":144,"top":474,"right":228,"bottom":558,"width":84,"height":84,"childCount":1,"index":0,"depth":14}},{"id":29,"pid":28,"index":0,"idQf":null,"textQf":null,"attr":{"id":null,"name":"android.widget.ImageView","text":null,"desc":null,"clickable":false,"focusable":false,"checkable":false,"checked":false,"longClickable":false,"visibleToUser":true,"left":171,"top":501,"right":201,"bottom":531,"width":30,"height":30,"childCount":0,"index":0,"depth":15}},{"id":30,"pid":21,"index":0,"idQf":null,"textQf":null,"attr":{"id":null,"name":"android.view.ViewGroup","text":null,"desc":null,"clickable":false,"focusable":false,"checkable":false,"checked":false,"longClickable":false,"visibleToUser":true,"left":108,"top":515,"right":972,"bottom":1439,"width":864,"height":924,"childCount":2,"index":0,"depth":14}},{"id":31,"pid":30,"index":0,"idQf":null,"textQf":true,"attr":{"id":null,"name":"android.widget.TextView","text":"滑动屏幕","desc":null,"clickable":false,"focusable":false,"checkable":false,"checked":false,"longClickable":false,"visibleToUser":true,"left":108,"top":1388,"right":972,"bottom":1439,"width":864,"height":51,"childCount":0,"index":0,"depth":15}},{"id":32,"pid":30,"index":1,"idQf":null,"textQf":null,"attr":{"id":null,"name":"android.widget.ImageView","text":null,"desc":null,"clickable":false,"focusable":false,"checkable":false,"checked":false,"longClickable":false,"visibleToUser":true,"left":429,"top":909,"right":651,"bottom":1397,"width":222,"height":488,"childCount":0,"index":1,"depth":15}},{"id":33,"pid":19,"index":0,"idQf":null,"textQf":null,"attr":{"id":null,"name":"android.widget.FrameLayout","text":null,"desc":null,"clickable":false,"focusable":false,"checkable":false,"checked":false,"longClickable":false,"visibleToUser":true,"left":108,"top":438,"right":972,"bottom":1974,"width":864,"height":1536,"childCount":1,"index":0,"depth":14}},{"id":34,"pid":33,"index":0,"idQf":null,"textQf":null,"attr":{"id":null,"name":"android.view.View","text":null,"desc":null,"clickable":false,"focusable":false,"checkable":false,"checked":false,"longClickable":false,"visibleToUser":true,"left":108,"top":438,"right":972,"bottom":1974,"width":864,"height":1536,"childCount":0,"index":0,"depth":15}},{"id":35,"pid":15,"index":0,"idQf":null,"textQf":null,"attr":{"id":null,"name":"android.view.ViewGroup","text":null,"desc":null,"clickable":false,"focusable":false,"checkable":false,"checked":false,"longClickable":false,"visibleToUser":true,"left":108,"top":438,"right":972,"bottom":1944,"width":864,"height":1506,"childCount":3,"index":0,"depth":14}},{"id":36,"pid":35,"index":0,"idQf":null,"textQf":true,"attr":{"id":null,"name":"android.widget.TextView","text":"扭动手机","desc":null,"clickable":false,"focusable":false,"checkable":false,"checked":false,"longClickable":false,"visibleToUser":true,"left":108,"top":1797,"right":972,"bottom":1846,"width":864,"height":49,"childCount":0,"index":0,"depth":15}},{"id":37,"pid":35,"index":1,"idQf":null,"textQf":null,"attr":{"id":null,"name":"android.widget.ImageView","text":null,"desc":null,"clickable":true,"focusable":true,"checkable":false,"checked":false,"longClickable":false,"visibleToUser":true,"left":399,"top":1594,"right":681,"bottom":1876,"width":282,"height":282,"childCount":0,"index":1,"depth":15}},{"id":38,"pid":35,"index":2,"idQf":null,"textQf":true,"attr":{"id":null,"name":"android.widget.TextView","text":"或点击立即查看","desc":null,"clickable":false,"focusable":false,"checkable":false,"checked":false,"longClickable":false,"visibleToUser":true,"left":108,"top":1888,"right":972,"bottom":1929,"width":864,"height":41,"childCount":0,"index":2,"depth":15}},{"id":39,"pid":6,"index":0,"idQf":true,"textQf":null,"attr":{"id":"com.zjwh.android_wh_physicalfitness:id/ksad_video_first_frame_container","name":"android.widget.ImageView","text":null,"desc":null,"clickable":true,"focusable":true,"checkable":false,"checked":false,"longClickable":false,"visibleToUser":true,"left":0,"top":72,"right":1080,"bottom":2340,"width":1080,"height":2268,"childCount":0,"index":0,"depth":7}}]}