{"id":1701789783706,"appId":"com.xunlei.downloadprovider","activityId":"com.xunlei.downloadprovider.frame.MainTabActivity","appName":"迅雷","appVersionCode":14467,"appVersionName":"7.64.0.8467","screenHeight":2340,"screenWidth":1080,"isLandscape":false,"gkdVersionCode":14,"gkdVersionName":"1.5.4","device":{"device":"umi","model":"Mi 10","manufacturer":"Xiaomi","brand":"Xiaomi","sdkInt":33,"release":"13"},"nodes":[{"id":0,"pid":-1,"index":0,"idQf":null,"textQf":null,"attr":{"id":null,"name":"android.widget.FrameLayout","text":null,"desc":null,"clickable":false,"focusable":false,"checkable":false,"checked":false,"longClickable":false,"visibleToUser":true,"left":0,"top":756,"right":1080,"bottom":1724,"width":1080,"height":968,"childCount":1,"index":0,"depth":0}},{"id":1,"pid":0,"index":0,"idQf":null,"textQf":null,"attr":{"id":null,"name":"android.widget.FrameLayout","text":null,"desc":null,"clickable":false,"focusable":false,"checkable":false,"checked":false,"longClickable":false,"visibleToUser":true,"left":0,"top":756,"right":1080,"bottom":1724,"width":1080,"height":968,"childCount":1,"index":0,"depth":1}},{"id":2,"pid":1,"index":0,"idQf":true,"textQf":null,"attr":{"id":"android:id/content","name":"android.widget.FrameLayout","text":null,"desc":null,"clickable":false,"focusable":false,"checkable":false,"checked":false,"longClickable":false,"visibleToUser":true,"left":0,"top":756,"right":1080,"bottom":1724,"width":1080,"height":968,"childCount":1,"index":0,"depth":2}},{"id":3,"pid":2,"index":0,"idQf":true,"textQf":null,"attr":{"id":"com.xunlei.downloadprovider:id/feedback_root_view","name":"android.widget.FrameLayout","text":null,"desc":null,"clickable":true,"focusable":true,"checkable":false,"checked":false,"longClickable":false,"visibleToUser":true,"left":51,"top":756,"right":1029,"bottom":1724,"width":978,"height":968,"childCount":1,"index":0,"depth":3}},{"id":4,"pid":3,"index":0,"idQf":true,"textQf":null,"attr":{"id":"com.xunlei.downloadprovider:id/feedback_white_view","name":"android.widget.FrameLayout","text":null,"desc":null,"clickable":false,"focusable":false,"checkable":false,"checked":false,"longClickable":false,"visibleToUser":true,"left":51,"top":756,"right":1029,"bottom":1191,"width":978,"height":435,"childCount":1,"index":0,"depth":4}},{"id":5,"pid":4,"index":0,"idQf":null,"textQf":null,"attr":{"id":null,"name":"android.widget.LinearLayout","text":null,"desc":null,"clickable":false,"focusable":false,"checkable":false,"checked":false,"longClickable":false,"visibleToUser":true,"left":51,"top":756,"right":1029,"bottom":1191,"width":978,"height":435,"childCount":3,"index":0,"depth":5}},{"id":6,"pid":5,"index":0,"idQf":true,"textQf":null,"attr":{"id":"com.xunlei.downloadprovider:id/feedback_vip_noads_layout","name":"android.widget.RelativeLayout","text":null,"desc":null,"clickable":true,"focusable":true,"checkable":false,"checked":false,"longClickable":false,"visibleToUser":true,"left":51,"top":756,"right":1029,"bottom":901,"width":978,"height":145,"childCount":3,"index":0,"depth":6}},{"id":7,"pid":5,"index":1,"idQf":true,"textQf":null,"attr":{"id":"com.xunlei.downloadprovider:id/feedback_not_interested_layout","name":"android.widget.RelativeLayout","text":null,"desc":null,"clickable":true,"focusable":true,"checkable":false,"checked":false,"longClickable":false,"visibleToUser":true,"left":51,"top":901,"right":1029,"bottom":1046,"width":978,"height":145,"childCount":3,"index":1,"depth":6}},{"id":8,"pid":5,"index":2,"idQf":true,"textQf":null,"attr":{"id":"com.xunlei.downloadprovider:id/feedback_spam_layout","name":"android.widget.RelativeLayout","text":null,"desc":null,"clickable":true,"focusable":true,"checkable":false,"checked":false,"longClickable":false,"visibleToUser":true,"left":51,"top":1046,"right":1029,"bottom":1191,"width":978,"height":145,"childCount":4,"index":2,"depth":6}},{"id":9,"pid":8,"index":0,"idQf":true,"textQf":true,"attr":{"id":"com.xunlei.downloadprovider:id/feedback_spam_text","name":"android.widget.TextView","text":"反馈垃圾内容","desc":null,"clickable":false,"focusable":false,"checkable":false,"checked":false,"longClickable":false,"visibleToUser":true,"left":84,"top":1068,"right":306,"bottom":1118,"width":222,"height":50,"childCount":0,"index":0,"depth":7}},{"id":10,"pid":8,"index":1,"idQf":null,"textQf":true,"attr":{"id":null,"name":"android.widget.TextView","text":"低俗、标题党等","desc":null,"clickable":false,"focusable":false,"checkable":false,"checked":false,"longClickable":false,"visibleToUser":true,"left":84,"top":1122,"right":260,"bottom":1158,"width":176,"height":36,"childCount":0,"index":1,"depth":7}},{"id":11,"pid":8,"index":2,"idQf":null,"textQf":null,"attr":{"id":null,"name":"android.widget.ImageView","text":null,"desc":null,"clickable":false,"focusable":false,"checkable":false,"checked":false,"longClickable":false,"visibleToUser":true,"left":965,"top":1092,"right":1018,"bottom":1145,"width":53,"height":53,"childCount":0,"index":2,"depth":7}},{"id":12,"pid":8,"index":3,"idQf":null,"textQf":null,"attr":{"id":null,"name":"android.view.View","text":null,"desc":null,"clickable":false,"focusable":false,"checkable":false,"checked":false,"longClickable":false,"visibleToUser":true,"left":84,"top":1190,"right":1029,"bottom":1191,"width":945,"height":1,"childCount":0,"index":3,"depth":7}},{"id":13,"pid":7,"index":0,"idQf":true,"textQf":true,"attr":{"id":"com.xunlei.downloadprovider:id/feedback_not_interested_text","name":"android.widget.TextView","text":"不感兴趣","desc":null,"clickable":false,"focusable":false,"checkable":false,"checked":false,"longClickable":false,"visibleToUser":true,"left":84,"top":923,"right":232,"bottom":973,"width":148,"height":50,"childCount":0,"index":0,"depth":7}},{"id":14,"pid":7,"index":1,"idQf":true,"textQf":true,"attr":{"id":"com.xunlei.downloadprovider:id/feedback_not_interested_desc_text","name":"android.widget.TextView","text":"减少此类内容","desc":null,"clickable":false,"focusable":false,"checkable":false,"checked":false,"longClickable":false,"visibleToUser":true,"left":84,"top":977,"right":240,"bottom":1013,"width":156,"height":36,"childCount":0,"index":1,"depth":7}},{"id":15,"pid":7,"index":2,"idQf":null,"textQf":null,"attr":{"id":null,"name":"android.view.View","text":null,"desc":null,"clickable":false,"focusable":false,"checkable":false,"checked":false,"longClickable":false,"visibleToUser":true,"left":84,"top":1045,"right":996,"bottom":1046,"width":912,"height":1,"childCount":0,"index":2,"depth":7}},{"id":16,"pid":6,"index":0,"idQf":null,"textQf":null,"attr":{"id":null,"name":"android.view.ViewGroup","text":null,"desc":null,"clickable":false,"focusable":false,"checkable":false,"checked":false,"longClickable":false,"visibleToUser":true,"left":84,"top":781,"right":364,"bottom":876,"width":280,"height":95,"childCount":3,"index":0,"depth":7}},{"id":17,"pid":6,"index":1,"idQf":true,"textQf":true,"attr":{"id":"com.xunlei.downloadprovider:id/feedback_vip_noads_open","name":"android.widget.TextView","text":"开通会员","desc":null,"clickable":false,"focusable":false,"checkable":false,"checked":false,"longClickable":false,"visibleToUser":true,"left":776,"top":797,"right":996,"bottom":859,"width":220,"height":62,"childCount":0,"index":1,"depth":7}},{"id":18,"pid":6,"index":2,"idQf":null,"textQf":null,"attr":{"id":null,"name":"android.view.View","text":null,"desc":null,"clickable":false,"focusable":false,"checkable":false,"checked":false,"longClickable":false,"visibleToUser":true,"left":84,"top":900,"right":996,"bottom":901,"width":912,"height":1,"childCount":0,"index":2,"depth":7}},{"id":19,"pid":16,"index":0,"idQf":true,"textQf":true,"attr":{"id":"com.xunlei.downloadprovider:id/feedback_vip_noads_text","name":"android.widget.TextView","text":"会员去广告","desc":null,"clickable":false,"focusable":false,"checkable":false,"checked":false,"longClickable":false,"visibleToUser":true,"left":84,"top":781,"right":269,"bottom":831,"width":185,"height":50,"childCount":0,"index":0,"depth":8}},{"id":20,"pid":16,"index":1,"idQf":null,"textQf":null,"attr":{"id":null,"name":"android.widget.ImageView","text":null,"desc":null,"clickable":false,"focusable":false,"checkable":false,"checked":false,"longClickable":false,"visibleToUser":true,"left":278,"top":791,"right":331,"bottom":822,"width":53,"height":31,"childCount":0,"index":1,"depth":8}},{"id":21,"pid":16,"index":2,"idQf":null,"textQf":true,"attr":{"id":null,"name":"android.widget.TextView","text":"开启后，将为您过滤广告","desc":null,"clickable":false,"focusable":false,"checkable":false,"checked":false,"longClickable":false,"visibleToUser":true,"left":84,"top":840,"right":364,"bottom":876,"width":280,"height":36,"childCount":0,"index":2,"depth":8}}]}